ISO-10303-21;
HEADER;
FILE_DESCRIPTION (( 'STEP AP214' ),
    '1' );
FILE_NAME ('Assem2.STEP',
    '2026-08-27T01:35:01',
    ( '' ),
    ( '' ),
    'SwSTEP 2.0',
    'SolidWorks 2025',
    '' );
FILE_SCHEMA (( 'AUTOMOTIVE_DESIGN' ));
ENDSEC;

DATA;
#1 = CARTESIAN_POINT ( 'NONE',  ( 1.000000000000000222, -1.500000000000000444, 0.5000000000000000000 ) ) ;
#2 = ITEM_DEFINED_TRANSFORMATION ( 'NONE', 'NONE', #2002,  #1846 ) ;
#3 = DIRECTION ( 'NONE',  ( 0.000000000000000000, 0.000000000000000000, 1.000000000000000000 ) ) ;
#4 = DIRECTION ( 'NONE',  ( -3.781238829331807400E-16, 2.476382006277290301E-15, 1.000000000000000000 ) ) ;
#5 = ORIENTED_EDGE ( 'NONE', *, *, #1957, .F. ) ;
#6 = DIRECTION ( 'NONE',  ( 1.000000000000000000, 0.000000000000000000, -0.000000000000000000 ) ) ;
#7 = DIRECTION ( 'NONE',  ( -0.000000000000000000, -0.000000000000000000, -1.000000000000000000 ) ) ;
#8 = DIRECTION ( 'NONE',  ( 0.000000000000000000, 0.000000000000000000, 1.000000000000000000 ) ) ;
#9 = EDGE_CURVE ( 'NONE', #4465, #1272, #233, .T. ) ;
#10 = ORIENTED_EDGE ( 'NONE', *, *, #2824, .F. ) ;
#11 = LINE ( 'NONE', #1777, #2053 ) ;
#12 = DIRECTION ( 'NONE',  ( 0.000000000000000000, 0.000000000000000000, 1.000000000000000000 ) ) ;
#13 = ORIENTED_EDGE ( 'NONE', *, *, #3680, .F. ) ;
#14 = ORIENTED_EDGE ( 'NONE', *, *, #2232, .T. ) ;
#15 = EDGE_CURVE ( 'NONE', #1225, #2399, #2317, .T. ) ;
#16 = AXIS2_PLACEMENT_3D ( 'NONE', #24, #1095, #3207 ) ;
#17 = EDGE_CURVE ( 'NONE', #3908, #3923, #2672, .T. ) ;
#18 = EDGE_CURVE ( 'NONE', #2509, #3994, #3026, .T. ) ;
#19 = CYLINDRICAL_SURFACE ( 'NONE', #2472, 0.1249999999999999029 ) ;
#20 =( GEOMETRIC_REPRESENTATION_CONTEXT ( 3 ) GLOBAL_UNCERTAINTY_ASSIGNED_CONTEXT ( ( #2046 ) ) GLOBAL_UNIT_ASSIGNED_CONTEXT ( ( #1200, #1517, #2219 ) ) REPRESENTATION_CONTEXT ( 'NONE', 'WORKASPACE' ) );
#21 = ORIENTED_EDGE ( 'NONE', *, *, #1218, .F. ) ;
#22 =( GEOMETRIC_REPRESENTATION_CONTEXT ( 3 ) GLOBAL_UNCERTAINTY_ASSIGNED_CONTEXT ( ( #1731 ) ) GLOBAL_UNIT_ASSIGNED_CONTEXT ( ( #1607, #2397, #4485 ) ) REPRESENTATION_CONTEXT ( 'NONE', 'WORKASPACE' ) );
#23 = CARTESIAN_POINT ( 'NONE',  ( 2.500000000000000000, 3.061616997868383141E-16, 0.5000000000000000000 ) ) ;
#24 = CARTESIAN_POINT ( 'NONE',  ( 0.000000000000000000, 2.981254661859697406E-16, 0.000000000000000000 ) ) ;
#25 = CONTEXT_DEPENDENT_SHAPE_REPRESENTATION ( #1969, #709 ) ;
#26 = LINE ( 'NONE', #4215, #4331 ) ;
#27 = DIRECTION ( 'NONE',  ( 0.000000000000000000, 0.000000000000000000, 1.000000000000000000 ) ) ;
#28 = FILL_AREA_STYLE ('',( #3031 ) ) ;
#29 = PRESENTATION_LAYER_ASSIGNMENT (  '', '', ( #167 ) ) ;
#30 = CIRCLE ( 'NONE', #2379, 0.5124999999999999556 ) ;
#31 = ORIENTED_EDGE ( 'NONE', *, *, #776, .F. ) ;
#32 = DIRECTION ( 'NONE',  ( 0.000000000000000000, 1.000000000000000000, -0.000000000000000000 ) ) ;
#33 = DIRECTION ( 'NONE',  ( 1.000000000000000000, 0.000000000000000000, 0.000000000000000000 ) ) ;
#34 = AXIS2_PLACEMENT_3D ( 'NONE', #3355, #903, #499 ) ;
#35 = DIRECTION ( 'NONE',  ( -1.000000000000000000, 0.000000000000000000, 0.000000000000000000 ) ) ;
#36 = VERTEX_POINT ( 'NONE', #920 ) ;
#37 = DIRECTION ( 'NONE',  ( 1.000000000000000000, 0.000000000000000000, 0.000000000000000000 ) ) ;
#38 = AXIS2_PLACEMENT_3D ( 'NONE', #2308, #575, #4401 ) ;
#39 = DIRECTION ( 'NONE',  ( 0.000000000000000000, 0.000000000000000000, 1.000000000000000000 ) ) ;
#40 = VERTEX_POINT ( 'NONE', #1982 ) ;
#41 = EDGE_LOOP ( 'NONE', ( #1179, #3160, #136, #2864 ) ) ;
#42 = DIRECTION ( 'NONE',  ( -0.000000000000000000, -0.000000000000000000, -1.000000000000000000 ) ) ;
#43 = VERTEX_POINT ( 'NONE', #563 ) ;
#44 = EDGE_LOOP ( 'NONE', ( #1592, #1084 ) ) ;
#45 = AXIS2_PLACEMENT_3D ( 'NONE', #3605, #2683, #1177 ) ;
#46 = CARTESIAN_POINT ( 'NONE',  ( 0.000000000000000000, 0.000000000000000000, 0.000000000000000000 ) ) ;
#47 = PRODUCT ( 'Cond-top plate', 'Cond-top plate', '', ( #2024 ) ) ;
#48 = ADVANCED_FACE ( 'NONE', ( #4412 ), #207, .F. ) ;
#49 = LINE ( 'NONE', #4142, #3245 ) ;
#50 = CIRCLE ( 'NONE', #4214, 0.1249999999999999029 ) ;
#51 = DIRECTION ( 'NONE',  ( 0.000000000000000000, -0.000000000000000000, 1.000000000000000000 ) ) ;
#52 = SHAPE_REPRESENTATION ( 'melter_plate', ( #1846 ), #1403 ) ;
#53 = CIRCLE ( 'NONE', #3998, 0.5500000000000000444 ) ;
#54 = PLANE ( 'NONE',  #2158 ) ;
#55 =( NAMED_UNIT ( * ) PLANE_ANGLE_UNIT ( ) SI_UNIT ( $, .RADIAN. ) );
#56 = EDGE_LOOP ( 'NONE', ( #2631, #4155, #4042, #634 ) ) ;
#57 = DIRECTION ( 'NONE',  ( -1.000000000000000000, 0.000000000000000000, 0.000000000000000000 ) ) ;
#58 = PLANE ( 'NONE',  #3560 ) ;
#59 = VERTEX_POINT ( 'NONE', #4425 ) ;
#60 = DIRECTION ( 'NONE',  ( -1.000000000000000000, 0.000000000000000000, 0.000000000000000000 ) ) ;
#61 = EDGE_LOOP ( 'NONE', ( #909, #3866, #598, #1884 ) ) ;
#62 = AXIS2_PLACEMENT_3D ( 'NONE', #3103, #1660, #3465 ) ;
#63 = DIRECTION ( 'NONE',  ( 2.714003487537525804E-15, 1.000000000000000000, -4.213137287470324590E-16 ) ) ;
#64 =( NAMED_UNIT ( * ) PLANE_ANGLE_UNIT ( ) SI_UNIT ( $, .RADIAN. ) );
#65 = ORIENTED_EDGE ( 'NONE', *, *, #1011, .T. ) ;
#66 = VERTEX_POINT ( 'NONE', #4330 ) ;
#67 = ADVANCED_FACE ( 'NONE', ( #931 ), #859, .F. ) ;
#68 = CARTESIAN_POINT ( 'NONE',  ( 3.061616997868383141E-16, 0.2500000000000000000, 2.500000000000000000 ) ) ;
#69 = CIRCLE ( 'NONE', #2711, 0.5125000000000000666 ) ;
#70 = LENGTH_MEASURE_WITH_UNIT ( LENGTH_MEASURE( 0.02539999999999999897 ), #1464 );
#71 = PRESENTATION_LAYER_ASSIGNMENT (  '', '', ( #2782 ) ) ;
#72 = EDGE_CURVE ( 'NONE', #535, #3099, #503, .T. ) ;
#73 = DIRECTION ( 'NONE',  ( -1.000000000000000000, 0.000000000000000000, 0.000000000000000000 ) ) ;
#74 = FACE_BOUND ( 'NONE', #3615, .T. ) ;
#75 = AXIS2_PLACEMENT_3D ( 'NONE', #1619, #1185, #3979 ) ;
#76 = EDGE_CURVE ( 'NONE', #2618, #999, #1895, .T. ) ;
#77 = EDGE_CURVE ( 'NONE', #2509, #1169, #50, .T. ) ;
#78 = ORIENTED_EDGE ( 'NONE', *, *, #2405, .T. ) ;
#79 = DIRECTION ( 'NONE',  ( 0.3282168485335449915, -9.819943024692397963E-17, 0.9446024033098308070 ) ) ;
#80 = ORIENTED_EDGE ( 'NONE', *, *, #965, .F. ) ;
#81 = DIRECTION ( 'NONE',  ( 0.000000000000000000, 1.000000000000000000, 0.000000000000000000 ) ) ;
#82 = CARTESIAN_POINT ( 'NONE',  ( 1.500000000000000222, -1.500000000000000222, 2.000000000000000000 ) ) ;
#83 = ORIENTED_EDGE ( 'NONE', *, *, #412, .T. ) ;
#84 = CARTESIAN_POINT ( 'NONE',  ( 2.125000000000000000, 5.583629110047823249E-16, 0.000000000000000000 ) ) ;
#85 = EDGE_CURVE ( 'NONE', #4370, #3269, #885, .T. ) ;
#86 = FACE_BOUND ( 'NONE', #720, .T. ) ;
#87 = CARTESIAN_POINT ( 'NONE',  ( 1.000000000000000222, 1.500000000000000444, 2.000000000000000000 ) ) ;
#88 = DIMENSIONAL_EXPONENTS ( 1.000000000000000000, 0.000000000000000000, 0.000000000000000000, 0.000000000000000000, 0.000000000000000000, 0.000000000000000000, 0.000000000000000000 ) ;
#89 = AXIS2_PLACEMENT_3D ( 'NONE', #346, #3801, #1744 ) ;
#90 = EDGE_LOOP ( 'NONE', ( #1600, #2098 ) ) ;
#91 = ORIENTED_EDGE ( 'NONE', *, *, #3127, .F. ) ;
#92 = DIRECTION ( 'NONE',  ( 0.000000000000000000, 0.000000000000000000, 1.000000000000000000 ) ) ;
#93 = CYLINDRICAL_SURFACE ( 'NONE', #3757, 0.3750000000000000555 ) ;
#94 = CARTESIAN_POINT ( 'NONE',  ( -1.500000000000000222, 1.499999999999999778, 2.000000000000000000 ) ) ;
#95 = CARTESIAN_POINT ( 'NONE',  ( 1.000000000000000222, -1.500000000000000444, 2.000000000000000000 ) ) ;
#96 = EDGE_LOOP ( 'NONE', ( #10, #4136, #3687, #1562 ) ) ;
#97 = CARTESIAN_POINT ( 'NONE',  ( 0.000000000000000000, 0.000000000000000000, 0.000000000000000000 ) ) ;
#98 = VERTEX_POINT ( 'NONE', #3307 ) ;
#99 = CYLINDRICAL_SURFACE ( 'NONE', #949, 2.500000000000000000 ) ;
#100 = ADVANCED_FACE ( 'NONE', ( #3379 ), #3722, .T. ) ;
#101 = FILL_AREA_STYLE ('',( #2128 ) ) ;
#102 = ORIENTED_EDGE ( 'NONE', *, *, #2609, .F. ) ;
#103 = CYLINDRICAL_SURFACE ( 'NONE', #869, 0.1299999999999999767 ) ;
#104 = AXIS2_PLACEMENT_3D ( 'NONE', #1823, #3225, #39 ) ;
#105 = AXIS2_PLACEMENT_3D ( 'NONE', #3781, #4461, #3415 ) ;
#106 = EDGE_CURVE ( 'NONE', #2977, #4295, #4352, .T. ) ;
#107 = CARTESIAN_POINT ( 'NONE',  ( 0.000000000000000000, 8.699999999999999289, 0.000000000000000000 ) ) ;
#108 = EDGE_CURVE ( 'NONE', #604, #712, #145, .T. ) ;
#109 = AXIS2_PLACEMENT_3D ( 'NONE', #4483, #4, #2763 ) ;
#110 = AXIS2_PLACEMENT_3D ( 'NONE', #3978, #202, #1140 ) ;
#111 = DIRECTION ( 'NONE',  ( -1.000000000000000000, 0.000000000000000000, 0.000000000000000000 ) ) ;
#112 = ORIENTED_EDGE ( 'NONE', *, *, #1931, .T. ) ;
#113 = VERTEX_POINT ( 'NONE', #2993 ) ;
#114 = CARTESIAN_POINT ( 'NONE',  ( 0.000000000000000000, 0.000000000000000000, 0.5000000000000000000 ) ) ;
#115 = CARTESIAN_POINT ( 'NONE',  ( 0.3799999999999999489, 3.446620445535691581E-16, 4.500000000000000000 ) ) ;
#116 = CLOSED_SHELL ( 'NONE', ( #2123, #100, #2516, #4074, #2259, #2738 ) ) ;
#117 = ORIENTED_EDGE ( 'NONE', *, *, #496, .F. ) ;
#118 = APPLICATION_PROTOCOL_DEFINITION ( 'draft international standard', 'automotive_design', 1998, #2842 ) ;
#119 = ORIENTED_EDGE ( 'NONE', *, *, #424, .F. ) ;
#120 = LENGTH_MEASURE_WITH_UNIT ( LENGTH_MEASURE( 0.02539999999999999897 ), #4260 );
#121 = DIRECTION ( 'NONE',  ( 0.000000000000000000, 0.000000000000000000, 1.000000000000000000 ) ) ;
#122 = EDGE_LOOP ( 'NONE', ( #4220, #2129 ) ) ;
#123 = CARTESIAN_POINT ( 'NONE',  ( 2.696998797522893732, -0.5979102385652538265, 0.5000000000000000000 ) ) ;
#124 = LINE ( 'NONE', #3969, #4274 ) ;
#125 = EDGE_CURVE ( 'NONE', #3297, #43, #2946, .T. ) ;
#126 = EDGE_CURVE ( 'NONE', #403, #1911, #1247, .T. ) ;
#127 = CARTESIAN_POINT ( 'NONE',  ( 0.000000000000000000, 0.000000000000000000, 0.5000000000000000000 ) ) ;
#128 = ORIENTED_EDGE ( 'NONE', *, *, #4460, .F. ) ;
#129 = ORIENTED_EDGE ( 'NONE', *, *, #2116, .T. ) ;
#130 = DIRECTION ( 'NONE',  ( -0.000000000000000000, -0.000000000000000000, -1.000000000000000000 ) ) ;
#131 = AXIS2_PLACEMENT_3D ( 'NONE', #3494, #1646, #342 ) ;
#132 = FACE_BOUND ( 'NONE', #3921, .T. ) ;
#133 = DIRECTION ( 'NONE',  ( 1.000000000000000000, 0.000000000000000000, -0.000000000000000000 ) ) ;
#134 = CIRCLE ( 'NONE', #1089, 0.1249999999999999029 ) ;
#135 = ORIENTED_EDGE ( 'NONE', *, *, #916, .F. ) ;
#136 = ORIENTED_EDGE ( 'NONE', *, *, #916, .T. ) ;
#137 = CIRCLE ( 'NONE', #4303, 0.1299999999999999767 ) ;
#138 = CYLINDRICAL_SURFACE ( 'NONE', #4430, 0.5124999999999999556 ) ;
#139 = DIRECTION ( 'NONE',  ( -0.000000000000000000, -0.000000000000000000, -1.000000000000000000 ) ) ;
#140 = CIRCLE ( 'NONE', #3075, 2.125000000000000000 ) ;
#141 = CARTESIAN_POINT ( 'NONE',  ( -1.375000000000000222, -1.500000000000000444, 0.5000000000000000000 ) ) ;
#142 = DIRECTION ( 'NONE',  ( 0.000000000000000000, 0.000000000000000000, 1.000000000000000000 ) ) ;
#143 = AXIS2_PLACEMENT_3D ( 'NONE', #1629, #3008, #1262 ) ;
#144 = LINE ( 'NONE', #3991, #1424 ) ;
#145 = LINE ( 'NONE', #171, #1656 ) ;
#146 = EDGE_CURVE ( 'NONE', #1065, #3099, #3200, .T. ) ;
#147 = EDGE_LOOP ( 'NONE', ( #3444, #1350 ) ) ;
#148 = ORIENTED_EDGE ( 'NONE', *, *, #298, .F. ) ;
#149 = EDGE_CURVE ( 'NONE', #1911, #113, #2835, .T. ) ;
#150 = EDGE_CURVE ( 'NONE', #3558, #1389, #1212, .T. ) ;
#151 = PRESENTATION_LAYER_ASSIGNMENT (  '', '', ( #4104 ) ) ;
#152 = CARTESIAN_POINT ( 'NONE',  ( 1.015900093385934122, 0.4999999999999996114, -1.134877526538481840 ) ) ;
#153 = AXIS2_PLACEMENT_3D ( 'NONE', #46, #2510, #4186 ) ;
#154 = ADVANCED_FACE ( 'NONE', ( #2661 ), #595, .F. ) ;
#155 = CARTESIAN_POINT ( 'NONE',  ( 0.5124999999999999556, 3.608886146422715829E-16, 0.000000000000000000 ) ) ;
#156 = AXIS2_PLACEMENT_3D ( 'NONE', #997, #290, #1360 ) ;
#157 = DIRECTION ( 'NONE',  ( 0.000000000000000000, 0.000000000000000000, 1.000000000000000000 ) ) ;
#158 = ORIENTED_EDGE ( 'NONE', *, *, #9, .T. ) ;
#159 = EDGE_LOOP ( 'NONE', ( #953, #80 ) ) ;
#160 = DIRECTION ( 'NONE',  ( -1.000000000000000000, 0.000000000000000000, 0.000000000000000000 ) ) ;
#161 = ADVANCED_BREP_SHAPE_REPRESENTATION ( '', ( #350, #1846 ), #4030 ) ;
#162 = PRESENTATION_STYLE_ASSIGNMENT (( #1191 ) ) ;
#163 = CARTESIAN_POINT ( 'NONE',  ( 2.696998797522893732, -0.5979102385652538265, 0.2500000000000000000 ) ) ;
#164 = ORIENTED_EDGE ( 'NONE', *, *, #2991, .T. ) ;
#165 = DIRECTION ( 'NONE',  ( 1.000000000000000000, 0.000000000000000000, 0.000000000000000000 ) ) ;
#166 = APPLICATION_CONTEXT ( 'automotive_design' ) ;
#167 = STYLED_ITEM ( 'NONE', ( #2115 ), #1901 ) ;
#168 = DIRECTION ( 'NONE',  ( -0.000000000000000000, -0.000000000000000000, -1.000000000000000000 ) ) ;
#169 = FACE_OUTER_BOUND ( 'NONE', #2875, .T. ) ;
#170 = AXIS2_PLACEMENT_3D ( 'NONE', #2226, #3614, #399 ) ;
#171 = CARTESIAN_POINT ( 'NONE',  ( -1.233441488821025667, 1.408656585974193520, -1.456639969244301280 ) ) ;
#172 = DIMENSIONAL_EXPONENTS ( 1.000000000000000000, 0.000000000000000000, 0.000000000000000000, 0.000000000000000000, 0.000000000000000000, 0.000000000000000000, 0.000000000000000000 ) ;
#173 = ORIENTED_EDGE ( 'NONE', *, *, #3344, .T. ) ;
#174 = EDGE_LOOP ( 'NONE', ( #4232, #511 ) ) ;
#175 = DIMENSIONAL_EXPONENTS ( 1.000000000000000000, 0.000000000000000000, 0.000000000000000000, 0.000000000000000000, 0.000000000000000000, 0.000000000000000000, 0.000000000000000000 ) ;
#176 = UNCERTAINTY_MEASURE_WITH_UNIT (LENGTH_MEASURE( 1.000000000000000082E-05 ), #3385, 'distance_accuracy_value', 'NONE');
#177 = DIRECTION ( 'NONE',  ( 0.000000000000000000, 0.000000000000000000, 1.000000000000000000 ) ) ;
#178 = DIRECTION ( 'NONE',  ( 0.000000000000000000, 0.000000000000000000, 1.000000000000000000 ) ) ;
#179 = AXIS2_PLACEMENT_3D ( 'NONE', #3490, #2452, #2567 ) ;
#180 = CARTESIAN_POINT ( 'NONE',  ( 6.306931015608871075E-17, 0.2500000000000000000, 0.5150000000000001243 ) ) ;
#181 = FACE_OUTER_BOUND ( 'NONE', #2304, .T. ) ;
#182 = CIRCLE ( 'NONE', #3916, 2.500000000000000000 ) ;
#183 = ORIENTED_EDGE ( 'NONE', *, *, #3541, .F. ) ;
#184 = ORIENTED_EDGE ( 'NONE', *, *, #1298, .T. ) ;
#185 = APPLICATION_PROTOCOL_DEFINITION ( 'draft international standard', 'automotive_design', 1998, #704 ) ;
#186 = ORIENTED_EDGE ( 'NONE', *, *, #3127, .T. ) ;
#187 = PRESENTATION_STYLE_ASSIGNMENT (( #2190 ) ) ;
#188 = CARTESIAN_POINT ( 'NONE',  ( -0.9999999999999996669, 1.500000000000000222, 0.5000000000000000000 ) ) ;
#189 = DIRECTION ( 'NONE',  ( 0.000000000000000000, 0.000000000000000000, -1.000000000000000000 ) ) ;
#190 = EDGE_LOOP ( 'NONE', ( #3515, #384 ) ) ;
#191 = DIRECTION ( 'NONE',  ( 1.000000000000000000, 0.000000000000000000, 0.000000000000000000 ) ) ;
#192 = LINE ( 'NONE', #1588, #1791 ) ;
#193 = VECTOR ( 'NONE', #2722, 39.37007874015748143 ) ;
#194 = FACE_OUTER_BOUND ( 'NONE', #1273, .T. ) ;
#195 =( NAMED_UNIT ( * ) PLANE_ANGLE_UNIT ( ) SI_UNIT ( $, .RADIAN. ) );
#196 = DIRECTION ( 'NONE',  ( 0.000000000000000000, 0.000000000000000000, 1.000000000000000000 ) ) ;
#197 = VERTEX_POINT ( 'NONE', #3015 ) ;
#198 = ORIENTED_EDGE ( 'NONE', *, *, #3375, .T. ) ;
#199 = DIRECTION ( 'NONE',  ( 0.000000000000000000, 0.000000000000000000, -1.000000000000000000 ) ) ;
#200 = EDGE_CURVE ( 'NONE', #2532, #2980, #2017, .T. ) ;
#201 = DIMENSIONAL_EXPONENTS ( 1.000000000000000000, 0.000000000000000000, 0.000000000000000000, 0.000000000000000000, 0.000000000000000000, 0.000000000000000000, 0.000000000000000000 ) ;
#202 = DIRECTION ( 'NONE',  ( -0.000000000000000000, -0.000000000000000000, -1.000000000000000000 ) ) ;
#203 = DIRECTION ( 'NONE',  ( 1.000000000000000000, 0.000000000000000000, -0.000000000000000000 ) ) ;
#204 = ORIENTED_EDGE ( 'NONE', *, *, #3118, .T. ) ;
#205 = EDGE_LOOP ( 'NONE', ( #4364, #3629 ) ) ;
#206 = DIRECTION ( 'NONE',  ( 1.000000000000000000, 0.000000000000000000, 0.000000000000000000 ) ) ;
#207 = CYLINDRICAL_SURFACE ( 'NONE', #3048, 0.5150000000000001243 ) ;
#208 = CARTESIAN_POINT ( 'NONE',  ( -2.125000000000000000, 2.981254661859697406E-16, 2.500000000000000000 ) ) ;
#209 = EDGE_CURVE ( 'NONE', #4465, #2695, #3977, .T. ) ;
#210 = ADVANCED_FACE ( 'NONE', ( #841, #1973 ), #3357, .F. ) ;
#211 = CARTESIAN_POINT ( 'NONE',  ( 2.696998797522893732, -0.5979102385652538265, 0.5000000000000000000 ) ) ;
#212 = LINE ( 'NONE', #1585, #1214 ) ;
#213 = EDGE_CURVE ( 'NONE', #3309, #2686, #583, .T. ) ;
#214 = DIRECTION ( 'NONE',  ( 0.000000000000000000, 0.000000000000000000, 1.000000000000000000 ) ) ;
#215 = EDGE_LOOP ( 'NONE', ( #3009, #4171, #2730, #1817 ) ) ;
#216 = FACE_BOUND ( 'NONE', #4276, .T. ) ;
#217 = VECTOR ( 'NONE', #1013, 39.37007874015748143 ) ;
#218 = CARTESIAN_POINT ( 'NONE',  ( 2.373657696024160213, -1.167474757054767664, 0.5000000000000000000 ) ) ;
#219 = VECTOR ( 'NONE', #4029, 39.37007874015748143 ) ;
#220 = CIRCLE ( 'NONE', #2347, 2.500000000000000000 ) ;
#221 = EDGE_CURVE ( 'NONE', #2328, #4447, #3183, .T. ) ;
#222 = DIRECTION ( 'NONE',  ( -0.000000000000000000, -0.000000000000000000, -1.000000000000000000 ) ) ;
#223 = CARTESIAN_POINT ( 'NONE',  ( 0.000000000000000000, 0.000000000000000000, 0.000000000000000000 ) ) ;
#224 = PRODUCT_DEFINITION_CONTEXT ( 'detailed design', #3067, 'design' ) ;
#225 = EDGE_LOOP ( 'NONE', ( #2456, #3595, #994, #2958 ) ) ;
#226 = VERTEX_POINT ( 'NONE', #2518 ) ;
#227 = PRODUCT_DEFINITION_SHAPE ( 'NONE', 'NONE',  #4513 ) ;
#228 = CARTESIAN_POINT ( 'NONE',  ( -0.9999999999999996669, 1.500000000000000222, 2.000000000000000000 ) ) ;
#229 = DIRECTION ( 'NONE',  ( 0.000000000000000000, 0.000000000000000000, -1.000000000000000000 ) ) ;
#230 = APPLICATION_CONTEXT ( 'automotive_design' ) ;
#231 = VERTEX_POINT ( 'NONE', #377 ) ;
#232 = APPLICATION_PROTOCOL_DEFINITION ( 'draft international standard', 'automotive_design', 1998, #3587 ) ;
#233 = LINE ( 'NONE', #3689, #4282 ) ;
#234 = VECTOR ( 'NONE', #371, 39.37007874015748143 ) ;
#235 = DIRECTION ( 'NONE',  ( -0.000000000000000000, -1.000000000000000000, -0.000000000000000000 ) ) ;
#236 = CARTESIAN_POINT ( 'NONE',  ( 2.503657696024160106, -1.167474757054767664, 0.5000000000000000000 ) ) ;
#237 = EDGE_LOOP ( 'NONE', ( #21, #1457, #3740, #2242 ) ) ;
#238 = LINE ( 'NONE', #1968, #2571 ) ;
#239 = AXIS2_PLACEMENT_3D ( 'NONE', #4124, #1990, #305 ) ;
#240 = DIRECTION ( 'NONE',  ( -1.000000000000000000, 0.000000000000000000, 0.000000000000000000 ) ) ;
#241 = EDGE_CURVE ( 'NONE', #2839, #1751, #1645, .T. ) ;
#242 = DIRECTION ( 'NONE',  ( 0.000000000000000000, 0.000000000000000000, 1.000000000000000000 ) ) ;
#243 = DIRECTION ( 'NONE',  ( -1.000000000000000000, 0.000000000000000000, 0.000000000000000000 ) ) ;
#244 = ORIENTED_EDGE ( 'NONE', *, *, #2973, .F. ) ;
#245 = EDGE_LOOP ( 'NONE', ( #3661, #3933, #1397, #1787 ) ) ;
#246 = AXIS2_PLACEMENT_3D ( 'NONE', #725, #4245, #1112 ) ;
#247 = AXIS2_PLACEMENT_3D ( 'NONE', #2419, #2721, #1325 ) ;
#248 = DIRECTION ( 'NONE',  ( 0.000000000000000000, 0.000000000000000000, 1.000000000000000000 ) ) ;
#249 = SHAPE_REPRESENTATION_RELATIONSHIP ( 'NONE' , 'NONE' ,  #2244, #1813 ) ;
#250 = AXIS2_PLACEMENT_3D ( 'NONE', #1917, #1515, #3667 ) ;
#251 = DIRECTION ( 'NONE',  ( -1.000000000000000000, 0.000000000000000000, 0.000000000000000000 ) ) ;
#252 =( GEOMETRIC_REPRESENTATION_CONTEXT ( 3 ) GLOBAL_UNCERTAINTY_ASSIGNED_CONTEXT ( ( #4148 ) ) GLOBAL_UNIT_ASSIGNED_CONTEXT ( ( #265, #977, #291 ) ) REPRESENTATION_CONTEXT ( 'NONE', 'WORKASPACE' ) );
#253 = VERTEX_POINT ( 'NONE', #2856 ) ;
#254 = PRODUCT_CONTEXT ( 'NONE', #2341, 'mechanical' ) ;
#255 =( NAMED_UNIT ( * ) SI_UNIT ( $, .STERADIAN. ) SOLID_ANGLE_UNIT ( ) );
#256 = CIRCLE ( 'NONE', #179, 3.000000000000000444 ) ;
#257 = DIRECTION ( 'NONE',  ( 0.000000000000000000, 0.000000000000000000, 1.000000000000000000 ) ) ;
#258 = DIRECTION ( 'NONE',  ( 1.000000000000000000, 0.000000000000000000, 0.000000000000000000 ) ) ;
#259 = VERTEX_POINT ( 'NONE', #1687 ) ;
#260 = CARTESIAN_POINT ( 'NONE',  ( 0.000000000000000000, 0.2500000000000000000, -0.5150000000000001243 ) ) ;
#261 = AXIS2_PLACEMENT_3D ( 'NONE', #3204, #63, #798 ) ;
#262 = PRODUCT ( 'Conduit pipe', 'Conduit pipe', '', ( #3003 ) ) ;
#263 = CARTESIAN_POINT ( 'NONE',  ( 0.000000000000000000, 0.000000000000000000, 4.000000000000000000 ) ) ;
#264 = CARTESIAN_POINT ( 'NONE',  ( 0.8750000000000002220, 1.500000000000000444, 0.5000000000000000000 ) ) ;
#265 =( CONVERSION_BASED_UNIT ( 'INCH', #4240 ) LENGTH_UNIT ( ) NAMED_UNIT ( #4266 ) );
#266 = AXIS2_PLACEMENT_3D ( 'NONE', #2968, #1641, #2684 ) ;
#267 = EDGE_LOOP ( 'NONE', ( #2274, #4207 ) ) ;
#268 = ORIENTED_EDGE ( 'NONE', *, *, #2655, .T. ) ;
#269 = EDGE_CURVE ( 'NONE', #3171, #3672, #1056, .T. ) ;
#270 = AXIS2_PLACEMENT_3D ( 'NONE', #4032, #3715, #3371 ) ;
#271 = EDGE_CURVE ( 'NONE', #535, #1044, #4336, .T. ) ;
#272 = EDGE_CURVE ( 'NONE', #1294, #3483, #1421, .T. ) ;
#273 = CARTESIAN_POINT ( 'NONE',  ( 0.000000000000000000, 2.981254661859697406E-16, 4.500000000000000000 ) ) ;
#274 = VECTOR ( 'NONE', #1842, 39.37007874015748143 ) ;
#275 = DIRECTION ( 'NONE',  ( -3.781238829332528715E-16, 2.476382006277284779E-15, 1.000000000000000000 ) ) ;
#276 = PRODUCT_RELATED_PRODUCT_CATEGORY ( 'part', '', ( #3732 ) ) ;
#277 = ORIENTED_EDGE ( 'NONE', *, *, #3854, .T. ) ;
#278 = CONTEXT_DEPENDENT_SHAPE_REPRESENTATION ( #1105, #4211 ) ;
#279 = AXIS2_PLACEMENT_3D ( 'NONE', #2630, #1606, #4369 ) ;
#280 = CARTESIAN_POINT ( 'NONE',  ( 0.000000000000000000, 0.000000000000000000, -0.5500000000000000444 ) ) ;
#281 = FACE_OUTER_BOUND ( 'NONE', #4025, .T. ) ;
#282 = VERTEX_POINT ( 'NONE', #767 ) ;
#283 = DIRECTION ( 'NONE',  ( 0.000000000000000000, 0.000000000000000000, 1.000000000000000000 ) ) ;
#284 = DIRECTION ( 'NONE',  ( -0.000000000000000000, 0.000000000000000000, 1.000000000000000000 ) ) ;
#285 = VERTEX_POINT ( 'NONE', #2474 ) ;
#286 = DIRECTION ( 'NONE',  ( -1.000000000000000000, 0.000000000000000000, 0.000000000000000000 ) ) ;
#287 = MANIFOLD_SOLID_BREP ( 'Boss-Extrude1', #1904 ) ;
#288 = CARTESIAN_POINT ( 'NONE',  ( -1.625000000000000000, 1.499999999999999778, 0.5000000000000000000 ) ) ;
#289 = AXIS2_PLACEMENT_3D ( 'NONE', #3620, #4325, #1867 ) ;
#290 = DIRECTION ( 'NONE',  ( 0.000000000000000000, -1.000000000000000000, -3.491481338843133355E-15 ) ) ;
#291 =( NAMED_UNIT ( * ) SI_UNIT ( $, .STERADIAN. ) SOLID_ANGLE_UNIT ( ) );
#292 = ORIENTED_EDGE ( 'NONE', *, *, #3589, .T. ) ;
#293 = ORIENTED_EDGE ( 'NONE', *, *, #1385, .F. ) ;
#294 = CIRCLE ( 'NONE', #1754, 2.500000000000000000 ) ;
#295 = CARTESIAN_POINT ( 'NONE',  ( 2.633657696024160000, -1.167474757054767664, 0.2500000000000000000 ) ) ;
#296 = AXIS2_PLACEMENT_3D ( 'NONE', #1797, #3195, #57 ) ;
#297 = EDGE_CURVE ( 'NONE', #799, #1233, #3194, .T. ) ;
#298 = EDGE_CURVE ( 'NONE', #4295, #2977, #490, .T. ) ;
#299 = CYLINDRICAL_SURFACE ( 'NONE', #1308, 0.1299999999999999767 ) ;
#300 = UNCERTAINTY_MEASURE_WITH_UNIT (LENGTH_MEASURE( 1.000000000000000082E-05 ), #3574, 'distance_accuracy_value', 'NONE');
#301 = ADVANCED_FACE ( 'NONE', ( #1398, #2706 ), #3747, .T. ) ;
#302 = PRESENTATION_STYLE_ASSIGNMENT (( #2161 ) ) ;
#303 = DIRECTION ( 'NONE',  ( 1.000000000000000000, 0.000000000000000000, 0.000000000000000000 ) ) ;
#304 = DIRECTION ( 'NONE',  ( -0.000000000000000000, -0.000000000000000000, -1.000000000000000000 ) ) ;
#305 = DIRECTION ( 'NONE',  ( -1.000000000000000000, 0.000000000000000000, 0.000000000000000000 ) ) ;
#306 = ORIENTED_EDGE ( 'NONE', *, *, #1410, .T. ) ;
#307 = CARTESIAN_POINT ( 'NONE',  ( 1.199999999999999956, 4.688496155794079738E-18, 0.5000000000000000000 ) ) ;
#308 = VECTOR ( 'NONE', #3525, 39.37007874015748143 ) ;
#309 = FACE_OUTER_BOUND ( 'NONE', #1952, .T. ) ;
#310 = VERTEX_POINT ( 'NONE', #639 ) ;
#311 = CARTESIAN_POINT ( 'NONE',  ( -2.125000000000000000, 2.981254661859697406E-16, 2.500000000000000000 ) ) ;
#312 = FACE_BOUND ( 'NONE', #2895, .T. ) ;
#313 = CARTESIAN_POINT ( 'NONE',  ( 7.317735428986789081, 14.81091027170453955, 22.76860807109528295 ) ) ;
#314 = ORIENTED_EDGE ( 'NONE', *, *, #76, .F. ) ;
#315 = VERTEX_POINT ( 'NONE', #2037 ) ;
#316 = DIRECTION ( 'NONE',  ( 0.000000000000000000, 0.000000000000000000, 1.000000000000000000 ) ) ;
#317 = COLOUR_RGB ( '',0.7921568627450980005, 0.8196078431372548767, 0.9333333333333333481 ) ;
#318 = AXIS2_PLACEMENT_3D ( 'NONE', #628, #586, #1987 ) ;
#319 = CARTESIAN_POINT ( 'NONE',  ( 0.000000000000000000, 8.699999999999999289, 0.000000000000000000 ) ) ;
#320 = CARTESIAN_POINT ( 'NONE',  ( -2.125000000000000000, 2.981254661859697406E-16, 0.000000000000000000 ) ) ;
#321 = CONTEXT_DEPENDENT_SHAPE_REPRESENTATION ( #3218, #379 ) ;
#322 = CIRCLE ( 'NONE', #3431, 2.500000000000000000 ) ;
#323 = AXIS2_PLACEMENT_3D ( 'NONE', #398, #3870, #73 ) ;
#324 =( NAMED_UNIT ( * ) PLANE_ANGLE_UNIT ( ) SI_UNIT ( $, .RADIAN. ) );
#325 = EDGE_CURVE ( 'NONE', #4380, #1477, #3424, .T. ) ;
#326 = DIRECTION ( 'NONE',  ( 0.000000000000000000, 0.000000000000000000, 1.000000000000000000 ) ) ;
#327 = DIRECTION ( 'NONE',  ( -0.000000000000000000, -0.000000000000000000, -1.000000000000000000 ) ) ;
#328 = ORIENTED_EDGE ( 'NONE', *, *, #2691, .T. ) ;
#329 = CIRCLE ( 'NONE', #1131, 2.500000000000000000 ) ;
#330 = CARTESIAN_POINT ( 'NONE',  ( 0.000000000000000000, 0.000000000000000000, 0.000000000000000000 ) ) ;
#331 = CARTESIAN_POINT ( 'NONE',  ( 0.000000000000000000, 0.000000000000000000, 0.000000000000000000 ) ) ;
#332 = ORIENTED_EDGE ( 'NONE', *, *, #3736, .T. ) ;
#333 = CARTESIAN_POINT ( 'NONE',  ( 0.5303300858899108183, 0.7071067811865481278, 1.749999999999999556 ) ) ;
#334 = FACE_BOUND ( 'NONE', #339, .T. ) ;
#335 = DIRECTION ( 'NONE',  ( 1.000000000000000000, 0.000000000000000000, 0.000000000000000000 ) ) ;
#336 = AXIS2_PLACEMENT_3D ( 'NONE', #4016, #883, #4038 ) ;
#337 = DIRECTION ( 'NONE',  ( -1.000000000000000000, 0.000000000000000000, 0.000000000000000000 ) ) ;
#338 = VERTEX_POINT ( 'NONE', #650 ) ;
#339 = EDGE_LOOP ( 'NONE', ( #2293, #1882 ) ) ;
#340 = PRODUCT ( 'Angle Iron - reusable 2.5', 'Angle Iron - reusable 2.5', '', ( #895 ) ) ;
#341 = CLOSED_SHELL ( 'NONE', ( #1299, #4009, #1152, #2125, #2603, #2576 ) ) ;
#342 = DIRECTION ( 'NONE',  ( -1.000000000000000000, 0.000000000000000000, 0.000000000000000000 ) ) ;
#343 = MANIFOLD_SOLID_BREP ( 'Cut-Extrude2', #3700 ) ;
#344 = DIRECTION ( 'NONE',  ( 0.000000000000000000, 0.000000000000000000, 1.000000000000000000 ) ) ;
#345 = CIRCLE ( 'NONE', #1439, 0.1249999999999999029 ) ;
#346 = CARTESIAN_POINT ( 'NONE',  ( 1.015900093385934122, 0.4999999999999996114, -1.134877526538481840 ) ) ;
#347 = ITEM_DEFINED_TRANSFORMATION ( 'NONE', 'NONE', #3744,  #1846 ) ;
#348 = CARTESIAN_POINT ( 'NONE',  ( 2.826998797522894069, -0.5979102385652538265, 0.2500000000000000000 ) ) ;
#349 = EDGE_CURVE ( 'NONE', #559, #4259, #1256, .T. ) ;
#350 = MANIFOLD_SOLID_BREP ( 'Boss-Extrude1', #116 ) ;
#351 = CARTESIAN_POINT ( 'NONE',  ( 0.000000000000000000, 0.000000000000000000, 0.000000000000000000 ) ) ;
#352 = DIRECTION ( 'NONE',  ( -1.000000000000000000, 0.000000000000000000, 0.000000000000000000 ) ) ;
#353 = SURFACE_STYLE_USAGE ( .BOTH. , #762 ) ;
#354 = VERTEX_POINT ( 'NONE', #568 ) ;
#355 = EDGE_CURVE ( 'NONE', #3297, #259, #3817, .T. ) ;
#356 = DIRECTION ( 'NONE',  ( -1.000000000000000000, 0.000000000000000000, 0.000000000000000000 ) ) ;
#357 = EDGE_CURVE ( 'NONE', #3496, #3395, #2444, .T. ) ;
#358 = EDGE_CURVE ( 'NONE', #2821, #1821, #1319, .T. ) ;
#359 = ORIENTED_EDGE ( 'NONE', *, *, #1353, .F. ) ;
#360 = DIRECTION ( 'NONE',  ( 1.000000000000000000, 0.000000000000000000, 0.000000000000000000 ) ) ;
#361 = CYLINDRICAL_SURFACE ( 'NONE', #4045, 0.1250000000000000278 ) ;
#362 = EDGE_LOOP ( 'NONE', ( #3733, #660, #2638, #1586 ) ) ;
#363 = ORIENTED_EDGE ( 'NONE', *, *, #2883, .F. ) ;
#364 = PRODUCT_DEFINITION ( 'UNKNOWN', '', #2665, #1344 ) ;
#365 = DIRECTION ( 'NONE',  ( -1.000000000000000000, 0.000000000000000000, 0.000000000000000000 ) ) ;
#366 = ORIENTED_EDGE ( 'NONE', *, *, #2930, .T. ) ;
#367 = AXIS2_PLACEMENT_3D ( 'NONE', #1527, #2934, #867 ) ;
#368 = CARTESIAN_POINT ( 'NONE',  ( -0.5124999999999999556, 2.981254661859697406E-16, 4.000000000000000000 ) ) ;
#369 = CIRCLE ( 'NONE', #3286, 3.000000000000000444 ) ;
#370 = AXIS2_PLACEMENT_3D ( 'NONE', #3556, #4241, #2148 ) ;
#371 = DIRECTION ( 'NONE',  ( -0.000000000000000000, -1.000000000000000000, -0.000000000000000000 ) ) ;
#372 = FILL_AREA_STYLE ('',( #3141 ) ) ;
#373 = CARTESIAN_POINT ( 'NONE',  ( -4.370956789862821150E-15, 0.1767766952966373095, 1.749999999999964695 ) ) ;
#374 = PRESENTATION_LAYER_ASSIGNMENT (  '', '', ( #2353 ) ) ;
#375 = CARTESIAN_POINT ( 'NONE',  ( 2.762480618433564850, 0.000000000000000000, 0.5000000000000000000 ) ) ;
#376 = EDGE_LOOP ( 'NONE', ( #2508, #3359, #426, #3767 ) ) ;
#377 = CARTESIAN_POINT ( 'NONE',  ( 2.566998797522893838, -0.5979102385652538265, 0.2500000000000000000 ) ) ;
#378 = FACE_OUTER_BOUND ( 'NONE', #2336, .T. ) ;
#379 = PRODUCT_DEFINITION_SHAPE ( 'NONE', 'NONE',  #4507 ) ;
#380 = EDGE_LOOP ( 'NONE', ( #486, #979 ) ) ;
#381 = DIRECTION ( 'NONE',  ( 0.000000000000000000, 0.000000000000000000, 1.000000000000000000 ) ) ;
#382 = VECTOR ( 'NONE', #393, 39.37007874015748854 ) ;
#383 = DIRECTION ( 'NONE',  ( 0.000000000000000000, 0.000000000000000000, 1.000000000000000000 ) ) ;
#384 = ORIENTED_EDGE ( 'NONE', *, *, #1205, .F. ) ;
#385 = ORIENTED_EDGE ( 'NONE', *, *, #149, .T. ) ;
#386 = EDGE_CURVE ( 'NONE', #1821, #2821, #3882, .T. ) ;
#387 = CARTESIAN_POINT ( 'NONE',  ( 2.500000000000000000, 6.042871659728080054E-16, 3.500000000000000000 ) ) ;
#388 =( NAMED_UNIT ( * ) SI_UNIT ( $, .STERADIAN. ) SOLID_ANGLE_UNIT ( ) );
#389 = DIRECTION ( 'NONE',  ( 1.000000000000000000, 0.000000000000000000, 0.000000000000000000 ) ) ;
#390 = MANIFOLD_SOLID_BREP ( 'Cut-Extrude1', #2692 ) ;
#391 = ORIENTED_EDGE ( 'NONE', *, *, #4390, .T. ) ;
#392 = EDGE_LOOP ( 'NONE', ( #2755, #2542, #4034, #3653 ) ) ;
#393 = DIRECTION ( 'NONE',  ( 0.7071067811865483499, -0.7071067811865465735, 0.000000000000000000 ) ) ;
#394 = CONTEXT_DEPENDENT_SHAPE_REPRESENTATION ( #2280, #3045 ) ;
#395 =( NAMED_UNIT ( * ) SI_UNIT ( $, .STERADIAN. ) SOLID_ANGLE_UNIT ( ) );
#396 = AXIS2_PLACEMENT_3D ( 'NONE', #1031, #2780, #4123 ) ;
#397 = MANIFOLD_SOLID_BREP ( 'Boss-Extrude1', #3266 ) ;
#398 = CARTESIAN_POINT ( 'NONE',  ( 0.000000000000000000, 2.981254661859697406E-16, 2.500000000000000000 ) ) ;
#399 = DIRECTION ( 'NONE',  ( 1.000000000000000000, 0.000000000000000000, 0.000000000000000000 ) ) ;
#400 = SURFACE_STYLE_FILL_AREA ( #28 ) ;
#401 = CIRCLE ( 'NONE', #170, 0.5100000000000000089 ) ;
#402 = AXIS2_PLACEMENT_3D ( 'NONE', #1346, #3392, #2348 ) ;
#403 = VERTEX_POINT ( 'NONE', #1816 ) ;
#404 = CYLINDRICAL_SURFACE ( 'NONE', #296, 0.1249999999999999029 ) ;
#405 = LINE ( 'NONE', #1400, #1071 ) ;
#406 = EDGE_LOOP ( 'NONE', ( #3792, #2750, #1615, #2063 ) ) ;
#407 = CARTESIAN_POINT ( 'NONE',  ( -1.500000000000000222, 1.499999999999999778, 2.000000000000000000 ) ) ;
#408 = MANIFOLD_SOLID_BREP ( 'Boss-Extrude1', #567 ) ;
#409 = AXIS2_PLACEMENT_3D ( 'NONE', #1774, #2728, #951 ) ;
#410 = CARTESIAN_POINT ( 'NONE',  ( 0.000000000000000000, 0.000000000000000000, -0.3799999999999999489 ) ) ;
#411 = EDGE_LOOP ( 'NONE', ( #3122, #3652, #3953, #932 ) ) ;
#412 = EDGE_CURVE ( 'NONE', #40, #744, #4190, .T. ) ;
#413 = APPLICATION_CONTEXT ( 'automotive_design' ) ;
#414 = DIRECTION ( 'NONE',  ( -0.000000000000000000, -0.000000000000000000, -1.000000000000000000 ) ) ;
#415 = EDGE_CURVE ( 'NONE', #3492, #3493, #1099, .T. ) ;
#416 = VERTEX_POINT ( 'NONE', #3919 ) ;
#417 = ORIENTED_EDGE ( 'NONE', *, *, #3350, .F. ) ;
#418 = ADVANCED_FACE ( 'NONE', ( #2640 ), #789, .F. ) ;
#419 = EDGE_CURVE ( 'NONE', #59, #2410, #1954, .T. ) ;
#420 = FACE_BOUND ( 'NONE', #2664, .T. ) ;
#421 = CARTESIAN_POINT ( 'NONE',  ( 1.199999999999999956, 0.000000000000000000, 0.000000000000000000 ) ) ;
#422 = AXIS2_PLACEMENT_3D ( 'NONE', #2080, #4441, #4170 ) ;
#423 = DIRECTION ( 'NONE',  ( 1.000000000000000000, 0.000000000000000000, 0.000000000000000000 ) ) ;
#424 = EDGE_CURVE ( 'NONE', #4343, #3320, #746, .T. ) ;
#425 =( NAMED_UNIT ( * ) SI_UNIT ( $, .STERADIAN. ) SOLID_ANGLE_UNIT ( ) );
#426 = ORIENTED_EDGE ( 'NONE', *, *, #3673, .T. ) ;
#427 = DIRECTION ( 'NONE',  ( 0.7071067811865466846, 0.7071067811865484609, -3.469446951953612956E-17 ) ) ;
#428 = FACE_OUTER_BOUND ( 'NONE', #2483, .T. ) ;
#429 = ORIENTED_EDGE ( 'NONE', *, *, #2786, .T. ) ;
#430 = FACE_OUTER_BOUND ( 'NONE', #1712, .T. ) ;
#431 = CARTESIAN_POINT ( 'NONE',  ( 0.000000000000000000, 0.000000000000000000, 0.000000000000000000 ) ) ;
#432 = DIRECTION ( 'NONE',  ( 0.000000000000000000, 1.000000000000000000, -0.000000000000000000 ) ) ;
#433 =( NAMED_UNIT ( * ) PLANE_ANGLE_UNIT ( ) SI_UNIT ( $, .RADIAN. ) );
#434 = MANIFOLD_SOLID_BREP ( 'Cut-Extrude1', #3074 ) ;
#435 = VERTEX_POINT ( 'NONE', #3571 ) ;
#436 = ORIENTED_EDGE ( 'NONE', *, *, #3156, .F. ) ;
#437 = CARTESIAN_POINT ( 'NONE',  ( 2.696998797522893732, -0.5979102385652538265, 0.2500000000000000000 ) ) ;
#438 = CIRCLE ( 'NONE', #590, 0.5124999999999999556 ) ;
#439 = EDGE_CURVE ( 'NONE', #548, #4156, #601, .T. ) ;
#440 = AXIS2_PLACEMENT_3D ( 'NONE', #584, #987, #2345 ) ;
#441 = DIMENSIONAL_EXPONENTS ( 1.000000000000000000, 0.000000000000000000, 0.000000000000000000, 0.000000000000000000, 0.000000000000000000, 0.000000000000000000, 0.000000000000000000 ) ;
#442 = VECTOR ( 'NONE', #3057, 39.37007874015748143 ) ;
#443 = CARTESIAN_POINT ( 'NONE',  ( 1.000000000000000222, 1.500000000000000444, 0.5000000000000000000 ) ) ;
#444 = DIRECTION ( 'NONE',  ( -1.000000000000000000, 0.000000000000000000, 0.000000000000000000 ) ) ;
#445 = ADVANCED_FACE ( 'NONE', ( #2313 ), #3705, .T. ) ;
#446 = ADVANCED_FACE ( 'NONE', ( #1977 ), #3362, .T. ) ;
#447 = ORIENTED_EDGE ( 'NONE', *, *, #801, .T. ) ;
#448 = EDGE_LOOP ( 'NONE', ( #597, #2287, #641, #1012 ) ) ;
#449 = DIRECTION ( 'NONE',  ( 0.000000000000000000, 1.000000000000000000, -0.000000000000000000 ) ) ;
#450 = DIRECTION ( 'NONE',  ( -0.000000000000000000, 0.000000000000000000, -1.000000000000000000 ) ) ;
#451 = ORIENTED_EDGE ( 'NONE', *, *, #2715, .F. ) ;
#452 = DIRECTION ( 'NONE',  ( -0.000000000000000000, -0.000000000000000000, -1.000000000000000000 ) ) ;
#453 = DIRECTION ( 'NONE',  ( -1.000000000000000000, 7.726832965963590075E-16, 1.387778780781442132E-17 ) ) ;
#454 = CARTESIAN_POINT ( 'NONE',  ( -1.233441488821025667, 0.3786565859741858331, -1.456639969244298394 ) ) ;
#455 =( CONVERSION_BASED_UNIT ( 'INCH', #780 ) LENGTH_UNIT ( ) NAMED_UNIT ( #3335 ) );
#456 = CIRCLE ( 'NONE', #4177, 0.1250000000000000278 ) ;
#457 = EDGE_LOOP ( 'NONE', ( #1763, #524, #1338, #4181 ) ) ;
#458 = VERTEX_POINT ( 'NONE', #2997 ) ;
#459 = DIRECTION ( 'NONE',  ( 0.7071067811865479058, 0.7071067811865471286, -3.469446951953611107E-17 ) ) ;
#460 = MECHANICAL_DESIGN_GEOMETRIC_PRESENTATION_REPRESENTATION (  '', ( #3020 ), #2591 ) ;
#461 = PRODUCT_DEFINITION_FORMATION_WITH_SPECIFIED_SOURCE ( 'ANY', '', #3732, .NOT_KNOWN. ) ;
#462 = DIRECTION ( 'NONE',  ( -0.000000000000000000, -0.000000000000000000, -1.000000000000000000 ) ) ;
#463 = CARTESIAN_POINT ( 'NONE',  ( 0.000000000000000000, 2.981254661859697406E-16, 3.500000000000000000 ) ) ;
#464 = ORIENTED_EDGE ( 'NONE', *, *, #2746, .T. ) ;
#465 = APPLICATION_PROTOCOL_DEFINITION ( 'draft international standard', 'automotive_design', 1998, #2900 ) ;
#466 = ORIENTED_EDGE ( 'NONE', *, *, #3739, .T. ) ;
#467 = CARTESIAN_POINT ( 'NONE',  ( 2.696998797522893732, -0.5979102385652538265, 0.5000000000000000000 ) ) ;
#468 = EDGE_CURVE ( 'NONE', #3583, #4343, #1928, .T. ) ;
#469 =( NAMED_UNIT ( * ) SI_UNIT ( $, .STERADIAN. ) SOLID_ANGLE_UNIT ( ) );
#470 = ORIENTED_EDGE ( 'NONE', *, *, #2878, .F. ) ;
#471 = DIRECTION ( 'NONE',  ( -0.000000000000000000, -0.000000000000000000, -1.000000000000000000 ) ) ;
#472 = CIRCLE ( 'NONE', #318, 0.3750000000000000555 ) ;
#473 = DIRECTION ( 'NONE',  ( -0.000000000000000000, -0.000000000000000000, -1.000000000000000000 ) ) ;
#474 = CIRCLE ( 'NONE', #1487, 0.1250000000000000278 ) ;
#475 = COLOUR_RGB ( '',0.7921568627450980005, 0.8196078431372548767, 0.9333333333333333481 ) ;
#476 = DIRECTION ( 'NONE',  ( -1.000000000000000000, 0.000000000000000000, 0.000000000000000000 ) ) ;
#477 = SHAPE_REPRESENTATION_RELATIONSHIP ( 'NONE' , 'NONE' ,  #3913, #934 ) ;
#478 = AXIS2_PLACEMENT_3D ( 'NONE', #594, #1996, #4152 ) ;
#479 = EDGE_LOOP ( 'NONE', ( #4418, #3019, #2768, #2754 ) ) ;
#480 = ORIENTED_EDGE ( 'NONE', *, *, #2461, .T. ) ;
#481 = CARTESIAN_POINT ( 'NONE',  ( 6.735557395310443749E-17, 0.09999999999999947820, 0.5500000000000000444 ) ) ;
#482 = AXIS2_PLACEMENT_3D ( 'NONE', #127, #1199, #476 ) ;
#483 = CARTESIAN_POINT ( 'NONE',  ( -0.5303300858899108183, 0.7071067811865481278, 1.749999999999964695 ) ) ;
#484 = DIRECTION ( 'NONE',  ( 0.000000000000000000, 0.000000000000000000, 1.000000000000000000 ) ) ;
#485 = CLOSED_SHELL ( 'NONE', ( #4218, #3768, #4400, #2926, #3208, #2523 ) ) ;
#486 = ORIENTED_EDGE ( 'NONE', *, *, #1729, .F. ) ;
#487 = ORIENTED_EDGE ( 'NONE', *, *, #358, .T. ) ;
#488 = APPLICATION_PROTOCOL_DEFINITION ( 'draft international standard', 'automotive_design', 1998, #3067 ) ;
#489 = VERTEX_POINT ( 'NONE', #527 ) ;
#490 = CIRCLE ( 'NONE', #1405, 2.125000000000000000 ) ;
#491 = AXIS2_PLACEMENT_3D ( 'NONE', #3301, #1559, #566 ) ;
#492 = DIRECTION ( 'NONE',  ( 0.000000000000000000, 0.000000000000000000, 1.000000000000000000 ) ) ;
#493 = DIRECTION ( 'NONE',  ( -0.000000000000000000, -0.000000000000000000, -1.000000000000000000 ) ) ;
#494 = EDGE_CURVE ( 'NONE', #604, #3205, #1537, .T. ) ;
#495 = AXIS2_PLACEMENT_3D ( 'NONE', #2213, #516, #2585 ) ;
#496 = EDGE_CURVE ( 'NONE', #1042, #4370, #507, .T. ) ;
#497 = DIRECTION ( 'NONE',  ( 0.000000000000000000, 0.000000000000000000, 1.000000000000000000 ) ) ;
#498 = EDGE_CURVE ( 'NONE', #4259, #559, #940, .T. ) ;
#499 = DIRECTION ( 'NONE',  ( 0.000000000000000000, 0.000000000000000000, 1.000000000000000000 ) ) ;
#500 = EDGE_CURVE ( 'NONE', #3898, #4384, #3640, .T. ) ;
#501 = CARTESIAN_POINT ( 'NONE',  ( 2.632480618433564956, 0.000000000000000000, 0.5000000000000000000 ) ) ;
#502 =( NAMED_UNIT ( * ) SI_UNIT ( $, .STERADIAN. ) SOLID_ANGLE_UNIT ( ) );
#503 = LINE ( 'NONE', #3626, #1069 ) ;
#504 = ORIENTED_EDGE ( 'NONE', *, *, #2254, .F. ) ;
#505 = ORIENTED_EDGE ( 'NONE', *, *, #500, .F. ) ;
#506 = DIRECTION ( 'NONE',  ( -1.000000000000000000, 0.000000000000000000, 0.000000000000000000 ) ) ;
#507 = CIRCLE ( 'NONE', #1087, 2.125000000000000000 ) ;
#508 = CYLINDRICAL_SURFACE ( 'NONE', #2818, 3.000000000000000444 ) ;
#509 = FACE_OUTER_BOUND ( 'NONE', #561, .T. ) ;
#510 = CIRCLE ( 'NONE', #2568, 0.5100000000000000089 ) ;
#511 = ORIENTED_EDGE ( 'NONE', *, *, #200, .F. ) ;
#512 = SHAPE_DEFINITION_REPRESENTATION ( #3774, #4115 ) ;
#513 = ORIENTED_EDGE ( 'NONE', *, *, #271, .T. ) ;
#514 = FACE_OUTER_BOUND ( 'NONE', #1922, .T. ) ;
#515 = AXIS2_PLACEMENT_3D ( 'NONE', #3632, #2271, #3708 ) ;
#516 = DIRECTION ( 'NONE',  ( 0.000000000000000000, 1.000000000000000000, -0.000000000000000000 ) ) ;
#517 = CARTESIAN_POINT ( 'NONE',  ( 2.696998797522893732, -0.5979102385652538265, 0.5000000000000000000 ) ) ;
#518 = CIRCLE ( 'NONE', #2999, 0.1299999999999999767 ) ;
#519 = DIRECTION ( 'NONE',  ( 1.000000000000000000, 0.000000000000000000, 0.000000000000000000 ) ) ;
#520 = CYLINDRICAL_SURFACE ( 'NONE', #4196, 0.5124999999999999556 ) ;
#521 =( GEOMETRIC_REPRESENTATION_CONTEXT ( 3 ) GLOBAL_UNCERTAINTY_ASSIGNED_CONTEXT ( ( #673 ) ) GLOBAL_UNIT_ASSIGNED_CONTEXT ( ( #3504, #4166, #669 ) ) REPRESENTATION_CONTEXT ( 'NONE', 'WORKASPACE' ) );
#522 = DIRECTION ( 'NONE',  ( 0.000000000000000000, 0.000000000000000000, 1.000000000000000000 ) ) ;
#523 = DIRECTION ( 'NONE',  ( -0.000000000000000000, -0.000000000000000000, -1.000000000000000000 ) ) ;
#524 = ORIENTED_EDGE ( 'NONE', *, *, #4101, .T. ) ;
#525 = ORIENTED_EDGE ( 'NONE', *, *, #3242, .T. ) ;
#526 = EDGE_CURVE ( 'NONE', #999, #1467, #4449, .T. ) ;
#527 = CARTESIAN_POINT ( 'NONE',  ( 3.000000000000000444, 3.673940397442060361E-16, 0.5000000000000000000 ) ) ;
#528 = DIRECTION ( 'NONE',  ( 1.000000000000000000, 0.000000000000000000, 0.000000000000000000 ) ) ;
#529 = CIRCLE ( 'NONE', #2144, 0.5100000000000000089 ) ;
#530 = DIMENSIONAL_EXPONENTS ( 1.000000000000000000, 0.000000000000000000, 0.000000000000000000, 0.000000000000000000, 0.000000000000000000, 0.000000000000000000, 0.000000000000000000 ) ;
#531 = DIRECTION ( 'NONE',  ( 0.000000000000000000, 1.000000000000000000, 0.000000000000000000 ) ) ;
#532 = CARTESIAN_POINT ( 'NONE',  ( 2.696998797522893732, -0.5979102385652538265, 0.2500000000000000000 ) ) ;
#533 = ORIENTED_EDGE ( 'NONE', *, *, #3350, .T. ) ;
#534 = PRODUCT_CONTEXT ( 'NONE', #2051, 'mechanical' ) ;
#535 = VERTEX_POINT ( 'NONE', #1366 ) ;
#536 = CARTESIAN_POINT ( 'NONE',  ( 2.500000000000000000, 6.042871659728080054E-16, 2.500000000000000000 ) ) ;
#537 = DIRECTION ( 'NONE',  ( 0.000000000000000000, 0.000000000000000000, 1.000000000000000000 ) ) ;
#538 = ORIENTED_EDGE ( 'NONE', *, *, #18, .F. ) ;
#539 = CARTESIAN_POINT ( 'NONE',  ( 0.000000000000000000, 2.981254661859697406E-16, 4.500000000000000000 ) ) ;
#540 = CIRCLE ( 'NONE', #1481, 0.5100000000000000089 ) ;
#541 = CARTESIAN_POINT ( 'NONE',  ( 2.373657696024160213, -1.167474757054767664, 0.2500000000000000000 ) ) ;
#542 = DIRECTION ( 'NONE',  ( 1.000000000000000000, 0.000000000000000000, 0.000000000000000000 ) ) ;
#543 = AXIS2_PLACEMENT_3D ( 'NONE', #3939, #2205, #3959 ) ;
#544 = DIRECTION ( 'NONE',  ( 0.000000000000000000, 1.000000000000000000, 0.000000000000000000 ) ) ;
#545 = AXIS2_PLACEMENT_3D ( 'NONE', #1030, #2512, #2163 ) ;
#546 = EDGE_CURVE ( 'NONE', #1980, #2201, #3279, .T. ) ;
#547 = ORIENTED_EDGE ( 'NONE', *, *, #4467, .T. ) ;
#548 = VERTEX_POINT ( 'NONE', #295 ) ;
#549 = UNCERTAINTY_MEASURE_WITH_UNIT (LENGTH_MEASURE( 1.000000000000000082E-05 ), #3549, 'distance_accuracy_value', 'NONE');
#550 = LENGTH_MEASURE_WITH_UNIT ( LENGTH_MEASURE( 0.02539999999999999897 ), #2972 );
#551 = ADVANCED_FACE ( 'NONE', ( #1741, #2710 ), #1183, .F. ) ;
#552 = CIRCLE ( 'NONE', #2019, 0.3799999999999999489 ) ;
#553 = EDGE_CURVE ( 'NONE', #2078, #4403, #4116, .T. ) ;
#554 = ADVANCED_FACE ( 'NONE', ( #4139 ), #663, .F. ) ;
#555 = FACE_OUTER_BOUND ( 'NONE', #3843, .T. ) ;
#556 = PLANE ( 'NONE',  #3538 ) ;
#557 = APPLICATION_CONTEXT ( 'automotive_design' ) ;
#558 = AXIS2_PLACEMENT_3D ( 'NONE', #2614, #3647, #4065 ) ;
#559 = VERTEX_POINT ( 'NONE', #4429 ) ;
#560 = ADVANCED_BREP_SHAPE_REPRESENTATION ( '', ( #1901, #1846 ), #1475 ) ;
#561 = EDGE_LOOP ( 'NONE', ( #1137, #1967 ) ) ;
#562 = PRODUCT_CONTEXT ( 'NONE', #1335, 'mechanical' ) ;
#563 = CARTESIAN_POINT ( 'NONE',  ( 2.015000000000000124, 6.306931015608868610E-17, 0.000000000000000000 ) ) ;
#564 = PRODUCT_RELATED_PRODUCT_CATEGORY ( 'part', '', ( #4497 ) ) ;
#565 = DIRECTION ( 'NONE',  ( -1.000000000000000000, 0.000000000000000000, 0.000000000000000000 ) ) ;
#566 = DIRECTION ( 'NONE',  ( 1.000000000000000000, 0.000000000000000000, 0.000000000000000000 ) ) ;
#567 = CLOSED_SHELL ( 'NONE', ( #756, #3513, #301, #551, #4458, #747 ) ) ;
#568 = CARTESIAN_POINT ( 'NONE',  ( 1.125000000000000222, 1.500000000000000444, 2.000000000000000000 ) ) ;
#569 = DIMENSIONAL_EXPONENTS ( 1.000000000000000000, 0.000000000000000000, 0.000000000000000000, 0.000000000000000000, 0.000000000000000000, 0.000000000000000000, 0.000000000000000000 ) ;
#570 = ORIENTED_EDGE ( 'NONE', *, *, #3879, .F. ) ;
#571 = DIRECTION ( 'NONE',  ( 1.000000000000000000, 0.000000000000000000, 0.000000000000000000 ) ) ;
#572 = CARTESIAN_POINT ( 'NONE',  ( -1.500000000000000222, 0.5150000000000003464, 0.5000000000000000000 ) ) ;
#573 = AXIS2_PLACEMENT_3D ( 'NONE', #331, #1331, #3834 ) ;
#574 = CARTESIAN_POINT ( 'NONE',  ( 0.000000000000000000, 0.09999999999999947820, 0.000000000000000000 ) ) ;
#575 = DIRECTION ( 'NONE',  ( 0.000000000000000000, 0.000000000000000000, 1.000000000000000000 ) ) ;
#576 = ORIENTED_EDGE ( 'NONE', *, *, #2040, .F. ) ;
#577 = VERTEX_POINT ( 'NONE', #3064 ) ;
#578 = CARTESIAN_POINT ( 'NONE',  ( 0.7071067811865492381, 0.7071067811865481278, 1.749999999999964695 ) ) ;
#579 = FACE_OUTER_BOUND ( 'NONE', #851, .T. ) ;
#580 = EDGE_CURVE ( 'NONE', #2817, #1287, #4440, .T. ) ;
#581 = ORIENTED_EDGE ( 'NONE', *, *, #209, .T. ) ;
#582 = CONTEXT_DEPENDENT_SHAPE_REPRESENTATION ( #2758, #2796 ) ;
#583 = LINE ( 'NONE', #4111, #2387 ) ;
#584 = CARTESIAN_POINT ( 'NONE',  ( 0.000000000000000000, 0.000000000000000000, 0.000000000000000000 ) ) ;
#585 = EDGE_CURVE ( 'NONE', #4392, #2248, #4085, .T. ) ;
#586 = DIRECTION ( 'NONE',  ( -0.000000000000000000, 0.000000000000000000, 1.000000000000000000 ) ) ;
#587 = FACE_OUTER_BOUND ( 'NONE', #3366, .T. ) ;
#588 = ORIENTED_EDGE ( 'NONE', *, *, #2254, .T. ) ;
#589 = FACE_OUTER_BOUND ( 'NONE', #1520, .T. ) ;
#590 = AXIS2_PLACEMENT_3D ( 'NONE', #3139, #3753, #389 ) ;
#591 = CARTESIAN_POINT ( 'NONE',  ( 1.000000000000000222, 1.500000000000000444, 0.5000000000000000000 ) ) ;
#592 = STYLED_ITEM ( 'NONE', ( #2048 ), #1886 ) ;
#593 = AXIS2_PLACEMENT_3D ( 'NONE', #2496, #427, #2426 ) ;
#594 = CARTESIAN_POINT ( 'NONE',  ( 0.000000000000000000, 8.699999999999999289, 0.000000000000000000 ) ) ;
#595 = CYLINDRICAL_SURFACE ( 'NONE', #3765, 0.1299999999999999767 ) ;
#596 = PRODUCT_DEFINITION_CONTEXT ( 'detailed design', #4235, 'design' ) ;
#597 = ORIENTED_EDGE ( 'NONE', *, *, #4182, .T. ) ;
#598 = ORIENTED_EDGE ( 'NONE', *, *, #973, .T. ) ;
#599 = PRESENTATION_LAYER_ASSIGNMENT (  '', '', ( #1532 ) ) ;
#600 = PRODUCT ( 'Conduit pipe- cond top', 'Conduit pipe- cond top', '', ( #808 ) ) ;
#601 = CIRCLE ( 'NONE', #2358, 0.1299999999999999767 ) ;
#602 = CARTESIAN_POINT ( 'NONE',  ( -0.8749999999999997780, -1.500000000000000222, 2.000000000000000000 ) ) ;
#603 = AXIS2_PLACEMENT_3D ( 'NONE', #2848, #3477, #3548 ) ;
#604 = VERTEX_POINT ( 'NONE', #983 ) ;
#605 =( NAMED_UNIT ( * ) PLANE_ANGLE_UNIT ( ) SI_UNIT ( $, .RADIAN. ) );
#606 = DIRECTION ( 'NONE',  ( 0.000000000000000000, 0.000000000000000000, 1.000000000000000000 ) ) ;
#607 = DIRECTION ( 'NONE',  ( -0.000000000000000000, -0.000000000000000000, -1.000000000000000000 ) ) ;
#608 = VERTEX_POINT ( 'NONE', #3445 ) ;
#609 = EDGE_CURVE ( 'NONE', #1018, #2648, #2120, .T. ) ;
#610 = CARTESIAN_POINT ( 'NONE',  ( 0.000000000000000000, 0.000000000000000000, 0.5000000000000000000 ) ) ;
#611 = ADVANCED_FACE ( 'NONE', ( #710 ), #3775, .F. ) ;
#612 = STYLED_ITEM ( 'NONE', ( #2679 ), #350 ) ;
#613 = DIRECTION ( 'NONE',  ( 0.000000000000000000, 1.000000000000000000, 0.000000000000000000 ) ) ;
#614 = PRODUCT_DEFINITION_FORMATION_WITH_SPECIFIED_SOURCE ( 'ANY', '', #2511, .NOT_KNOWN. ) ;
#615 = CARTESIAN_POINT ( 'NONE',  ( 0.6875000000000000000, 4.688496155794079738E-18, 0.5000000000000000000 ) ) ;
#616 = CARTESIAN_POINT ( 'NONE',  ( 0.000000000000000000, 2.981254661859697406E-16, 4.000000000000000000 ) ) ;
#617 = ORIENTED_EDGE ( 'NONE', *, *, #553, .T. ) ;
#618 = ORIENTED_EDGE ( 'NONE', *, *, #4015, .T. ) ;
#619 = VECTOR ( 'NONE', #1769, 39.37007874015748143 ) ;
#620 = CARTESIAN_POINT ( 'NONE',  ( -3.496765431890256920E-14, 0.000000000000000000, 1.749999999999986455 ) ) ;
#621 = CIRCLE ( 'NONE', #3177, 0.5150000000000038991 ) ;
#622 = DIRECTION ( 'NONE',  ( 0.000000000000000000, 1.000000000000000000, 0.000000000000000000 ) ) ;
#623 = UNCERTAINTY_MEASURE_WITH_UNIT (LENGTH_MEASURE( 1.000000000000000082E-05 ), #976, 'distance_accuracy_value', 'NONE');
#624 = AXIS2_PLACEMENT_3D ( 'NONE', #4040, #3972, #906 ) ;
#625 = ORIENTED_EDGE ( 'NONE', *, *, #783, .T. ) ;
#626 = APPLICATION_PROTOCOL_DEFINITION ( 'draft international standard', 'automotive_design', 1998, #1250 ) ;
#627 =( CONVERSION_BASED_UNIT ( 'INCH', #2298 ) LENGTH_UNIT ( ) NAMED_UNIT ( #796 ) );
#628 = CARTESIAN_POINT ( 'NONE',  ( 0.000000000000000000, 0.000000000000000000, 0.000000000000000000 ) ) ;
#629 = FACE_BOUND ( 'NONE', #3980, .T. ) ;
#630 = LENGTH_MEASURE_WITH_UNIT ( LENGTH_MEASURE( 0.02539999999999999897 ), #3762 );
#631 = EDGE_LOOP ( 'NONE', ( #3258, #1665, #1167, #1469 ) ) ;
#632 = CARTESIAN_POINT ( 'NONE',  ( 1.625000000000000000, 1.500000000000000222, 2.000000000000000000 ) ) ;
#633 = CARTESIAN_POINT ( 'NONE',  ( 0.000000000000000000, 0.09999999999999947820, 0.000000000000000000 ) ) ;
#634 = ORIENTED_EDGE ( 'NONE', *, *, #973, .F. ) ;
#635 = EDGE_CURVE ( 'NONE', #4259, #36, #1690, .T. ) ;
#636 = DIRECTION ( 'NONE',  ( 1.000000000000000000, 0.000000000000000000, 0.000000000000000000 ) ) ;
#637 = CARTESIAN_POINT ( 'NONE',  ( 7.317735428987004020, 18.31091027170453955, 22.76860807109548546 ) ) ;
#638 = ADVANCED_FACE ( 'NONE', ( #3111 ), #4476, .F. ) ;
#639 = CARTESIAN_POINT ( 'NONE',  ( 3.496765431890256920E-14, 0.1767766952966373095, 2.185478394931410575E-15 ) ) ;
#640 = VECTOR ( 'NONE', #1613, 39.37007874015748143 ) ;
#641 = ORIENTED_EDGE ( 'NONE', *, *, #3398, .T. ) ;
#642 = EDGE_LOOP ( 'NONE', ( #3562, #4203 ) ) ;
#643 = AXIS2_PLACEMENT_3D ( 'NONE', #2058, #1290, #3036 ) ;
#644 = EDGE_CURVE ( 'NONE', #1494, #2486, #2919, .T. ) ;
#645 = DIRECTION ( 'NONE',  ( -0.000000000000000000, -0.000000000000000000, -1.000000000000000000 ) ) ;
#646 = APPLICATION_CONTEXT ( 'automotive_design' ) ;
#647 = CARTESIAN_POINT ( 'NONE',  ( 2.500000000000000000, 6.042871659728080054E-16, 3.500000000000000000 ) ) ;
#648 = CARTESIAN_POINT ( 'NONE',  ( 1.500000000000000222, 0.000000000000000000, 0.5000000000000000000 ) ) ;
#649 = DIRECTION ( 'NONE',  ( -0.000000000000000000, -0.000000000000000000, -1.000000000000000000 ) ) ;
#650 = CARTESIAN_POINT ( 'NONE',  ( 4.653657836759941744E-17, 0.000000000000000000, 0.3799999999999999489 ) ) ;
#651 = ORIENTED_EDGE ( 'NONE', *, *, #3398, .F. ) ;
#652 = DIRECTION ( 'NONE',  ( 0.000000000000000000, 0.000000000000000000, 1.000000000000000000 ) ) ;
#653 = FACE_OUTER_BOUND ( 'NONE', #1861, .T. ) ;
#654 = ORIENTED_EDGE ( 'NONE', *, *, #3238, .T. ) ;
#655 = DIRECTION ( 'NONE',  ( 1.000000000000000000, 0.000000000000000000, 0.000000000000000000 ) ) ;
#656 = DIRECTION ( 'NONE',  ( 0.000000000000000000, -1.000000000000000000, 2.121823684399410571E-15 ) ) ;
#657 = AXIS2_PLACEMENT_3D ( 'NONE', #1130, #4244, #1822 ) ;
#658 = DIRECTION ( 'NONE',  ( 1.000000000000000000, 0.000000000000000000, -1.047444401652940007E-14 ) ) ;
#659 = VERTEX_POINT ( 'NONE', #4158 ) ;
#660 = ORIENTED_EDGE ( 'NONE', *, *, #751, .F. ) ;
#661 = AXIS2_PLACEMENT_3D ( 'NONE', #1146, #1885, #1864 ) ;
#662 = CIRCLE ( 'NONE', #75, 0.5150000000000003464 ) ;
#663 = PLANE ( 'NONE',  #1673 ) ;
#664 = CYLINDRICAL_SURFACE ( 'NONE', #2131, 0.3799999999999999489 ) ;
#665 = CARTESIAN_POINT ( 'NONE',  ( 1.199999999999999956, 0.000000000000000000, 0.5000000000000000000 ) ) ;
#666 = PRODUCT ( 'Cond - bottom plate', 'Cond - bottom plate', '', ( #3755 ) ) ;
#667 = DIRECTION ( 'NONE',  ( -0.000000000000000000, 0.000000000000000000, 1.000000000000000000 ) ) ;
#668 = CARTESIAN_POINT ( 'NONE',  ( -0.5124999999999999556, 2.981254661859697406E-16, 4.500000000000000000 ) ) ;
#669 =( NAMED_UNIT ( * ) SI_UNIT ( $, .STERADIAN. ) SOLID_ANGLE_UNIT ( ) );
#670 = EDGE_LOOP ( 'NONE', ( #2447, #3695 ) ) ;
#671 = CARTESIAN_POINT ( 'NONE',  ( -2.125000000000000000, 2.981254661859697406E-16, 2.500000000000000000 ) ) ;
#672 = AXIS2_PLACEMENT_3D ( 'NONE', #152, #2574, #1204 ) ;
#673 = UNCERTAINTY_MEASURE_WITH_UNIT (LENGTH_MEASURE( 1.000000000000000082E-05 ), #3504, 'distance_accuracy_value', 'NONE');
#674 = CYLINDRICAL_SURFACE ( 'NONE', #422, 0.5125000000000000666 ) ;
#675 = ORIENTED_EDGE ( 'NONE', *, *, #4180, .F. ) ;
#676 = CARTESIAN_POINT ( 'NONE',  ( 1.125000000000000222, -1.500000000000000444, 2.000000000000000000 ) ) ;
#677 = FACE_OUTER_BOUND ( 'NONE', #392, .T. ) ;
#678 = CARTESIAN_POINT ( 'NONE',  ( 7.317735428986336110, 20.31091027170453955, 22.76860807109569862 ) ) ;
#679 = PRODUCT_DEFINITION_FORMATION_WITH_SPECIFIED_SOURCE ( 'ANY', '', #666, .NOT_KNOWN. ) ;
#680 = ORIENTED_EDGE ( 'NONE', *, *, #3267, .F. ) ;
#681 = ORIENTED_EDGE ( 'NONE', *, *, #526, .F. ) ;
#682 = CARTESIAN_POINT ( 'NONE',  ( 0.3750000000000000555, 4.592425496802575451E-17, 4.000000000000000000 ) ) ;
#683 = EDGE_CURVE ( 'NONE', #3171, #2078, #182, .T. ) ;
#684 = SHAPE_REPRESENTATION_RELATIONSHIP ( 'NONE' , 'NONE' ,  #2528, #2851 ) ;
#685 = AXIS2_PLACEMENT_3D ( 'NONE', #1381, #2791, #2453 ) ;
#686 = AXIS2_PLACEMENT_3D ( 'NONE', #3714, #606, #2739 ) ;
#687 = CARTESIAN_POINT ( 'NONE',  ( 0.6875000000000000000, 4.688496155794079738E-18, 0.000000000000000000 ) ) ;
#688 = EDGE_CURVE ( 'NONE', #458, #1935, #3474, .T. ) ;
#689 = CYLINDRICAL_SURFACE ( 'NONE', #1176, 2.125000000000000000 ) ;
#690 = EDGE_CURVE ( 'NONE', #896, #1060, #1090, .T. ) ;
#691 = CIRCLE ( 'NONE', #2677, 0.3799999999999999489 ) ;
#692 = EDGE_CURVE ( 'NONE', #4156, #548, #2687, .T. ) ;
#693 = VECTOR ( 'NONE', #927, 39.37007874015748854 ) ;
#694 = CARTESIAN_POINT ( 'NONE',  ( -1.500000000000000222, -1.500000000000000444, 0.5000000000000000000 ) ) ;
#695 = LINE ( 'NONE', #3097, #3756 ) ;
#696 = ORIENTED_EDGE ( 'NONE', *, *, #2986, .T. ) ;
#697 = VECTOR ( 'NONE', #2382, 39.37007874015748143 ) ;
#698 = DIRECTION ( 'NONE',  ( 1.000000000000000000, 0.000000000000000000, -0.000000000000000000 ) ) ;
#699 = PRODUCT_DEFINITION ( 'UNKNOWN', '', #1625, #596 ) ;
#700 = DIRECTION ( 'NONE',  ( 0.000000000000000000, 1.000000000000000000, 0.000000000000000000 ) ) ;
#701 = ORIENTED_EDGE ( 'NONE', *, *, #2378, .F. ) ;
#702 = DIRECTION ( 'NONE',  ( 0.000000000000000000, 0.000000000000000000, 1.000000000000000000 ) ) ;
#703 = DIRECTION ( 'NONE',  ( -0.000000000000000000, -0.000000000000000000, -1.000000000000000000 ) ) ;
#704 = APPLICATION_CONTEXT ( 'automotive_design' ) ;
#705 = AXIS2_PLACEMENT_3D ( 'NONE', #2175, #432, #2485 ) ;
#706 = CARTESIAN_POINT ( 'NONE',  ( -0.3799999999999999489, 2.981254661859697406E-16, 0.000000000000000000 ) ) ;
#707 = ORIENTED_EDGE ( 'NONE', *, *, #580, .F. ) ;
#708 = EDGE_LOOP ( 'NONE', ( #2860, #204, #2450, #3466 ) ) ;
#709 = PRODUCT_DEFINITION_SHAPE ( 'NONE', 'NONE',  #4519 ) ;
#710 = FACE_OUTER_BOUND ( 'NONE', #3995, .T. ) ;
#711 = AXIS2_PLACEMENT_3D ( 'NONE', #2726, #3397, #1374 ) ;
#712 = VERTEX_POINT ( 'NONE', #3909 ) ;
#713 = CARTESIAN_POINT ( 'NONE',  ( 0.000000000000000000, 0.000000000000000000, 0.000000000000000000 ) ) ;
#714 = CIRCLE ( 'NONE', #2909, 0.3799999999999999489 ) ;
#715 = PLANE ( 'NONE',  #153 ) ;
#716 = LENGTH_MEASURE_WITH_UNIT ( LENGTH_MEASURE( 0.02539999999999999897 ), #3849 );
#717 = DIRECTION ( 'NONE',  ( -0.000000000000000000, -0.000000000000000000, -1.000000000000000000 ) ) ;
#718 = FACE_OUTER_BOUND ( 'NONE', #3032, .T. ) ;
#719 = PRESENTATION_STYLE_ASSIGNMENT (( #2828 ) ) ;
#720 = EDGE_LOOP ( 'NONE', ( #4363, #2039 ) ) ;
#721 = SURFACE_STYLE_USAGE ( .BOTH. , #1423 ) ;
#722 = DIRECTION ( 'NONE',  ( 0.000000000000000000, 0.000000000000000000, 1.000000000000000000 ) ) ;
#723 = ORIENTED_EDGE ( 'NONE', *, *, #468, .T. ) ;
#724 = DIRECTION ( 'NONE',  ( 1.000000000000000000, 0.000000000000000000, 0.000000000000000000 ) ) ;
#725 = CARTESIAN_POINT ( 'NONE',  ( 0.000000000000000000, 2.981254661859697406E-16, 2.500000000000000000 ) ) ;
#726 = VECTOR ( 'NONE', #1296, 39.37007874015748143 ) ;
#727 = ORIENTED_EDGE ( 'NONE', *, *, #419, .T. ) ;
#728 = ORIENTED_EDGE ( 'NONE', *, *, #2599, .F. ) ;
#729 = CYLINDRICAL_SURFACE ( 'NONE', #1650, 0.1299999999999999767 ) ;
#730 = EDGE_LOOP ( 'NONE', ( #547, #2156 ) ) ;
#731 = CIRCLE ( 'NONE', #1902, 0.5150000000000001243 ) ;
#732 = CIRCLE ( 'NONE', #661, 0.3799999999999999489 ) ;
#733 = CIRCLE ( 'NONE', #4162, 0.5150000000000030109 ) ;
#734 = LINE ( 'NONE', #68, #818 ) ;
#735 = SURFACE_SIDE_STYLE ('',( #3803 ) ) ;
#736 = CARTESIAN_POINT ( 'NONE',  ( -0.9999999999999996669, 1.500000000000000222, 2.000000000000000000 ) ) ;
#737 = DIRECTION ( 'NONE',  ( 0.000000000000000000, 1.000000000000000000, -0.000000000000000000 ) ) ;
#738 = EDGE_LOOP ( 'NONE', ( #3628, #1117, #3635, #3793 ) ) ;
#739 = EDGE_CURVE ( 'NONE', #2695, #2170, #3887, .T. ) ;
#740 = FILL_AREA_STYLE_COLOUR ( '', #475 ) ;
#741 = LINE ( 'NONE', #3149, #1164 ) ;
#742 = PRODUCT_DEFINITION_SHAPE ( 'NONE', 'NONE',  #1222 ) ;
#743 = SURFACE_SIDE_STYLE ('',( #3487 ) ) ;
#744 = VERTEX_POINT ( 'NONE', #2197 ) ;
#745 = DIRECTION ( 'NONE',  ( 0.000000000000000000, 0.000000000000000000, 1.000000000000000000 ) ) ;
#746 = CIRCLE ( 'NONE', #3955, 3.000000000000000444 ) ;
#747 = ADVANCED_FACE ( 'NONE', ( #3157 ), #3563, .F. ) ;
#748 = AXIS2_PLACEMENT_3D ( 'NONE', #845, #3630, #4252 ) ;
#749 = EDGE_CURVE ( 'NONE', #354, #896, #1348, .T. ) ;
#750 = CARTESIAN_POINT ( 'NONE',  ( 0.000000000000000000, 2.981254661859697406E-16, 0.000000000000000000 ) ) ;
#751 = EDGE_CURVE ( 'NONE', #800, #3763, #3844, .T. ) ;
#752 = ORIENTED_EDGE ( 'NONE', *, *, #494, .T. ) ;
#753 = CARTESIAN_POINT ( 'NONE',  ( 2.762480618433564850, 0.000000000000000000, 0.5000000000000000000 ) ) ;
#754 = ORIENTED_EDGE ( 'NONE', *, *, #801, .F. ) ;
#755 = ORIENTED_EDGE ( 'NONE', *, *, #2010, .F. ) ;
#756 = ADVANCED_FACE ( 'NONE', ( #2529 ), #3518, .F. ) ;
#757 = CARTESIAN_POINT ( 'NONE',  ( 0.000000000000000000, 2.981254661859697406E-16, 2.500000000000000000 ) ) ;
#758 = SURFACE_STYLE_FILL_AREA ( #372 ) ;
#759 = AXIS2_PLACEMENT_3D ( 'NONE', #3202, #12, #4227 ) ;
#760 = DIRECTION ( 'NONE',  ( 0.000000000000000000, 0.000000000000000000, 1.000000000000000000 ) ) ;
#761 = CARTESIAN_POINT ( 'NONE',  ( 0.000000000000000000, 2.981254661859697406E-16, 0.000000000000000000 ) ) ;
#762 = SURFACE_SIDE_STYLE ('',( #400 ) ) ;
#763 = VECTOR ( 'NONE', #3551, 39.37007874015748143 ) ;
#764 = AXIS2_PLACEMENT_3D ( 'NONE', #1699, #1721, #4482 ) ;
#765 = EDGE_LOOP ( 'NONE', ( #1599, #1542, #198, #3321 ) ) ;
#766 = DIRECTION ( 'NONE',  ( 0.06868278252309047149, 0.000000000000000000, 0.9976385494681359045 ) ) ;
#767 = CARTESIAN_POINT ( 'NONE',  ( -0.3750000000000000555, 0.000000000000000000, 0.000000000000000000 ) ) ;
#768 = CARTESIAN_POINT ( 'NONE',  ( -1.625000000000000000, 1.499999999999999778, 2.000000000000000000 ) ) ;
#769 = DIRECTION ( 'NONE',  ( 7.726832965963313974E-16, -1.000000000000000000, 9.860761315262651071E-31 ) ) ;
#770 = EDGE_LOOP ( 'NONE', ( #1491, #129, #1226, #2473 ) ) ;
#771 = LINE ( 'NONE', #2904, #2421 ) ;
#772 = CIRCLE ( 'NONE', #3841, 0.3750000000000000555 ) ;
#773 =( NAMED_UNIT ( * ) PLANE_ANGLE_UNIT ( ) SI_UNIT ( $, .RADIAN. ) );
#774 = VECTOR ( 'NONE', #4079, 39.37007874015748143 ) ;
#775 = VERTEX_POINT ( 'NONE', #817 ) ;
#776 = EDGE_CURVE ( 'NONE', #458, #1113, #2759, .T. ) ;
#777 = VECTOR ( 'NONE', #4293, 39.37007874015748143 ) ;
#778 = ADVANCED_FACE ( 'NONE', ( #2505 ), #729, .F. ) ;
#779 = CARTESIAN_POINT ( 'NONE',  ( -0.5124999999999999556, 2.981254661859697406E-16, 4.000000000000000000 ) ) ;
#780 = LENGTH_MEASURE_WITH_UNIT ( LENGTH_MEASURE( 0.02539999999999999897 ), #3606 );
#781 = ORIENTED_EDGE ( 'NONE', *, *, #1049, .T. ) ;
#782 = EDGE_LOOP ( 'NONE', ( #2023, #112 ) ) ;
#783 = EDGE_CURVE ( 'NONE', #2625, #790, #1502, .T. ) ;
#784 = ADVANCED_FACE ( 'NONE', ( #1067 ), #19, .T. ) ;
#785 = DIRECTION ( 'NONE',  ( 0.000000000000000000, 1.000000000000000000, -0.000000000000000000 ) ) ;
#786 = LINE ( 'NONE', #2183, #3317 ) ;
#787 = CIRCLE ( 'NONE', #3340, 2.500000000000000000 ) ;
#788 = DIRECTION ( 'NONE',  ( 0.000000000000000000, 1.000000000000000000, -0.000000000000000000 ) ) ;
#789 = CYLINDRICAL_SURFACE ( 'NONE', #1175, 0.3799999999999999489 ) ;
#790 = VERTEX_POINT ( 'NONE', #4205 ) ;
#791 = DIRECTION ( 'NONE',  ( 1.000000000000000000, 0.000000000000000000, 0.000000000000000000 ) ) ;
#792 = ORIENTED_EDGE ( 'NONE', *, *, #3876, .F. ) ;
#793 = APPLICATION_CONTEXT ( 'automotive_design' ) ;
#794 = ORIENTED_EDGE ( 'NONE', *, *, #2438, .F. ) ;
#795 = CARTESIAN_POINT ( 'NONE',  ( 1.000000000000000222, -1.500000000000000444, 2.000000000000000000 ) ) ;
#796 = DIMENSIONAL_EXPONENTS ( 1.000000000000000000, 0.000000000000000000, 0.000000000000000000, 0.000000000000000000, 0.000000000000000000, 0.000000000000000000, 0.000000000000000000 ) ;
#797 = CYLINDRICAL_SURFACE ( 'NONE', #2814, 3.000000000000000444 ) ;
#798 = DIRECTION ( 'NONE',  ( -1.000000000000000000, 2.121823684399415699E-15, 0.000000000000000000 ) ) ;
#799 = VERTEX_POINT ( 'NONE', #4229 ) ;
#800 = VERTEX_POINT ( 'NONE', #2154 ) ;
#801 = EDGE_CURVE ( 'NONE', #489, #2173, #3697, .T. ) ;
#802 = AXIS2_PLACEMENT_3D ( 'NONE', #517, #2962, #3328 ) ;
#803 = CIRCLE ( 'NONE', #3874, 2.500000000000000000 ) ;
#804 = AXIS2_PLACEMENT_3D ( 'NONE', #2611, #856, #2256 ) ;
#805 = FACE_OUTER_BOUND ( 'NONE', #2554, .T. ) ;
#806 = DIRECTION ( 'NONE',  ( 0.7071067811865480168, 0.7071067811865471286, -3.469446951953611724E-17 ) ) ;
#807 = EDGE_LOOP ( 'NONE', ( #2423, #2716, #2855, #1733 ) ) ;
#808 = PRODUCT_CONTEXT ( 'NONE', #166, 'mechanical' ) ;
#809 = EDGE_LOOP ( 'NONE', ( #754, #3573, #186, #1156 ) ) ;
#810 = CARTESIAN_POINT ( 'NONE',  ( 3.000000000000000444, 3.673940397442060361E-16, 0.000000000000000000 ) ) ;
#811 = CARTESIAN_POINT ( 'NONE',  ( 0.000000000000000000, 0.2500000000000000000, 0.000000000000000000 ) ) ;
#812 = ORIENTED_EDGE ( 'NONE', *, *, #2713, .T. ) ;
#813 = CYLINDRICAL_SURFACE ( 'NONE', #4372, 2.500000000000000000 ) ;
#814 = SHAPE_REPRESENTATION ( 'Plug', ( #1846 ), #2216 ) ;
#815 = CARTESIAN_POINT ( 'NONE',  ( 0.000000000000000000, 0.000000000000000000, 0.5000000000000000000 ) ) ;
#816 = MECHANICAL_DESIGN_GEOMETRIC_PRESENTATION_REPRESENTATION (  '', ( #4104 ), #4313 ) ;
#817 = CARTESIAN_POINT ( 'NONE',  ( -1.233441488821026555, 0.3786565859741906070, 0.5000000000000001110 ) ) ;
#818 = VECTOR ( 'NONE', #1463, 39.37007874015748143 ) ;
#819 = ORIENTED_EDGE ( 'NONE', *, *, #4271, .T. ) ;
#820 = ORIENTED_EDGE ( 'NONE', *, *, #3179, .F. ) ;
#821 = EDGE_CURVE ( 'NONE', #2486, #1494, #918, .T. ) ;
#822 = AXIS2_PLACEMENT_3D ( 'NONE', #1101, #3423, #2188 ) ;
#823 = CYLINDRICAL_SURFACE ( 'NONE', #2872, 0.5150000000000001243 ) ;
#824 = COLOUR_RGB ( '',0.7921568627450980005, 0.8196078431372548767, 0.9333333333333333481 ) ;
#825 = ADVANCED_FACE ( 'NONE', ( #2908 ), #3931, .F. ) ;
#826 = DIRECTION ( 'NONE',  ( 0.000000000000000000, 0.000000000000000000, 1.000000000000000000 ) ) ;
#827 = CARTESIAN_POINT ( 'NONE',  ( 0.000000000000000000, 2.981254661859697406E-16, 4.500000000000000000 ) ) ;
#828 = EDGE_CURVE ( 'NONE', #3205, #775, #2865, .T. ) ;
#829 = EDGE_CURVE ( 'NONE', #4113, #226, #1724, .T. ) ;
#830 = ORIENTED_EDGE ( 'NONE', *, *, #4292, .T. ) ;
#831 = ORIENTED_EDGE ( 'NONE', *, *, #2042, .F. ) ;
#832 = DIRECTION ( 'NONE',  ( 0.000000000000000000, 0.000000000000000000, 1.000000000000000000 ) ) ;
#833 = CARTESIAN_POINT ( 'NONE',  ( 2.566998797522893838, -0.5979102385652538265, 0.5000000000000000000 ) ) ;
#834 = LINE ( 'NONE', #2882, #1750 ) ;
#835 = AXIS2_PLACEMENT_3D ( 'NONE', #3188, #717, #2538 ) ;
#836 = CARTESIAN_POINT ( 'NONE',  ( 0.000000000000000000, 0.5000000000000000000, 0.000000000000000000 ) ) ;
#837 = VECTOR ( 'NONE', #462, 39.37007874015748143 ) ;
#838 = DIRECTION ( 'NONE',  ( 1.000000000000000000, 0.000000000000000000, 0.000000000000000000 ) ) ;
#839 = VECTOR ( 'NONE', #4445, 39.37007874015748143 ) ;
#840 = FACE_OUTER_BOUND ( 'NONE', #938, .T. ) ;
#841 = FACE_OUTER_BOUND ( 'NONE', #3488, .T. ) ;
#842 = VECTOR ( 'NONE', #2924, 39.37007874015748143 ) ;
#843 = VERTEX_POINT ( 'NONE', #1589 ) ;
#844 = EDGE_LOOP ( 'NONE', ( #3336, #4250 ) ) ;
#845 = CARTESIAN_POINT ( 'NONE',  ( 0.000000000000000000, 2.981254661859697406E-16, 4.000000000000000000 ) ) ;
#846 = AXIS2_PLACEMENT_3D ( 'NONE', #1115, #2218, #3952 ) ;
#847 = CARTESIAN_POINT ( 'NONE',  ( 0.000000000000000000, 0.000000000000000000, 0.000000000000000000 ) ) ;
#848 = CYLINDRICAL_SURFACE ( 'NONE', #515, 0.5150000000000001243 ) ;
#849 = EDGE_LOOP ( 'NONE', ( #470, #3412 ) ) ;
#850 = APPLICATION_PROTOCOL_DEFINITION ( 'draft international standard', 'automotive_design', 1998, #3360 ) ;
#851 = EDGE_LOOP ( 'NONE', ( #3061, #2310, #1829, #2685 ) ) ;
#852 = DIRECTION ( 'NONE',  ( 0.000000000000000000, 0.000000000000000000, 1.000000000000000000 ) ) ;
#853 = AXIS2_PLACEMENT_3D ( 'NONE', #2240, #2616, #4066 ) ;
#854 = CYLINDRICAL_SURFACE ( 'NONE', #802, 0.1299999999999999767 ) ;
#855 = CIRCLE ( 'NONE', #2841, 0.5150000000000001243 ) ;
#856 = DIRECTION ( 'NONE',  ( 2.958228394578799525E-31, 6.310887241768105654E-30, -1.000000000000000000 ) ) ;
#857 = FACE_OUTER_BOUND ( 'NONE', #1568, .T. ) ;
#858 = DIRECTION ( 'NONE',  ( 0.000000000000000000, 1.000000000000000000, 0.000000000000000000 ) ) ;
#859 = CYLINDRICAL_SURFACE ( 'NONE', #1807, 0.5150000000000041211 ) ;
#860 = AXIS2_PLACEMENT_3D ( 'NONE', #2031, #284, #2009 ) ;
#861 = ORIENTED_EDGE ( 'NONE', *, *, #325, .F. ) ;
#862 = ORIENTED_EDGE ( 'NONE', *, *, #3822, .T. ) ;
#863 = UNCERTAINTY_MEASURE_WITH_UNIT (LENGTH_MEASURE( 1.000000000000000082E-05 ), #1444, 'distance_accuracy_value', 'NONE');
#864 =( CONVERSION_BASED_UNIT ( 'INCH', #550 ) LENGTH_UNIT ( ) NAMED_UNIT ( #3949 ) );
#865 = DIRECTION ( 'NONE',  ( -0.000000000000000000, -1.000000000000000000, -0.000000000000000000 ) ) ;
#866 = CARTESIAN_POINT ( 'NONE',  ( 6.245698675651502318E-17, 0.000000000000000000, 0.5100000000000000089 ) ) ;
#867 = DIRECTION ( 'NONE',  ( 1.000000000000000000, 0.000000000000000000, 0.000000000000000000 ) ) ;
#868 =( REPRESENTATION_RELATIONSHIP ('NONE','NONE', #1896, #4115 ) REPRESENTATION_RELATIONSHIP_WITH_TRANSFORMATION ( #1303 )SHAPE_REPRESENTATION_RELATIONSHIP( ) );
#869 = AXIS2_PLACEMENT_3D ( 'NONE', #123, #139, #3262 ) ;
#870 = ORIENTED_EDGE ( 'NONE', *, *, #3816, .T. ) ;
#871 = SHAPE_DEFINITION_REPRESENTATION ( #2435, #2401 ) ;
#872 = ORIENTED_EDGE ( 'NONE', *, *, #4268, .T. ) ;
#873 = DIRECTION ( 'NONE',  ( 1.000000000000000000, 0.000000000000000000, 0.000000000000000000 ) ) ;
#874 = CIRCLE ( 'NONE', #367, 0.5150000000000038991 ) ;
#875 = CARTESIAN_POINT ( 'NONE',  ( 0.000000000000000000, 0.5000000000000000000, 0.5150000000000001243 ) ) ;
#876 = DIRECTION ( 'NONE',  ( 0.000000000000000000, 0.000000000000000000, 1.000000000000000000 ) ) ;
#877 = ADVANCED_FACE ( 'NONE', ( #194, #929 ), #3356, .T. ) ;
#878 = ORIENTED_EDGE ( 'NONE', *, *, #644, .T. ) ;
#879 = CARTESIAN_POINT ( 'NONE',  ( 0.000000000000000000, 0.000000000000000000, 4.000000000000000000 ) ) ;
#880 = CARTESIAN_POINT ( 'NONE',  ( 0.000000000000000000, 2.981254661859697406E-16, 4.500000000000000000 ) ) ;
#881 = ADVANCED_FACE ( 'NONE', ( #1612 ), #3668, .F. ) ;
#882 = ADVANCED_FACE ( 'NONE', ( #169 ), #4354, .T. ) ;
#883 = DIRECTION ( 'NONE',  ( -0.000000000000000000, 0.000000000000000000, -1.000000000000000000 ) ) ;
#884 = EDGE_CURVE ( 'NONE', #3269, #3946, #1872, .T. ) ;
#885 = LINE ( 'NONE', #3701, #2027 ) ;
#886 = ORIENTED_EDGE ( 'NONE', *, *, #1783, .F. ) ;
#887 = ORIENTED_EDGE ( 'NONE', *, *, #2405, .F. ) ;
#888 = PRESENTATION_STYLE_ASSIGNMENT (( #1228 ) ) ;
#889 = EDGE_CURVE ( 'NONE', #3493, #2868, #2944, .T. ) ;
#890 = DIRECTION ( 'NONE',  ( 1.000000000000000000, 0.000000000000000000, -0.000000000000000000 ) ) ;
#891 =( GEOMETRIC_REPRESENTATION_CONTEXT ( 3 ) GLOBAL_UNCERTAINTY_ASSIGNED_CONTEXT ( ( #2416 ) ) GLOBAL_UNIT_ASSIGNED_CONTEXT ( ( #4499, #2138, #388 ) ) REPRESENTATION_CONTEXT ( 'NONE', 'WORKASPACE' ) );
#892 = CARTESIAN_POINT ( 'NONE',  ( 2.125000000000000000, 5.583629110047823249E-16, 2.500000000000000000 ) ) ;
#893 = ORIENTED_EDGE ( 'NONE', *, *, #1576, .F. ) ;
#894 = EDGE_LOOP ( 'NONE', ( #820, #2000 ) ) ;
#895 = PRODUCT_CONTEXT ( 'NONE', #2111, 'mechanical' ) ;
#896 = VERTEX_POINT ( 'NONE', #1893 ) ;
#897 = SURFACE_STYLE_USAGE ( .BOTH. , #3369 ) ;
#898 = DIRECTION ( 'NONE',  ( -0.000000000000000000, 0.000000000000000000, 1.000000000000000000 ) ) ;
#899 = CARTESIAN_POINT ( 'NONE',  ( 0.000000000000000000, 0.000000000000000000, 0.000000000000000000 ) ) ;
#900 = DIRECTION ( 'NONE',  ( -0.000000000000000000, 0.000000000000000000, 1.000000000000000000 ) ) ;
#901 = ORIENTED_EDGE ( 'NONE', *, *, #1985, .T. ) ;
#902 = DIRECTION ( 'NONE',  ( 0.000000000000000000, 0.000000000000000000, 1.000000000000000000 ) ) ;
#903 = DIRECTION ( 'NONE',  ( 0.000000000000000000, 1.000000000000000000, -0.000000000000000000 ) ) ;
#904 = DIRECTION ( 'NONE',  ( -0.000000000000000000, -1.000000000000000000, -0.000000000000000000 ) ) ;
#905 = CIRCLE ( 'NONE', #4119, 0.1250000000000000278 ) ;
#906 = DIRECTION ( 'NONE',  ( 0.000000000000000000, 1.000000000000000000, 6.310887241768107055E-30 ) ) ;
#907 = CIRCLE ( 'NONE', #34, 0.5150000000000030109 ) ;
#908 = PRODUCT_DEFINITION_CONTEXT ( 'detailed design', #3360, 'design' ) ;
#909 = ORIENTED_EDGE ( 'NONE', *, *, #4345, .F. ) ;
#910 = ORIENTED_EDGE ( 'NONE', *, *, #3936, .F. ) ;
#911 = EDGE_CURVE ( 'NONE', #3320, #4343, #2544, .T. ) ;
#912 = CARTESIAN_POINT ( 'NONE',  ( 2.503657696024160106, -1.167474757054767664, 0.2500000000000000000 ) ) ;
#913 =( LENGTH_UNIT ( ) NAMED_UNIT ( * ) SI_UNIT ( $, .METRE. ) );
#914 = VECTOR ( 'NONE', #1292, 39.37007874015748854 ) ;
#915 = ADVANCED_FACE ( 'NONE', ( #840 ), #2590, .F. ) ;
#916 = EDGE_CURVE ( 'NONE', #4198, #4156, #2992, .T. ) ;
#917 = CARTESIAN_POINT ( 'NONE',  ( -3.000000000000000444, 0.000000000000000000, 0.5000000000000000000 ) ) ;
#918 = CIRCLE ( 'NONE', #3475, 0.1249999999999999029 ) ;
#919 = ORIENTED_EDGE ( 'NONE', *, *, #125, .F. ) ;
#920 = CARTESIAN_POINT ( 'NONE',  ( 1.625000000000000000, -1.500000000000000222, 0.5000000000000000000 ) ) ;
#921 = FILL_AREA_STYLE_COLOUR ( '', #4161 ) ;
#922 = DIRECTION ( 'NONE',  ( 0.000000000000000000, 0.000000000000000000, 1.000000000000000000 ) ) ;
#923 = CARTESIAN_POINT ( 'NONE',  ( -1.124999999999999556, 1.500000000000000222, 2.000000000000000000 ) ) ;
#924 =( LENGTH_UNIT ( ) NAMED_UNIT ( * ) SI_UNIT ( $, .METRE. ) );
#925 = ORIENTED_EDGE ( 'NONE', *, *, #2660, .T. ) ;
#926 = FACE_BOUND ( 'NONE', #2626, .T. ) ;
#927 = DIRECTION ( 'NONE',  ( 0.7071067811865479058, 0.7071067811865471286, -3.469446951953611107E-17 ) ) ;
#928 = AXIS2_PLACEMENT_3D ( 'NONE', #2859, #4242, #4197 ) ;
#929 = FACE_BOUND ( 'NONE', #1748, .T. ) ;
#930 =( LENGTH_UNIT ( ) NAMED_UNIT ( * ) SI_UNIT ( $, .METRE. ) );
#931 = FACE_OUTER_BOUND ( 'NONE', #1136, .T. ) ;
#932 = ORIENTED_EDGE ( 'NONE', *, *, #4317, .T. ) ;
#933 = ORIENTED_EDGE ( 'NONE', *, *, #4340, .T. ) ;
#934 = ADVANCED_BREP_SHAPE_REPRESENTATION ( '', ( #390, #1846 ), #20 ) ;
#935 = CARTESIAN_POINT ( 'NONE',  ( 2.503657696024160106, -1.167474757054767664, 0.5000000000000000000 ) ) ;
#936 = EDGE_CURVE ( 'NONE', #4446, #2227, #2307, .T. ) ;
#937 = EDGE_CURVE ( 'NONE', #1477, #4008, #1501, .T. ) ;
#938 = EDGE_LOOP ( 'NONE', ( #293, #1810, #65, #2189 ) ) ;
#939 = SHAPE_DEFINITION_REPRESENTATION ( #1029, #2528 ) ;
#940 = CIRCLE ( 'NONE', #3497, 0.1249999999999999029 ) ;
#941 = DIRECTION ( 'NONE',  ( -0.000000000000000000, -0.000000000000000000, -1.000000000000000000 ) ) ;
#942 = DIRECTION ( 'NONE',  ( -0.000000000000000000, -0.000000000000000000, -1.000000000000000000 ) ) ;
#943 = CIRCLE ( 'NONE', #1378, 0.5124999999999999556 ) ;
#944 = SURFACE_SIDE_STYLE ('',( #1655 ) ) ;
#945 = ORIENTED_EDGE ( 'NONE', *, *, #690, .F. ) ;
#946 = CARTESIAN_POINT ( 'NONE',  ( -3.496765431890256920E-14, 0.000000000000000000, 1.749999999999986455 ) ) ;
#947 = AXIS2_PLACEMENT_3D ( 'NONE', #1933, #2292, #3319 ) ;
#948 = DIRECTION ( 'NONE',  ( -1.000000000000000000, 0.000000000000000000, 0.000000000000000000 ) ) ;
#949 = AXIS2_PLACEMENT_3D ( 'NONE', #2583, #1912, #160 ) ;
#950 = FACE_OUTER_BOUND ( 'NONE', #738, .T. ) ;
#951 = DIRECTION ( 'NONE',  ( 1.000000000000000000, 0.000000000000000000, 0.000000000000000000 ) ) ;
#952 = ORIENTED_EDGE ( 'NONE', *, *, #609, .F. ) ;
#953 = ORIENTED_EDGE ( 'NONE', *, *, #937, .F. ) ;
#954 = PRESENTATION_LAYER_ASSIGNMENT (  '', '', ( #4456 ) ) ;
#955 = PRODUCT_DEFINITION_SHAPE ( 'NONE', 'NONE',  #699 ) ;
#956 = DIRECTION ( 'NONE',  ( 1.000000000000000000, 0.000000000000000000, 0.000000000000000000 ) ) ;
#957 = CARTESIAN_POINT ( 'NONE',  ( 0.000000000000000000, 0.000000000000000000, 0.000000000000000000 ) ) ;
#958 = SHAPE_REPRESENTATION ( 'Reusable Pipe - Cond_melter', ( #1846 ), #1475 ) ;
#959 = AXIS2_PLACEMENT_3D ( 'NONE', #95, #1594, #2950 ) ;
#960 = CYLINDRICAL_SURFACE ( 'NONE', #3725, 0.1249999999999999029 ) ;
#961 = ORIENTED_EDGE ( 'NONE', *, *, #439, .T. ) ;
#962 = CONTEXT_DEPENDENT_SHAPE_REPRESENTATION ( #3674, #4421 ) ;
#963 = DIRECTION ( 'NONE',  ( -1.000000000000000000, 0.000000000000000000, 0.000000000000000000 ) ) ;
#964 = ADVANCED_FACE ( 'NONE', ( #3699 ), #3284, .T. ) ;
#965 = EDGE_CURVE ( 'NONE', #4008, #1477, #3259, .T. ) ;
#966 = CARTESIAN_POINT ( 'NONE',  ( 3.000000000000000444, 3.673940397442060361E-16, 0.5000000000000000000 ) ) ;
#967 = PLANE ( 'NONE',  #978 ) ;
#968 = ADVANCED_FACE ( 'NONE', ( #3014 ), #1873, .T. ) ;
#969 =( NAMED_UNIT ( * ) PLANE_ANGLE_UNIT ( ) SI_UNIT ( $, .RADIAN. ) );
#970 = CIRCLE ( 'NONE', #3361, 0.5150000000000001243 ) ;
#971 = ORIENTED_EDGE ( 'NONE', *, *, #3118, .F. ) ;
#972 = LINE ( 'NONE', #2029, #2199 ) ;
#973 = EDGE_CURVE ( 'NONE', #4333, #1773, #3268, .T. ) ;
#974 = CYLINDRICAL_SURFACE ( 'NONE', #3778, 0.5100000000000000089 ) ;
#975 = LINE ( 'NONE', #2752, #2756 ) ;
#976 =( CONVERSION_BASED_UNIT ( 'INCH', #3378 ) LENGTH_UNIT ( ) NAMED_UNIT ( #3651 ) );
#977 =( NAMED_UNIT ( * ) PLANE_ANGLE_UNIT ( ) SI_UNIT ( $, .RADIAN. ) );
#978 = AXIS2_PLACEMENT_3D ( 'NONE', #3502, #2118, #3078 ) ;
#979 = ORIENTED_EDGE ( 'NONE', *, *, #3256, .F. ) ;
#980 = VERTEX_POINT ( 'NONE', #501 ) ;
#981 = CIRCLE ( 'NONE', #543, 0.5124999999999999556 ) ;
#982 = AXIS2_PLACEMENT_3D ( 'NONE', #3550, #1814, #2871 ) ;
#983 = CARTESIAN_POINT ( 'NONE',  ( -1.233441488821026555, 1.408656585974197295, 0.000000000000000000 ) ) ;
#984 = FACE_OUTER_BOUND ( 'NONE', #1008, .T. ) ;
#985 = UNCERTAINTY_MEASURE_WITH_UNIT (LENGTH_MEASURE( 1.000000000000000082E-05 ), #2176, 'distance_accuracy_value', 'NONE');
#986 = APPLICATION_PROTOCOL_DEFINITION ( 'draft international standard', 'automotive_design', 1998, #1015 ) ;
#987 = DIRECTION ( 'NONE',  ( 0.000000000000000000, 1.000000000000000000, 0.000000000000000000 ) ) ;
#988 = CYLINDRICAL_SURFACE ( 'NONE', #2224, 2.500000000000000000 ) ;
#989 = FACE_OUTER_BOUND ( 'NONE', #770, .T. ) ;
#990 = FILL_AREA_STYLE_COLOUR ( '', #824 ) ;
#991 = EDGE_LOOP ( 'NONE', ( #1934, #3372, #1259, #728 ) ) ;
#992 = CARTESIAN_POINT ( 'NONE',  ( 0.000000000000000000, 0.000000000000000000, 0.5000000000000000000 ) ) ;
#993 = FACE_OUTER_BOUND ( 'NONE', #4474, .T. ) ;
#994 = ORIENTED_EDGE ( 'NONE', *, *, #2181, .T. ) ;
#995 = CARTESIAN_POINT ( 'NONE',  ( 0.000000000000000000, 2.981254661859697406E-16, 3.500000000000000000 ) ) ;
#996 = CARTESIAN_POINT ( 'NONE',  ( 0.000000000000000000, 2.981254661859697406E-16, 3.500000000000000000 ) ) ;
#997 = CARTESIAN_POINT ( 'NONE',  ( 7.582073874023946836, 22.81091027170446495, 23.93913153795795523 ) ) ;
#998 = ORIENTED_EDGE ( 'NONE', *, *, #609, .T. ) ;
#999 = VERTEX_POINT ( 'NONE', #4310 ) ;
#1000 = AXIS2_PLACEMENT_3D ( 'NONE', #1635, #4086, #35 ) ;
#1001 = CARTESIAN_POINT ( 'NONE',  ( 2.762480618433564850, 0.000000000000000000, 0.000000000000000000 ) ) ;
#1002 = FACE_BOUND ( 'NONE', #2521, .T. ) ;
#1003 = CARTESIAN_POINT ( 'NONE',  ( 0.000000000000000000, 0.09999999999999947820, -0.5500000000000000444 ) ) ;
#1004 = APPLICATION_PROTOCOL_DEFINITION ( 'draft international standard', 'automotive_design', 1998, #557 ) ;
#1005 = FACE_OUTER_BOUND ( 'NONE', #730, .T. ) ;
#1006 = DIRECTION ( 'NONE',  ( 0.000000000000000000, 0.000000000000000000, 1.000000000000000000 ) ) ;
#1007 = PRESENTATION_STYLE_ASSIGNMENT (( #1054 ) ) ;
#1008 = EDGE_LOOP ( 'NONE', ( #2937, #2055, #1621, #4312 ) ) ;
#1009 = FACE_BOUND ( 'NONE', #190, .T. ) ;
#1010 = DIRECTION ( 'NONE',  ( 0.000000000000000000, 0.000000000000000000, -1.000000000000000000 ) ) ;
#1011 = EDGE_CURVE ( 'NONE', #608, #3496, #144, .T. ) ;
#1012 = ORIENTED_EDGE ( 'NONE', *, *, #828, .F. ) ;
#1013 = DIRECTION ( 'NONE',  ( -0.000000000000000000, -0.000000000000000000, -1.000000000000000000 ) ) ;
#1014 = FACE_OUTER_BOUND ( 'NONE', #1757, .T. ) ;
#1015 = APPLICATION_CONTEXT ( 'automotive_design' ) ;
#1016 = VECTOR ( 'NONE', #2861, 39.37007874015748143 ) ;
#1017 = DIRECTION ( 'NONE',  ( -2.048265014454713074E-29, -1.000000000000000000, -3.491481338843089179E-15 ) ) ;
#1018 = VERTEX_POINT ( 'NONE', #1919 ) ;
#1019 = EDGE_LOOP ( 'NONE', ( #1460, #328, #4053, #3129 ) ) ;
#1020 = AXIS2_PLACEMENT_3D ( 'NONE', #1324, #2737, #3713 ) ;
#1021 = AXIS2_PLACEMENT_3D ( 'NONE', #1749, #3169, #356 ) ;
#1022 = ADVANCED_FACE ( 'NONE', ( #3038 ), #4173, .T. ) ;
#1023 = EDGE_CURVE ( 'NONE', #4175, #2625, #329, .T. ) ;
#1024 = ADVANCED_FACE ( 'NONE', ( #677 ), #3087, .T. ) ;
#1025 = CARTESIAN_POINT ( 'NONE',  ( 0.000000000000000000, 2.981254661859697406E-16, 2.500000000000000000 ) ) ;
#1026 = CARTESIAN_POINT ( 'NONE',  ( 0.000000000000000000, 8.699999999999999289, 0.000000000000000000 ) ) ;
#1027 = FACE_BOUND ( 'NONE', #4257, .T. ) ;
#1028 = PRODUCT_DEFINITION ( 'UNKNOWN', '', #1040, #1271 ) ;
#1029 = PRODUCT_DEFINITION_SHAPE ( 'NONE', 'NONE',  #1764 ) ;
#1030 = CARTESIAN_POINT ( 'NONE',  ( 2.762480618433564850, 0.000000000000000000, 0.000000000000000000 ) ) ;
#1031 = CARTESIAN_POINT ( 'NONE',  ( 0.000000000000000000, 0.000000000000000000, 0.000000000000000000 ) ) ;
#1032 = ORIENTED_EDGE ( 'NONE', *, *, #3542, .T. ) ;
#1033 = LINE ( 'NONE', #3901, #4453 ) ;
#1034 = FACE_OUTER_BOUND ( 'NONE', #1898, .T. ) ;
#1035 = ORIENTED_EDGE ( 'NONE', *, *, #1355, .F. ) ;
#1036 = DIRECTION ( 'NONE',  ( -0.7071067811865472397, 0.7071067811865479058, -6.779273404243071298E-32 ) ) ;
#1037 = AXIS2_PLACEMENT_3D ( 'NONE', #3469, #1126, #658 ) ;
#1038 = CARTESIAN_POINT ( 'NONE',  ( 0.000000000000000000, 0.000000000000000000, 0.5000000000000000000 ) ) ;
#1039 = DIRECTION ( 'NONE',  ( 1.000000000000000000, 0.000000000000000000, 0.000000000000000000 ) ) ;
#1040 = PRODUCT_DEFINITION_FORMATION_WITH_SPECIFIED_SOURCE ( 'ANY', '', #3196, .NOT_KNOWN. ) ;
#1041 = ORIENTED_EDGE ( 'NONE', *, *, #200, .T. ) ;
#1042 = VERTEX_POINT ( 'NONE', #2789 ) ;
#1043 = CARTESIAN_POINT ( 'NONE',  ( 0.000000000000000000, 0.000000000000000000, 0.000000000000000000 ) ) ;
#1044 = VERTEX_POINT ( 'NONE', #3401 ) ;
#1045 =( GEOMETRIC_REPRESENTATION_CONTEXT ( 3 ) GLOBAL_UNCERTAINTY_ASSIGNED_CONTEXT ( ( #2619 ) ) GLOBAL_UNIT_ASSIGNED_CONTEXT ( ( #3526, #2825, #395 ) ) REPRESENTATION_CONTEXT ( 'NONE', 'WORKASPACE' ) );
#1046 = CIRCLE ( 'NONE', #2598, 0.1249999999999999029 ) ;
#1047 = CARTESIAN_POINT ( 'NONE',  ( 0.000000000000000000, 0.000000000000000000, 0.000000000000000000 ) ) ;
#1048 = CARTESIAN_POINT ( 'NONE',  ( 0.000000000000000000, 0.000000000000000000, 0.1320000000000000062 ) ) ;
#1049 = EDGE_CURVE ( 'NONE', #999, #2373, #975, .T. ) ;
#1050 = CIRCLE ( 'NONE', #3610, 0.5150000000000001243 ) ;
#1051 = DIRECTION ( 'NONE',  ( 1.000000000000000000, 0.000000000000000000, 0.000000000000000000 ) ) ;
#1052 = FACE_BOUND ( 'NONE', #2499, .T. ) ;
#1053 = STYLED_ITEM ( 'NONE', ( #2122 ), #287 ) ;
#1054 = SURFACE_STYLE_USAGE ( .BOTH. , #1772 ) ;
#1055 = VERTEX_POINT ( 'NONE', #615 ) ;
#1056 = LINE ( 'NONE', #4221, #1794 ) ;
#1057 = AXIS2_PLACEMENT_3D ( 'NONE', #2331, #1377, #4423 ) ;
#1058 = CARTESIAN_POINT ( 'NONE',  ( -2.125000000000000000, 2.981254661859697406E-16, 3.500000000000000000 ) ) ;
#1059 = PRESENTATION_STYLE_ASSIGNMENT (( #2564 ) ) ;
#1060 = VERTEX_POINT ( 'NONE', #264 ) ;
#1061 = FACE_OUTER_BOUND ( 'NONE', #3417, .T. ) ;
#1062 = VECTOR ( 'NONE', #1408, 39.37007874015748143 ) ;
#1063 = DIRECTION ( 'NONE',  ( 0.000000000000000000, 0.000000000000000000, 1.000000000000000000 ) ) ;
#1064 = ORIENTED_EDGE ( 'NONE', *, *, #1412, .T. ) ;
#1065 = VERTEX_POINT ( 'NONE', #288 ) ;
#1066 = PRODUCT_DEFINITION_SHAPE ( 'NONE', 'NONE',  #1903 ) ;
#1067 = FACE_OUTER_BOUND ( 'NONE', #3289, .T. ) ;
#1068 =( NAMED_UNIT ( * ) PLANE_ANGLE_UNIT ( ) SI_UNIT ( $, .RADIAN. ) );
#1069 = VECTOR ( 'NONE', #3992, 39.37007874015748143 ) ;
#1070 = ORIENTED_EDGE ( 'NONE', *, *, #76, .T. ) ;
#1071 = VECTOR ( 'NONE', #1147, 39.37007874015748143 ) ;
#1072 = DIRECTION ( 'NONE',  ( 0.000000000000000000, 0.000000000000000000, 1.000000000000000000 ) ) ;
#1073 = SURFACE_STYLE_USAGE ( .BOTH. , #735 ) ;
#1074 = ADVANCED_FACE ( 'NONE', ( #4493 ), #4134, .F. ) ;
#1075 = CARTESIAN_POINT ( 'NONE',  ( 3.061616997868383141E-16, 0.5000000000000000000, 2.500000000000000000 ) ) ;
#1076 = DIRECTION ( 'NONE',  ( 1.000000000000000000, 0.000000000000000000, 0.000000000000000000 ) ) ;
#1077 = EDGE_CURVE ( 'NONE', #2868, #310, #2406, .T. ) ;
#1078 = SURFACE_STYLE_FILL_AREA ( #2701 ) ;
#1079 = ORIENTED_EDGE ( 'NONE', *, *, #1245, .F. ) ;
#1080 = CIRCLE ( 'NONE', #1659, 2.500000000000000000 ) ;
#1081 = SURFACE_STYLE_FILL_AREA ( #2830 ) ;
#1082 = PLANE ( 'NONE',  #593 ) ;
#1083 = LINE ( 'NONE', #2498, #3414 ) ;
#1084 = ORIENTED_EDGE ( 'NONE', *, *, #4340, .F. ) ;
#1085 = DIRECTION ( 'NONE',  ( -0.000000000000000000, 1.000000000000000000, -0.000000000000000000 ) ) ;
#1086 = FACE_OUTER_BOUND ( 'NONE', #2889, .T. ) ;
#1087 = AXIS2_PLACEMENT_3D ( 'NONE', #3312, #177, #956 ) ;
#1088 = ORIENTED_EDGE ( 'NONE', *, *, #2741, .T. ) ;
#1089 = AXIS2_PLACEMENT_3D ( 'NONE', #2834, #2082, #360 ) ;
#1090 = LINE ( 'NONE', #1760, #3619 ) ;
#1091 = ORIENTED_EDGE ( 'NONE', *, *, #3646, .F. ) ;
#1092 = ORIENTED_EDGE ( 'NONE', *, *, #911, .T. ) ;
#1093 = AXIS2_PLACEMENT_3D ( 'NONE', #1669, #2365, #251 ) ;
#1094 = AXIS2_PLACEMENT_3D ( 'NONE', #1330, #1631, #2305 ) ;
#1095 = DIRECTION ( 'NONE',  ( 0.000000000000000000, 0.000000000000000000, 1.000000000000000000 ) ) ;
#1096 = DIRECTION ( 'NONE',  ( 0.000000000000000000, 1.000000000000000000, -0.000000000000000000 ) ) ;
#1097 = DIRECTION ( 'NONE',  ( 1.000000000000000000, 0.000000000000000000, 0.000000000000000000 ) ) ;
#1098 = DIRECTION ( 'NONE',  ( 0.000000000000000000, 0.000000000000000000, 1.000000000000000000 ) ) ;
#1099 = LINE ( 'NONE', #578, #2582 ) ;
#1100 = EDGE_LOOP ( 'NONE', ( #4410, #3941, #3546, #2429 ) ) ;
#1101 = CARTESIAN_POINT ( 'NONE',  ( 7.317735428994314617, 23.31091027170455021, 22.76860807109275697 ) ) ;
#1102 = CARTESIAN_POINT ( 'NONE',  ( 0.000000000000000000, 2.981254661859697406E-16, 2.500000000000000000 ) ) ;
#1103 = CARTESIAN_POINT ( 'NONE',  ( 0.000000000000000000, 0.000000000000000000, 0.000000000000000000 ) ) ;
#1104 = EDGE_CURVE ( 'NONE', #259, #4249, #1359, .T. ) ;
#1105 =( REPRESENTATION_RELATIONSHIP ('NONE','NONE', #1896, #3180 ) REPRESENTATION_RELATIONSHIP_WITH_TRANSFORMATION ( #3452 )SHAPE_REPRESENTATION_RELATIONSHIP( ) );
#1106 = ADVANCED_FACE ( 'NONE', ( #1662, #334, #2705 ), #1685, .T. ) ;
#1107 = CARTESIAN_POINT ( 'NONE',  ( 0.000000000000000000, 2.981254661859697406E-16, 0.000000000000000000 ) ) ;
#1108 = EDGE_LOOP ( 'NONE', ( #3426, #4202 ) ) ;
#1109 = DIRECTION ( 'NONE',  ( -0.000000000000000000, -0.000000000000000000, -1.000000000000000000 ) ) ;
#1110 = VECTOR ( 'NONE', #1811, 39.37007874015748143 ) ;
#1111 = EDGE_CURVE ( 'NONE', #2648, #1018, #3910, .T. ) ;
#1112 = DIRECTION ( 'NONE',  ( 1.000000000000000000, 0.000000000000000000, 0.000000000000000000 ) ) ;
#1113 = VERTEX_POINT ( 'NONE', #3422 ) ;
#1114 = AXIS2_PLACEMENT_3D ( 'NONE', #1927, #766, #1686 ) ;
#1115 = CARTESIAN_POINT ( 'NONE',  ( 2.503657696024160106, -1.167474757054767664, 0.2500000000000000000 ) ) ;
#1116 =( NAMED_UNIT ( * ) SI_UNIT ( $, .STERADIAN. ) SOLID_ANGLE_UNIT ( ) );
#1117 = ORIENTED_EDGE ( 'NONE', *, *, #1489, .F. ) ;
#1118 = ORIENTED_EDGE ( 'NONE', *, *, #3461, .F. ) ;
#1119 = FACE_OUTER_BOUND ( 'NONE', #4059, .T. ) ;
#1120 = CIRCLE ( 'NONE', #685, 0.1299999999999999767 ) ;
#1121 = CARTESIAN_POINT ( 'NONE',  ( 3.000000000000000444, 3.673940397442060361E-16, 0.5000000000000000000 ) ) ;
#1122 = PLANE ( 'NONE',  #1942 ) ;
#1123 = CIRCLE ( 'NONE', #4270, 2.500000000000000000 ) ;
#1124 = CIRCLE ( 'NONE', #2891, 0.1320000000000000062 ) ;
#1125 = VERTEX_POINT ( 'NONE', #1315 ) ;
#1126 = DIRECTION ( 'NONE',  ( 0.000000000000000000, 1.000000000000000000, -3.657132581846951845E-29 ) ) ;
#1127 = EDGE_LOOP ( 'NONE', ( #3806, #2179 ) ) ;
#1128 = CARTESIAN_POINT ( 'NONE',  ( -3.000000000000000444, 0.000000000000000000, 0.000000000000000000 ) ) ;
#1129 = ORIENTED_EDGE ( 'NONE', *, *, #1985, .F. ) ;
#1130 = CARTESIAN_POINT ( 'NONE',  ( 0.000000000000000000, 2.981254661859697406E-16, 0.000000000000000000 ) ) ;
#1131 = AXIS2_PLACEMENT_3D ( 'NONE', #996, #3377, #636 ) ;
#1132 = EDGE_CURVE ( 'NONE', #315, #3577, #1717, .T. ) ;
#1133 = AXIS2_PLACEMENT_3D ( 'NONE', #3865, #1134, #3226 ) ;
#1134 = DIRECTION ( 'NONE',  ( -0.000000000000000000, 0.000000000000000000, 1.000000000000000000 ) ) ;
#1135 = DIMENSIONAL_EXPONENTS ( 1.000000000000000000, 0.000000000000000000, 0.000000000000000000, 0.000000000000000000, 0.000000000000000000, 0.000000000000000000, 0.000000000000000000 ) ;
#1136 = EDGE_LOOP ( 'NONE', ( #1035, #3472, #4275, #3565 ) ) ;
#1137 = ORIENTED_EDGE ( 'NONE', *, *, #1023, .T. ) ;
#1138 = CLOSED_SHELL ( 'NONE', ( #1386, #3481, #1159, #2374, #3935, #1301 ) ) ;
#1139 = CARTESIAN_POINT ( 'NONE',  ( 0.7071067811865447972, 0.7071067811865557884, 0.000000000000000000 ) ) ;
#1140 = DIRECTION ( 'NONE',  ( -1.000000000000000000, 0.000000000000000000, 0.000000000000000000 ) ) ;
#1141 = CIRCLE ( 'NONE', #4289, 0.1299999999999999767 ) ;
#1142 = CYLINDRICAL_SURFACE ( 'NONE', #2301, 2.125000000000000000 ) ;
#1143 = ORIENTED_EDGE ( 'NONE', *, *, #3787, .F. ) ;
#1144 = APPLICATION_PROTOCOL_DEFINITION ( 'draft international standard', 'automotive_design', 1998, #3533 ) ;
#1145 = EDGE_LOOP ( 'NONE', ( #1830, #513 ) ) ;
#1146 = CARTESIAN_POINT ( 'NONE',  ( 0.000000000000000000, 2.981254661859697406E-16, 0.000000000000000000 ) ) ;
#1147 = DIRECTION ( 'NONE',  ( -1.000000000000000000, -7.726832965963314960E-16, 1.387778780781442132E-17 ) ) ;
#1148 = ADVANCED_BREP_SHAPE_REPRESENTATION ( '', ( #1918, #1846 ), #1181 ) ;
#1149 = ORIENTED_EDGE ( 'NONE', *, *, #936, .F. ) ;
#1150 = CARTESIAN_POINT ( 'NONE',  ( 0.5009000933859297788, 0.000000000000000000, -1.134877526538481840 ) ) ;
#1151 = DIRECTION ( 'NONE',  ( 1.000000000000000000, 0.000000000000000000, -0.000000000000000000 ) ) ;
#1152 = ADVANCED_FACE ( 'NONE', ( #4442, #312 ), #2727, .T. ) ;
#1153 = CARTESIAN_POINT ( 'NONE',  ( -1.500000000000000222, -1.500000000000000444, 2.000000000000000000 ) ) ;
#1154 = EDGE_CURVE ( 'NONE', #4446, #3908, #4055, .T. ) ;
#1155 = ORIENTED_EDGE ( 'NONE', *, *, #3451, .F. ) ;
#1156 = ORIENTED_EDGE ( 'NONE', *, *, #3375, .F. ) ;
#1157 = ADVANCED_FACE ( 'NONE', ( #4109, #1014 ), #4087, .T. ) ;
#1158 = AXIS2_PLACEMENT_3D ( 'NONE', #3559, #3968, #2193 ) ;
#1159 = ADVANCED_FACE ( 'NONE', ( #950 ), #2355, .T. ) ;
#1160 = LENGTH_MEASURE_WITH_UNIT ( LENGTH_MEASURE( 0.02539999999999999897 ), #2202 );
#1161 = APPLICATION_CONTEXT ( 'automotive_design' ) ;
#1162 = CIRCLE ( 'NONE', #3643, 0.5124999999999999556 ) ;
#1163 = CIRCLE ( 'NONE', #2503, 0.1299999999999999767 ) ;
#1164 = VECTOR ( 'NONE', #2448, 39.37007874015748143 ) ;
#1165 = PLANE ( 'NONE',  #3682 ) ;
#1166 = DIRECTION ( 'NONE',  ( -0.000000000000000000, -0.000000000000000000, -1.000000000000000000 ) ) ;
#1167 = ORIENTED_EDGE ( 'NONE', *, *, #1978, .T. ) ;
#1168 = APPLICATION_PROTOCOL_DEFINITION ( 'draft international standard', 'automotive_design', 1998, #1812 ) ;
#1169 = VERTEX_POINT ( 'NONE', #2104 ) ;
#1170 =( NAMED_UNIT ( * ) SI_UNIT ( $, .STERADIAN. ) SOLID_ANGLE_UNIT ( ) );
#1171 = DIRECTION ( 'NONE',  ( 1.000000000000000000, 0.000000000000000000, 0.000000000000000000 ) ) ;
#1172 = DIRECTION ( 'NONE',  ( -1.000000000000000000, 0.000000000000000000, 0.000000000000000000 ) ) ;
#1173 = CYLINDRICAL_SURFACE ( 'NONE', #3110, 3.000000000000000444 ) ;
#1174 = CYLINDRICAL_SURFACE ( 'NONE', #250, 0.1249999999999999029 ) ;
#1175 = AXIS2_PLACEMENT_3D ( 'NONE', #4071, #3677, #1485 ) ;
#1176 = AXIS2_PLACEMENT_3D ( 'NONE', #757, #2777, #1368 ) ;
#1177 = DIRECTION ( 'NONE',  ( -1.000000000000000000, 0.000000000000000000, 0.000000000000000000 ) ) ;
#1178 = AXIS2_PLACEMENT_3D ( 'NONE', #2517, #3442, #3554 ) ;
#1179 = ORIENTED_EDGE ( 'NONE', *, *, #3589, .F. ) ;
#1180 = ORIENTED_EDGE ( 'NONE', *, *, #585, .F. ) ;
#1181 =( GEOMETRIC_REPRESENTATION_CONTEXT ( 3 ) GLOBAL_UNCERTAINTY_ASSIGNED_CONTEXT ( ( #3779 ) ) GLOBAL_UNIT_ASSIGNED_CONTEXT ( ( #2332, #2635, #4355 ) ) REPRESENTATION_CONTEXT ( 'NONE', 'WORKASPACE' ) );
#1182 = DIRECTION ( 'NONE',  ( -0.000000000000000000, -0.000000000000000000, -1.000000000000000000 ) ) ;
#1183 = PLANE ( 'NONE',  #1747 ) ;
#1184 = DIRECTION ( 'NONE',  ( 0.000000000000000000, 0.000000000000000000, 1.000000000000000000 ) ) ;
#1185 = DIRECTION ( 'NONE',  ( 2.958228394578796898E-31, 6.310887241768107055E-30, -1.000000000000000000 ) ) ;
#1186 = EDGE_CURVE ( 'NONE', #2773, #1738, #256, .T. ) ;
#1187 = ORIENTED_EDGE ( 'NONE', *, *, #739, .F. ) ;
#1188 = PRODUCT_CONTEXT ( 'NONE', #3533, 'mechanical' ) ;
#1189 = ORIENTED_EDGE ( 'NONE', *, *, #1245, .T. ) ;
#1190 = DIRECTION ( 'NONE',  ( -0.7071067811865483499, 0.7071067811865465735, 0.000000000000000000 ) ) ;
#1191 = SURFACE_STYLE_USAGE ( .BOTH. , #2902 ) ;
#1192 = DIRECTION ( 'NONE',  ( -1.000000000000000000, 0.000000000000000000, 0.000000000000000000 ) ) ;
#1193 = AXIS2_PLACEMENT_3D ( 'NONE', #1327, #649, #352 ) ;
#1194 = AXIS2_PLACEMENT_3D ( 'NONE', #694, #3, #1051 ) ;
#1195 = FACE_OUTER_BOUND ( 'NONE', #4294, .T. ) ;
#1196 = AXIS2_PLACEMENT_3D ( 'NONE', #2577, #2225, #2291 ) ;
#1197 = CARTESIAN_POINT ( 'NONE',  ( 0.000000000000000000, 2.981254661859697406E-16, 0.000000000000000000 ) ) ;
#1198 = AXIS2_PLACEMENT_3D ( 'NONE', #1663, #3555, #3403 ) ;
#1199 = DIRECTION ( 'NONE',  ( -0.000000000000000000, -0.000000000000000000, -1.000000000000000000 ) ) ;
#1200 =( CONVERSION_BASED_UNIT ( 'INCH', #1826 ) LENGTH_UNIT ( ) NAMED_UNIT ( #3999 ) );
#1201 = DIRECTION ( 'NONE',  ( -0.000000000000000000, -0.000000000000000000, -1.000000000000000000 ) ) ;
#1202 = ORIENTED_EDGE ( 'NONE', *, *, #150, .T. ) ;
#1203 = EDGE_LOOP ( 'NONE', ( #3540, #1510 ) ) ;
#1204 = DIRECTION ( 'NONE',  ( 0.000000000000000000, 0.000000000000000000, 1.000000000000000000 ) ) ;
#1205 = EDGE_CURVE ( 'NONE', #2272, #285, #552, .T. ) ;
#1206 = FACE_BOUND ( 'NONE', #844, .T. ) ;
#1207 = DIRECTION ( 'NONE',  ( 0.000000000000000000, 0.000000000000000000, 1.000000000000000000 ) ) ;
#1208 = EDGE_LOOP ( 'NONE', ( #3510, #13, #3270, #2462 ) ) ;
#1209 =( CONVERSION_BASED_UNIT ( 'INCH', #2979 ) LENGTH_UNIT ( ) NAMED_UNIT ( #2953 ) );
#1210 = EDGE_LOOP ( 'NONE', ( #2007, #723, #1909, #4357 ) ) ;
#1211 = CARTESIAN_POINT ( 'NONE',  ( 4.653657836759941744E-17, 8.699999999999999289, 0.3799999999999999489 ) ) ;
#1212 = CIRCLE ( 'NONE', #2398, 0.5500000000000000444 ) ;
#1213 = ADVANCED_FACE ( 'NONE', ( #2195 ), #1173, .T. ) ;
#1214 = VECTOR ( 'NONE', #3352, 39.37007874015748143 ) ;
#1215 = EDGE_CURVE ( 'NONE', #1543, #4077, #3325, .T. ) ;
#1216 = DIRECTION ( 'NONE',  ( 1.000000000000000000, 0.000000000000000000, 0.000000000000000000 ) ) ;
#1217 = CARTESIAN_POINT ( 'NONE',  ( -0.3799999999999999489, 2.981254661859697406E-16, 0.000000000000000000 ) ) ;
#1218 = EDGE_CURVE ( 'NONE', #3763, #800, #4127, .T. ) ;
#1219 = ORIENTED_EDGE ( 'NONE', *, *, #1132, .T. ) ;
#1220 = CARTESIAN_POINT ( 'NONE',  ( 0.000000000000000000, 2.981254661859697406E-16, 0.000000000000000000 ) ) ;
#1221 = PLANE ( 'NONE',  #3250 ) ;
#1222 = PRODUCT_DEFINITION ( 'UNKNOWN', '', #4473, #2458 ) ;
#1223 = DIRECTION ( 'NONE',  ( 1.000000000000000000, 0.000000000000000000, 0.000000000000000000 ) ) ;
#1224 = DIRECTION ( 'NONE',  ( -1.000000000000000000, 0.000000000000000000, 0.000000000000000000 ) ) ;
#1225 = VERTEX_POINT ( 'NONE', #3987 ) ;
#1226 = ORIENTED_EDGE ( 'NONE', *, *, #2464, .F. ) ;
#1227 = UNCERTAINTY_MEASURE_WITH_UNIT (LENGTH_MEASURE( 1.000000000000000082E-05 ), #3023, 'distance_accuracy_value', 'NONE');
#1228 = SURFACE_STYLE_USAGE ( .BOTH. , #2666 ) ;
#1229 = CARTESIAN_POINT ( 'NONE',  ( 0.000000000000000000, 0.000000000000000000, 0.5000000000000000000 ) ) ;
#1230 = DIRECTION ( 'NONE',  ( -1.000000000000000000, 0.000000000000000000, 0.000000000000000000 ) ) ;
#1231 = CIRCLE ( 'NONE', #1158, 0.5150000000000001243 ) ;
#1232 = ORIENTED_EDGE ( 'NONE', *, *, #1576, .T. ) ;
#1233 = VERTEX_POINT ( 'NONE', #3265 ) ;
#1234 = PRODUCT_CONTEXT ( 'NONE', #2842, 'mechanical' ) ;
#1235 = CARTESIAN_POINT ( 'NONE',  ( -1.233441488821110044, 0.8936565859748593077, 0.5000000000000001110 ) ) ;
#1236 =( CONVERSION_BASED_UNIT ( 'INCH', #4413 ) LENGTH_UNIT ( ) NAMED_UNIT ( #1135 ) );
#1237 = MECHANICAL_DESIGN_GEOMETRIC_PRESENTATION_REPRESENTATION (  '', ( #2782 ), #1827 ) ;
#1238 = CARTESIAN_POINT ( 'NONE',  ( 0.000000000000000000, 0.000000000000000000, 0.5000000000000000000 ) ) ;
#1239 = CARTESIAN_POINT ( 'NONE',  ( -1.124999999999999556, 1.500000000000000222, 2.000000000000000000 ) ) ;
#1240 = EDGE_LOOP ( 'NONE', ( #2560, #4495 ) ) ;
#1241 = CARTESIAN_POINT ( 'NONE',  ( 2.125000000000000000, 5.583629110047823249E-16, 0.000000000000000000 ) ) ;
#1242 = EDGE_CURVE ( 'NONE', #1821, #1287, #3604, .T. ) ;
#1243 = CARTESIAN_POINT ( 'NONE',  ( -2.500000000000000000, 2.981254661859697406E-16, 3.500000000000000000 ) ) ;
#1244 = EDGE_CURVE ( 'NONE', #1923, #1504, #3473, .T. ) ;
#1245 = EDGE_CURVE ( 'NONE', #282, #1935, #772, .T. ) ;
#1246 = CARTESIAN_POINT ( 'NONE',  ( 0.000000000000000000, 0.2500000000000000000, 0.000000000000000000 ) ) ;
#1247 = LINE ( 'NONE', #1920, #2480 ) ;
#1248 = VERTEX_POINT ( 'NONE', #4371 ) ;
#1249 = ORIENTED_EDGE ( 'NONE', *, *, #889, .F. ) ;
#1250 = APPLICATION_CONTEXT ( 'automotive_design' ) ;
#1251 = FILL_AREA_STYLE ('',( #1570 ) ) ;
#1252 = LENGTH_MEASURE_WITH_UNIT ( LENGTH_MEASURE( 0.02539999999999999897 ), #2314 );
#1253 = DIRECTION ( 'NONE',  ( -1.387778780781442132E-17, 1.232595164407827793E-30, -1.000000000000000000 ) ) ;
#1254 = AXIS2_PLACEMENT_3D ( 'NONE', #2753, #1017, #3922 ) ;
#1255 = DIRECTION ( 'NONE',  ( 0.000000000000000000, 0.000000000000000000, 1.000000000000000000 ) ) ;
#1256 = CIRCLE ( 'NONE', #239, 0.1249999999999999029 ) ;
#1257 = EDGE_LOOP ( 'NONE', ( #3835, #366, #1961, #861 ) ) ;
#1258 = DIRECTION ( 'NONE',  ( 0.000000000000000000, 0.000000000000000000, 1.000000000000000000 ) ) ;
#1259 = ORIENTED_EDGE ( 'NONE', *, *, #2524, .F. ) ;
#1260 = LENGTH_MEASURE_WITH_UNIT ( LENGTH_MEASURE( 0.02539999999999999897 ), #2299 );
#1261 = LINE ( 'NONE', #923, #1878 ) ;
#1262 = DIRECTION ( 'NONE',  ( 1.000000000000000000, 0.000000000000000000, 0.000000000000000000 ) ) ;
#1263 = ORIENTED_EDGE ( 'NONE', *, *, #2907, .F. ) ;
#1264 = CARTESIAN_POINT ( 'NONE',  ( 6.306931015608871075E-17, 0.000000000000000000, -0.5150000000000001243 ) ) ;
#1265 = CIRCLE ( 'NONE', #2372, 0.5124999999999999556 ) ;
#1266 = CIRCLE ( 'NONE', #2085, 0.3799999999999999489 ) ;
#1267 = PLANE ( 'NONE',  #1860 ) ;
#1268 = DIRECTION ( 'NONE',  ( -0.000000000000000000, -0.000000000000000000, -1.000000000000000000 ) ) ;
#1269 = AXIS2_PLACEMENT_3D ( 'NONE', #375, #304, #3143 ) ;
#1270 = CARTESIAN_POINT ( 'NONE',  ( 0.000000000000000000, 2.981254661859697406E-16, 0.000000000000000000 ) ) ;
#1271 = PRODUCT_DEFINITION_CONTEXT ( 'detailed design', #3587, 'design' ) ;
#1272 = VERTEX_POINT ( 'NONE', #3280 ) ;
#1273 = EDGE_LOOP ( 'NONE', ( #654, #3710 ) ) ;
#1274 = EDGE_CURVE ( 'NONE', #4447, #2328, #4487, .T. ) ;
#1275 = DIRECTION ( 'NONE',  ( -0.000000000000000000, -0.000000000000000000, -1.000000000000000000 ) ) ;
#1276 = CIRCLE ( 'NONE', #2424, 0.1299999999999999767 ) ;
#1277 = CARTESIAN_POINT ( 'NONE',  ( 0.000000000000000000, 0.000000000000000000, 0.5000000000000000000 ) ) ;
#1278 = VECTOR ( 'NONE', #1784, 39.37007874015748143 ) ;
#1279 = PRODUCT_RELATED_PRODUCT_CATEGORY ( 'part', '', ( #1280 ) ) ;
#1280 = PRODUCT ( 'Reusable Pipe - Evap', 'Reusable Pipe - Evap', '', ( #254 ) ) ;
#1281 = VERTEX_POINT ( 'NONE', #141 ) ;
#1282 = ITEM_DEFINED_TRANSFORMATION ( 'NONE', 'NONE', #3017,  #1846 ) ;
#1283 = CARTESIAN_POINT ( 'NONE',  ( 1.500000000000000222, 0.000000000000000000, 0.5000000000000000000 ) ) ;
#1284 = CARTESIAN_POINT ( 'NONE',  ( 0.000000000000000000, 2.981254661859697406E-16, 4.500000000000000000 ) ) ;
#1285 = DIRECTION ( 'NONE',  ( 0.000000000000000000, 0.000000000000000000, 1.000000000000000000 ) ) ;
#1286 = FILL_AREA_STYLE_COLOUR ( '', #2139 ) ;
#1287 = VERTEX_POINT ( 'NONE', #1241 ) ;
#1288 = DIRECTION ( 'NONE',  ( 0.000000000000000000, 1.000000000000000000, -0.000000000000000000 ) ) ;
#1289 = COLOUR_RGB ( '',0.7921568627450980005, 0.8196078431372548767, 0.9333333333333333481 ) ;
#1290 = DIRECTION ( 'NONE',  ( -0.000000000000000000, -0.000000000000000000, -1.000000000000000000 ) ) ;
#1291 = AXIS2_PLACEMENT_3D ( 'NONE', #1238, #2675, #565 ) ;
#1292 = DIRECTION ( 'NONE',  ( -0.7071067811865479058, -0.7071067811865469066, 3.469446951953611107E-17 ) ) ;
#1293 = DIRECTION ( 'NONE',  ( 1.000000000000000000, 0.000000000000000000, 0.000000000000000000 ) ) ;
#1294 = VERTEX_POINT ( 'NONE', #1563 ) ;
#1295 = VERTEX_POINT ( 'NONE', #4326 ) ;
#1296 = DIRECTION ( 'NONE',  ( -1.387778780781442132E-17, 1.232595164407827968E-30, -1.000000000000000000 ) ) ;
#1297 = ADVANCED_FACE ( 'NONE', ( #2989, #2653 ), #3581, .T. ) ;
#1298 = EDGE_CURVE ( 'NONE', #3492, #2764, #124, .T. ) ;
#1299 = ADVANCED_FACE ( 'NONE', ( #4010 ), #1514, .F. ) ;
#1300 = CARTESIAN_POINT ( 'NONE',  ( -2.500000000000000000, 0.000000000000000000, 0.000000000000000000 ) ) ;
#1301 = ADVANCED_FACE ( 'NONE', ( #1195 ), #2920, .F. ) ;
#1302 = ORIENTED_EDGE ( 'NONE', *, *, #3735, .F. ) ;
#1303 = ITEM_DEFINED_TRANSFORMATION ( 'NONE', 'NONE', #156,  #1846 ) ;
#1304 = VECTOR ( 'NONE', #4092, 39.37007874015748143 ) ;
#1305 = DIRECTION ( 'NONE',  ( 0.000000000000000000, 0.000000000000000000, 1.000000000000000000 ) ) ;
#1306 = CARTESIAN_POINT ( 'NONE',  ( -0.5100000000000000089, 0.000000000000000000, 0.000000000000000000 ) ) ;
#1307 = CARTESIAN_POINT ( 'NONE',  ( -4.370956789862821150E-15, 0.1767766952966373095, 1.749999999999964695 ) ) ;
#1308 = AXIS2_PLACEMENT_3D ( 'NONE', #1692, #4185, #4432 ) ;
#1309 = EDGE_LOOP ( 'NONE', ( #2140, #417, #1411, #3863 ) ) ;
#1310 = FACE_BOUND ( 'NONE', #1875, .T. ) ;
#1311 = VECTOR ( 'NONE', #3386, 39.37007874015748143 ) ;
#1312 = DIRECTION ( 'NONE',  ( -0.000000000000000000, -0.000000000000000000, -1.000000000000000000 ) ) ;
#1313 = AXIS2_PLACEMENT_3D ( 'NONE', #2275, #449, #832 ) ;
#1314 = CIRCLE ( 'NONE', #3507, 2.500000000000000000 ) ;
#1315 = CARTESIAN_POINT ( 'NONE',  ( 0.000000000000000000, 0.2500000000000000000, -0.5150000000000001243 ) ) ;
#1316 = DIRECTION ( 'NONE',  ( 0.000000000000000000, 0.000000000000000000, 1.000000000000000000 ) ) ;
#1317 = ORIENTED_EDGE ( 'NONE', *, *, #4101, .F. ) ;
#1318 = EDGE_LOOP ( 'NONE', ( #2810, #2457 ) ) ;
#1319 = CIRCLE ( 'NONE', #3152, 2.125000000000000000 ) ;
#1320 = CARTESIAN_POINT ( 'NONE',  ( -0.5303300858899108183, 0.7071067811865481278, 1.749999999999964695 ) ) ;
#1321 = SHAPE_REPRESENTATION_RELATIONSHIP ( 'NONE' , 'NONE' ,  #2867, #2194 ) ;
#1322 = DIRECTION ( 'NONE',  ( 0.000000000000000000, 0.000000000000000000, -1.000000000000000000 ) ) ;
#1323 = ITEM_DEFINED_TRANSFORMATION ( 'NONE', 'NONE', #1037,  #1846 ) ;
#1324 = CARTESIAN_POINT ( 'NONE',  ( 0.000000000000000000, 0.5000000000000000000, 0.000000000000000000 ) ) ;
#1325 = DIRECTION ( 'NONE',  ( 1.000000000000000000, 0.000000000000000000, 0.000000000000000000 ) ) ;
#1326 = EDGE_CURVE ( 'NONE', #4198, #3572, #518, .T. ) ;
#1327 = CARTESIAN_POINT ( 'NONE',  ( 0.000000000000000000, 2.981254661859697406E-16, 4.500000000000000000 ) ) ;
#1328 = EDGE_LOOP ( 'NONE', ( #2320, #1802 ) ) ;
#1329 = EDGE_LOOP ( 'NONE', ( #2180, #1528, #3566, #2553 ) ) ;
#1330 = CARTESIAN_POINT ( 'NONE',  ( -1.500000000000000222, -8.898351010893030877E-30, 1.410000000000000364 ) ) ;
#1331 = DIRECTION ( 'NONE',  ( 0.000000000000000000, 0.000000000000000000, 1.000000000000000000 ) ) ;
#1332 = ORIENTED_EDGE ( 'NONE', *, *, #1111, .F. ) ;
#1333 = DIRECTION ( 'NONE',  ( -1.000000000000000000, 0.000000000000000000, 0.000000000000000000 ) ) ;
#1334 = DIRECTION ( 'NONE',  ( -0.000000000000000000, -0.000000000000000000, -1.000000000000000000 ) ) ;
#1335 = APPLICATION_CONTEXT ( 'automotive_design' ) ;
#1336 = DIRECTION ( 'NONE',  ( -2.589682440420852817E-29, -0.9999999999999998890, -3.491481338843080896E-15 ) ) ;
#1337 =( GEOMETRIC_REPRESENTATION_CONTEXT ( 3 ) GLOBAL_UNCERTAINTY_ASSIGNED_CONTEXT ( ( #1544 ) ) GLOBAL_UNIT_ASSIGNED_CONTEXT ( ( #1236, #605, #2674 ) ) REPRESENTATION_CONTEXT ( 'NONE', 'WORKASPACE' ) );
#1338 = ORIENTED_EDGE ( 'NONE', *, *, #2599, .T. ) ;
#1339 = ORIENTED_EDGE ( 'NONE', *, *, #2232, .F. ) ;
#1340 = AXIS2_PLACEMENT_3D ( 'NONE', #3918, #788, #3570 ) ;
#1341 = CARTESIAN_POINT ( 'NONE',  ( 1.500000000000000222, 1.500000000000000222, 2.000000000000000000 ) ) ;
#1342 = DIRECTION ( 'NONE',  ( 0.000000000000000000, 1.000000000000000000, -0.000000000000000000 ) ) ;
#1343 = VECTOR ( 'NONE', #473, 39.37007874015748143 ) ;
#1344 = PRODUCT_DEFINITION_CONTEXT ( 'detailed design', #2900, 'design' ) ;
#1345 = EDGE_CURVE ( 'NONE', #800, #4384, #4307, .T. ) ;
#1346 = CARTESIAN_POINT ( 'NONE',  ( 1.500000000000000222, -1.500000000000000222, 0.5000000000000000000 ) ) ;
#1347 = FACE_BOUND ( 'NONE', #3154, .T. ) ;
#1348 = CIRCLE ( 'NONE', #3406, 0.1250000000000000278 ) ;
#1349 = DIRECTION ( 'NONE',  ( 0.000000000000000000, 0.000000000000000000, 1.000000000000000000 ) ) ;
#1350 = ORIENTED_EDGE ( 'NONE', *, *, #3675, .T. ) ;
#1351 = EDGE_CURVE ( 'NONE', #3946, #3269, #4504, .T. ) ;
#1352 = DIRECTION ( 'NONE',  ( -3.781238829331807400E-16, 2.476382006277290301E-15, 1.000000000000000000 ) ) ;
#1353 = EDGE_CURVE ( 'NONE', #2078, #3171, #1314, .T. ) ;
#1354 = PRODUCT ( 'Assem2', 'Assem2', '', ( #534 ) ) ;
#1355 = EDGE_CURVE ( 'NONE', #2146, #2774, #2504, .T. ) ;
#1356 = CARTESIAN_POINT ( 'NONE',  ( 2.892480618433564743, 1.592040838891558109E-17, 0.5000000000000000000 ) ) ;
#1357 = ORIENTED_EDGE ( 'NONE', *, *, #4296, .T. ) ;
#1358 = CARTESIAN_POINT ( 'NONE',  ( 0.000000000000000000, 2.981254661859697406E-16, 0.000000000000000000 ) ) ;
#1359 = LINE ( 'NONE', #3106, #697 ) ;
#1360 = DIRECTION ( 'NONE',  ( 1.000000000000000000, 0.000000000000000000, 0.000000000000000000 ) ) ;
#1361 = VERTEX_POINT ( 'NONE', #946 ) ;
#1362 = ORIENTED_EDGE ( 'NONE', *, *, #4180, .T. ) ;
#1363 = CIRCLE ( 'NONE', #2253, 0.1250000000000000278 ) ;
#1364 = ADVANCED_BREP_SHAPE_REPRESENTATION ( '', ( #1913, #1846 ), #3302 ) ;
#1365 = PRODUCT_DEFINITION ( 'UNKNOWN', '', #614, #224 ) ;
#1366 = CARTESIAN_POINT ( 'NONE',  ( -1.375000000000000222, 1.499999999999999778, 2.000000000000000000 ) ) ;
#1367 = CYLINDRICAL_SURFACE ( 'NONE', #1680, 0.5100000000000000089 ) ;
#1368 = DIRECTION ( 'NONE',  ( -1.000000000000000000, 0.000000000000000000, 0.000000000000000000 ) ) ;
#1369 = PRESENTATION_STYLE_ASSIGNMENT (( #3095 ) ) ;
#1370 = DIRECTION ( 'NONE',  ( -0.000000000000000000, 0.000000000000000000, -1.000000000000000000 ) ) ;
#1371 = CYLINDRICAL_SURFACE ( 'NONE', #1269, 0.1299999999999999767 ) ;
#1372 = ORIENTED_EDGE ( 'NONE', *, *, #3072, .F. ) ;
#1373 = LINE ( 'NONE', #2809, #1828 ) ;
#1374 = DIRECTION ( 'NONE',  ( 1.000000000000000000, 0.000000000000000000, 0.000000000000000000 ) ) ;
#1375 = ORIENTED_EDGE ( 'NONE', *, *, #889, .T. ) ;
#1376 = CARTESIAN_POINT ( 'NONE',  ( -0.9999999999999996669, -1.500000000000000222, 2.000000000000000000 ) ) ;
#1377 = DIRECTION ( 'NONE',  ( -0.000000000000000000, -0.000000000000000000, -1.000000000000000000 ) ) ;
#1378 = AXIS2_PLACEMENT_3D ( 'NONE', #3086, #2130, #37 ) ;
#1379 = DIRECTION ( 'NONE',  ( -0.2181962750586179389, 7.041798569679957180E-16, -0.9759049059977840113 ) ) ;
#1380 = EDGE_CURVE ( 'NONE', #66, #1055, #4374, .T. ) ;
#1381 = CARTESIAN_POINT ( 'NONE',  ( 2.762480618433564850, 0.000000000000000000, 0.000000000000000000 ) ) ;
#1382 = EDGE_LOOP ( 'NONE', ( #2087, #1091, #164, #2845 ) ) ;
#1383 = ORIENTED_EDGE ( 'NONE', *, *, #1725, .F. ) ;
#1384 = CIRCLE ( 'NONE', #1684, 2.500000000000000000 ) ;
#1385 = EDGE_CURVE ( 'NONE', #3885, #3395, #3764, .T. ) ;
#1386 = ADVANCED_FACE ( 'NONE', ( #2056 ), #3100, .F. ) ;
#1387 = PRODUCT_DEFINITION_CONTEXT ( 'detailed design', #1632, 'design' ) ;
#1388 = DIRECTION ( 'NONE',  ( 0.000000000000000000, 0.000000000000000000, 1.000000000000000000 ) ) ;
#1389 = VERTEX_POINT ( 'NONE', #2352 ) ;
#1390 = CARTESIAN_POINT ( 'NONE',  ( 2.762480618433564850, 0.000000000000000000, 0.5000000000000000000 ) ) ;
#1391 = CARTESIAN_POINT ( 'NONE',  ( 3.000000000000000444, 3.673940397442060361E-16, 0.000000000000000000 ) ) ;
#1392 = PRODUCT_DEFINITION_SHAPE ( 'NONE', 'NONE',  #1028 ) ;
#1393 = VECTOR ( 'NONE', #3233, 39.37007874015748143 ) ;
#1394 = DIRECTION ( 'NONE',  ( 0.000000000000000000, 0.000000000000000000, 1.000000000000000000 ) ) ;
#1395 = APPLICATION_CONTEXT ( 'automotive_design' ) ;
#1396 = CARTESIAN_POINT ( 'NONE',  ( 0.000000000000000000, 0.000000000000000000, 4.000000000000000000 ) ) ;
#1397 = ORIENTED_EDGE ( 'NONE', *, *, #1668, .T. ) ;
#1398 = FACE_OUTER_BOUND ( 'NONE', #2723, .T. ) ;
#1399 = FACE_OUTER_BOUND ( 'NONE', #4176, .T. ) ;
#1400 = CARTESIAN_POINT ( 'NONE',  ( -0.7071067811865492381, 0.7071067811865470176, -2.185478394931410575E-15 ) ) ;
#1401 = ORIENTED_EDGE ( 'NONE', *, *, #3486, .F. ) ;
#1402 = FACE_OUTER_BOUND ( 'NONE', #1569, .T. ) ;
#1403 =( GEOMETRIC_REPRESENTATION_CONTEXT ( 3 ) GLOBAL_UNCERTAINTY_ASSIGNED_CONTEXT ( ( #1670 ) ) GLOBAL_UNIT_ASSIGNED_CONTEXT ( ( #455, #433, #1503 ) ) REPRESENTATION_CONTEXT ( 'NONE', 'WORKASPACE' ) );
#1404 = DIRECTION ( 'NONE',  ( 0.000000000000000000, 0.000000000000000000, 1.000000000000000000 ) ) ;
#1405 = AXIS2_PLACEMENT_3D ( 'NONE', #3216, #2357, #1293 ) ;
#1406 = EDGE_LOOP ( 'NONE', ( #14, #1088 ) ) ;
#1407 = ORIENTED_EDGE ( 'NONE', *, *, #498, .T. ) ;
#1408 = DIRECTION ( 'NONE',  ( -0.000000000000000000, -0.000000000000000000, -1.000000000000000000 ) ) ;
#1409 =( LENGTH_UNIT ( ) NAMED_UNIT ( * ) SI_UNIT ( $, .METRE. ) );
#1410 = EDGE_CURVE ( 'NONE', #3085, #4447, #238, .T. ) ;
#1411 = ORIENTED_EDGE ( 'NONE', *, *, #4126, .T. ) ;
#1412 = EDGE_CURVE ( 'NONE', #3908, #4446, #3076, .T. ) ;
#1413 = CIRCLE ( 'NONE', #104, 2.500000000000000000 ) ;
#1414 = AXIS2_PLACEMENT_3D ( 'NONE', #351, #3501, #51 ) ;
#1415 = LINE ( 'NONE', #23, #3500 ) ;
#1416 = CARTESIAN_POINT ( 'NONE',  ( 0.8750000000000002220, -1.500000000000000444, 2.000000000000000000 ) ) ;
#1417 = AXIS2_PLACEMENT_3D ( 'NONE', #2589, #3719, #838 ) ;
#1418 = LENGTH_MEASURE_WITH_UNIT ( LENGTH_MEASURE( 0.02539999999999999897 ), #2093 );
#1419 = LINE ( 'NONE', #373, #3973 ) ;
#1420 = CYLINDRICAL_SURFACE ( 'NONE', #4477, 0.3750000000000000555 ) ;
#1421 = CIRCLE ( 'NONE', #2960, 0.3799999999999999489 ) ;
#1422 = EDGE_LOOP ( 'NONE', ( #4018, #31 ) ) ;
#1423 = SURFACE_SIDE_STYLE ('',( #1081 ) ) ;
#1424 = VECTOR ( 'NONE', #2260, 39.37007874015748143 ) ;
#1425 = DIRECTION ( 'NONE',  ( 0.000000000000000000, 0.000000000000000000, 1.000000000000000000 ) ) ;
#1426 = DIRECTION ( 'NONE',  ( 0.000000000000000000, 0.000000000000000000, 1.000000000000000000 ) ) ;
#1427 = VERTEX_POINT ( 'NONE', #4488 ) ;
#1428 = CARTESIAN_POINT ( 'NONE',  ( -2.125000000000000000, 2.981254661859697406E-16, 0.000000000000000000 ) ) ;
#1429 = AXIS2_PLACEMENT_3D ( 'NONE', #1246, #3306, #2634 ) ;
#1430 = FACE_BOUND ( 'NONE', #4433, .T. ) ;
#1431 = EDGE_LOOP ( 'NONE', ( #1707, #2288, #2935, #1302 ) ) ;
#1432 = ORIENTED_EDGE ( 'NONE', *, *, #2461, .F. ) ;
#1433 = PRODUCT ( 'melter_plate', 'melter_plate', '', ( #1234 ) ) ;
#1434 = DIRECTION ( 'NONE',  ( -1.000000000000000000, 0.000000000000000000, 0.000000000000000000 ) ) ;
#1435 = AXIS2_PLACEMENT_3D ( 'NONE', #3334, #1201, #243 ) ;
#1436 = AXIS2_PLACEMENT_3D ( 'NONE', #2006, #607, #2350 ) ;
#1437 = ORIENTED_EDGE ( 'NONE', *, *, #1926, .F. ) ;
#1438 = ORIENTED_EDGE ( 'NONE', *, *, #4339, .T. ) ;
#1439 = AXIS2_PLACEMENT_3D ( 'NONE', #3260, #121, #2233 ) ;
#1440 = LINE ( 'NONE', #4234, #308 ) ;
#1441 = ADVANCED_FACE ( 'NONE', ( #4060 ), #2765, .F. ) ;
#1442 = ITEM_DEFINED_TRANSFORMATION ( 'NONE', 'NONE', #1178,  #1846 ) ;
#1443 = EDGE_CURVE ( 'NONE', #3004, #59, #733, .T. ) ;
#1444 =( CONVERSION_BASED_UNIT ( 'INCH', #716 ) LENGTH_UNIT ( ) NAMED_UNIT ( #1845 ) );
#1445 = DIRECTION ( 'NONE',  ( -0.000000000000000000, -0.000000000000000000, -1.000000000000000000 ) ) ;
#1446 = DIRECTION ( 'NONE',  ( -0.000000000000000000, -0.000000000000000000, -1.000000000000000000 ) ) ;
#1447 = ADVANCED_FACE ( 'NONE', ( #216, #1310, #3034, #1610, #3741, #4393, #589, #1992, #926 ), #4466, .T. ) ;
#1448 = SURFACE_STYLE_FILL_AREA ( #4219 ) ;
#1449 = ORIENTED_EDGE ( 'NONE', *, *, #146, .T. ) ;
#1450 = CARTESIAN_POINT ( 'NONE',  ( 1.712499999999999911, 6.276314845630182999E-17, 0.5000000000000000000 ) ) ;
#1451 = CARTESIAN_POINT ( 'NONE',  ( -0.7071067811865492381, 0.7071067811865470176, -2.185478394931410575E-15 ) ) ;
#1452 = LINE ( 'NONE', #2520, #274 ) ;
#1453 = ORIENTED_EDGE ( 'NONE', *, *, #1443, .T. ) ;
#1454 = LINE ( 'NONE', #2586, #1676 ) ;
#1455 = SHAPE_REPRESENTATION ( 'Melter_evaportor_pipe', ( #1846 ), #3892 ) ;
#1456 = CARTESIAN_POINT ( 'NONE',  ( 0.5124999999999999556, 3.608886146422715829E-16, 4.500000000000000000 ) ) ;
#1457 = ORIENTED_EDGE ( 'NONE', *, *, #3400, .T. ) ;
#1458 = AXIS2_PLACEMENT_3D ( 'NONE', #1358, #3151, #4172 ) ;
#1459 = DIRECTION ( 'NONE',  ( 0.000000000000000000, 0.000000000000000000, 1.000000000000000000 ) ) ;
#1460 = ORIENTED_EDGE ( 'NONE', *, *, #2388, .F. ) ;
#1461 = ORIENTED_EDGE ( 'NONE', *, *, #821, .T. ) ;
#1462 = CIRCLE ( 'NONE', #1524, 0.1299999999999999767 ) ;
#1463 = DIRECTION ( 'NONE',  ( -0.000000000000000000, -1.000000000000000000, -0.000000000000000000 ) ) ;
#1464 =( LENGTH_UNIT ( ) NAMED_UNIT ( * ) SI_UNIT ( $, .METRE. ) );
#1465 = FACE_OUTER_BOUND ( 'NONE', #1145, .T. ) ;
#1466 = FACE_OUTER_BOUND ( 'NONE', #2214, .T. ) ;
#1467 = VERTEX_POINT ( 'NONE', #3081 ) ;
#1468 = DIRECTION ( 'NONE',  ( 0.9446024033098308070, 3.275841778146693649E-15, -0.3282168485335449915 ) ) ;
#1469 = ORIENTED_EDGE ( 'NONE', *, *, #4268, .F. ) ;
#1470 = LINE ( 'NONE', #671, #2720 ) ;
#1471 = FACE_OUTER_BOUND ( 'NONE', #1478, .T. ) ;
#1472 = ORIENTED_EDGE ( 'NONE', *, *, #1548, .F. ) ;
#1473 = DIRECTION ( 'NONE',  ( -0.000000000000000000, -0.000000000000000000, -1.000000000000000000 ) ) ;
#1474 = DIRECTION ( 'NONE',  ( 1.000000000000000000, 0.000000000000000000, -0.000000000000000000 ) ) ;
#1475 =( GEOMETRIC_REPRESENTATION_CONTEXT ( 3 ) GLOBAL_UNCERTAINTY_ASSIGNED_CONTEXT ( ( #3411 ) ) GLOBAL_UNIT_ASSIGNED_CONTEXT ( ( #1806, #64, #1116 ) ) REPRESENTATION_CONTEXT ( 'NONE', 'WORKASPACE' ) );
#1476 = CARTESIAN_POINT ( 'NONE',  ( 0.000000000000000000, 2.981254661859697406E-16, 4.000000000000000000 ) ) ;
#1477 = VERTEX_POINT ( 'NONE', #4419 ) ;
#1478 = EDGE_LOOP ( 'NONE', ( #533, #332 ) ) ;
#1479 = LINE ( 'NONE', #2621, #3231 ) ;
#1480 = APPLICATION_CONTEXT ( 'automotive_design' ) ;
#1481 = AXIS2_PLACEMENT_3D ( 'NONE', #2884, #4269, #2813 ) ;
#1482 = CIRCLE ( 'NONE', #982, 0.1249999999999999029 ) ;
#1483 = CYLINDRICAL_SURFACE ( 'NONE', #323, 2.500000000000000000 ) ;
#1484 = CARTESIAN_POINT ( 'NONE',  ( 3.061616997868383141E-16, 0.000000000000000000, 2.500000000000000000 ) ) ;
#1485 = DIRECTION ( 'NONE',  ( -1.000000000000000000, 0.000000000000000000, 0.000000000000000000 ) ) ;
#1486 = CIRCLE ( 'NONE', #1560, 0.1299999999999999767 ) ;
#1487 = AXIS2_PLACEMENT_3D ( 'NONE', #591, #142, #1536 ) ;
#1488 = VERTEX_POINT ( 'NONE', #2703 ) ;
#1489 = EDGE_CURVE ( 'NONE', #3309, #4132, #1384, .T. ) ;
#1490 = DIRECTION ( 'NONE',  ( 0.000000000000000000, 0.000000000000000000, 1.000000000000000000 ) ) ;
#1491 = ORIENTED_EDGE ( 'NONE', *, *, #2207, .T. ) ;
#1492 = DIRECTION ( 'NONE',  ( -0.000000000000000000, -0.000000000000000000, -1.000000000000000000 ) ) ;
#1493 = SURFACE_STYLE_FILL_AREA ( #101 ) ;
#1494 = VERTEX_POINT ( 'NONE', #632 ) ;
#1495 = DIRECTION ( 'NONE',  ( -1.000000000000000000, 0.000000000000000000, 0.000000000000000000 ) ) ;
#1496 = EDGE_CURVE ( 'NONE', #1125, #2064, #3396, .T. ) ;
#1497 = AXIS2_PLACEMENT_3D ( 'NONE', #1916, #4290, #165 ) ;
#1498 = EDGE_CURVE ( 'NONE', #1751, #1018, #4439, .T. ) ;
#1499 = DIRECTION ( 'NONE',  ( 0.000000000000000000, 0.000000000000000000, -1.000000000000000000 ) ) ;
#1500 = EDGE_CURVE ( 'NONE', #3004, #253, #972, .T. ) ;
#1501 = CIRCLE ( 'NONE', #2097, 0.1320000000000000062 ) ;
#1502 = LINE ( 'NONE', #387, #1062 ) ;
#1503 =( NAMED_UNIT ( * ) SI_UNIT ( $, .STERADIAN. ) SOLID_ANGLE_UNIT ( ) );
#1504 = VERTEX_POINT ( 'NONE', #2745 ) ;
#1505 = ORIENTED_EDGE ( 'NONE', *, *, #884, .F. ) ;
#1506 = CARTESIAN_POINT ( 'NONE',  ( 2.500000000000000000, 3.061616997868383141E-16, 0.000000000000000000 ) ) ;
#1507 = CARTESIAN_POINT ( 'NONE',  ( 0.3799999999999999489, 3.446620445535691581E-16, 4.000000000000000000 ) ) ;
#1508 = DIRECTION ( 'NONE',  ( -0.000000000000000000, -0.000000000000000000, -1.000000000000000000 ) ) ;
#1509 = ORIENTED_EDGE ( 'NONE', *, *, #692, .F. ) ;
#1510 = ORIENTED_EDGE ( 'NONE', *, *, #386, .F. ) ;
#1511 =( NAMED_UNIT ( * ) PLANE_ANGLE_UNIT ( ) SI_UNIT ( $, .RADIAN. ) );
#1512 =( NAMED_UNIT ( * ) PLANE_ANGLE_UNIT ( ) SI_UNIT ( $, .RADIAN. ) );
#1513 = PLANE ( 'NONE',  #657 ) ;
#1514 = CYLINDRICAL_SURFACE ( 'NONE', #3252, 0.3799999999999999489 ) ;
#1515 = DIRECTION ( 'NONE',  ( -0.000000000000000000, -0.000000000000000000, -1.000000000000000000 ) ) ;
#1516 = CARTESIAN_POINT ( 'NONE',  ( 0.000000000000000000, 0.2500000000000000000, -2.500000000000000000 ) ) ;
#1517 =( NAMED_UNIT ( * ) PLANE_ANGLE_UNIT ( ) SI_UNIT ( $, .RADIAN. ) );
#1518 = AXIS2_PLACEMENT_3D ( 'NONE', #1043, #2362, #2089 ) ;
#1519 = ORIENTED_EDGE ( 'NONE', *, *, #1693, .T. ) ;
#1520 = EDGE_LOOP ( 'NONE', ( #1779, #447 ) ) ;
#1521 = EDGE_CURVE ( 'NONE', #1042, #3946, #1679, .T. ) ;
#1522 = CIRCLE ( 'NONE', #1458, 2.500000000000000000 ) ;
#1523 = DIRECTION ( 'NONE',  ( 0.000000000000000000, 0.000000000000000000, 1.000000000000000000 ) ) ;
#1524 = AXIS2_PLACEMENT_3D ( 'NONE', #2644, #3001, #4383 ) ;
#1525 = VECTOR ( 'NONE', #2099, 39.37007874015748143 ) ;
#1526 = FACE_BOUND ( 'NONE', #174, .T. ) ;
#1527 = CARTESIAN_POINT ( 'NONE',  ( -1.233441488821026555, 0.8936565859741945062, 0.5000000000000001110 ) ) ;
#1528 = ORIENTED_EDGE ( 'NONE', *, *, #3512, .T. ) ;
#1529 =( NAMED_UNIT ( * ) SI_UNIT ( $, .STERADIAN. ) SOLID_ANGLE_UNIT ( ) );
#1530 = ORIENTED_EDGE ( 'NONE', *, *, #4339, .F. ) ;
#1531 = CARTESIAN_POINT ( 'NONE',  ( 2.125000000000000000, 5.583629110047823249E-16, 2.500000000000000000 ) ) ;
#1532 = STYLED_ITEM ( 'NONE', ( #719 ), #390 ) ;
#1533 = LINE ( 'NONE', #1914, #3053 ) ;
#1534 = CYLINDRICAL_SURFACE ( 'NONE', #2639, 0.1250000000000000278 ) ;
#1535 = DIRECTION ( 'NONE',  ( 0.000000000000000000, 0.000000000000000000, 1.000000000000000000 ) ) ;
#1536 = DIRECTION ( 'NONE',  ( -1.000000000000000000, 0.000000000000000000, 0.000000000000000000 ) ) ;
#1537 = CIRCLE ( 'NONE', #2709, 0.5150000000000038991 ) ;
#1538 = CIRCLE ( 'NONE', #16, 2.500000000000000000 ) ;
#1539 = CARTESIAN_POINT ( 'NONE',  ( 0.000000000000000000, 0.09999999999999947820, 0.000000000000000000 ) ) ;
#1540 = DIRECTION ( 'NONE',  ( -3.781238829331807400E-16, 2.476382006277290301E-15, 1.000000000000000000 ) ) ;
#1541 = ADVANCED_FACE ( 'NONE', ( #1728 ), #1082, .F. ) ;
#1542 = ORIENTED_EDGE ( 'NONE', *, *, #1782, .F. ) ;
#1543 = VERTEX_POINT ( 'NONE', #3877 ) ;
#1544 = UNCERTAINTY_MEASURE_WITH_UNIT (LENGTH_MEASURE( 1.000000000000000082E-05 ), #1236, 'distance_accuracy_value', 'NONE');
#1545 = PRODUCT_DEFINITION_FORMATION_WITH_SPECIFIED_SOURCE ( 'ANY', '', #3886, .NOT_KNOWN. ) ;
#1546 = DIRECTION ( 'NONE',  ( 0.000000000000000000, 0.000000000000000000, 1.000000000000000000 ) ) ;
#1547 = EDGE_CURVE ( 'NONE', #577, #843, #1033, .T. ) ;
#1548 = EDGE_CURVE ( 'NONE', #1999, #3181, #741, .T. ) ;
#1549 = EDGE_CURVE ( 'NONE', #4239, #4380, #4306, .T. ) ;
#1550 = CARTESIAN_POINT ( 'NONE',  ( -2.125000000000000000, 2.981254661859697406E-16, 0.000000000000000000 ) ) ;
#1551 = FACE_BOUND ( 'NONE', #2595, .T. ) ;
#1552 = ORIENTED_EDGE ( 'NONE', *, *, #2464, .T. ) ;
#1553 = SHAPE_DEFINITION_REPRESENTATION ( #1804, #2840 ) ;
#1554 = EDGE_LOOP ( 'NONE', ( #1855, #3814 ) ) ;
#1555 = VECTOR ( 'NONE', #1801, 39.37007874015748143 ) ;
#1556 = CARTESIAN_POINT ( 'NONE',  ( 0.000000000000000000, 0.000000000000000000, 0.5000000000000000000 ) ) ;
#1557 = EDGE_CURVE ( 'NONE', #1044, #1065, #3460, .T. ) ;
#1558 = DIRECTION ( 'NONE',  ( 0.000000000000000000, 0.000000000000000000, 1.000000000000000000 ) ) ;
#1559 = DIRECTION ( 'NONE',  ( 0.000000000000000000, 0.000000000000000000, 1.000000000000000000 ) ) ;
#1560 = AXIS2_PLACEMENT_3D ( 'NONE', #2076, #2371, #3760 ) ;
#1561 = AXIS2_PLACEMENT_3D ( 'NONE', #4280, #1184, #2270 ) ;
#1562 = ORIENTED_EDGE ( 'NONE', *, *, #3044, .F. ) ;
#1563 = CARTESIAN_POINT ( 'NONE',  ( 4.653657836759941744E-17, 8.699999999999999289, 0.3799999999999999489 ) ) ;
#1564 = CARTESIAN_POINT ( 'NONE',  ( -1.233441488821026111, 0.8936565859741932849, 0.000000000000000000 ) ) ;
#1565 = AXIS2_PLACEMENT_3D ( 'NONE', #2011, #3769, #3790 ) ;
#1566 = DIRECTION ( 'NONE',  ( 0.000000000000000000, 0.000000000000000000, 1.000000000000000000 ) ) ;
#1567 = CARTESIAN_POINT ( 'NONE',  ( -0.9999999999999996669, -1.500000000000000222, 2.000000000000000000 ) ) ;
#1568 = EDGE_LOOP ( 'NONE', ( #2108, #1671, #696, #3227 ) ) ;
#1569 = EDGE_LOOP ( 'NONE', ( #1375, #1263, #4438, #3954 ) ) ;
#1570 = FILL_AREA_STYLE_COLOUR ( '', #1998 ) ;
#1571 = DIRECTION ( 'NONE',  ( -1.000000000000000000, 0.000000000000000000, 0.000000000000000000 ) ) ;
#1572 = DIMENSIONAL_EXPONENTS ( 1.000000000000000000, 0.000000000000000000, 0.000000000000000000, 0.000000000000000000, 0.000000000000000000, 0.000000000000000000, 0.000000000000000000 ) ;
#1573 = FACE_OUTER_BOUND ( 'NONE', #380, .T. ) ;
#1574 = LINE ( 'NONE', #917, #4448 ) ;
#1575 = EDGE_CURVE ( 'NONE', #1751, #2839, #220, .T. ) ;
#1576 = EDGE_CURVE ( 'NONE', #1504, #1923, #3950, .T. ) ;
#1577 = ORIENTED_EDGE ( 'NONE', *, *, #3736, .F. ) ;
#1578 = ORIENTED_EDGE ( 'NONE', *, *, #241, .T. ) ;
#1579 = SHAPE_DEFINITION_REPRESENTATION ( #3115, #52 ) ;
#1580 = CARTESIAN_POINT ( 'NONE',  ( -0.8749999999999997780, -1.500000000000000222, 2.000000000000000000 ) ) ;
#1581 =( LENGTH_UNIT ( ) NAMED_UNIT ( * ) SI_UNIT ( $, .METRE. ) );
#1582 = CIRCLE ( 'NONE', #4428, 2.125000000000000000 ) ;
#1583 = ADVANCED_FACE ( 'NONE', ( #1399 ), #404, .T. ) ;
#1584 = CARTESIAN_POINT ( 'NONE',  ( 0.000000000000000000, 2.981254661859697406E-16, 4.000000000000000000 ) ) ;
#1585 = CARTESIAN_POINT ( 'NONE',  ( -0.3750000000000000555, 0.000000000000000000, 4.000000000000000000 ) ) ;
#1586 = ORIENTED_EDGE ( 'NONE', *, *, #3066, .T. ) ;
#1587 = DIRECTION ( 'NONE',  ( 1.000000000000000000, 0.000000000000000000, 0.000000000000000000 ) ) ;
#1588 = CARTESIAN_POINT ( 'NONE',  ( -2.500000000000000000, 2.981254661859697406E-16, 2.500000000000000000 ) ) ;
#1589 = CARTESIAN_POINT ( 'NONE',  ( 2.826998797522894069, -0.5979102385652538265, 0.000000000000000000 ) ) ;
#1590 = DIRECTION ( 'NONE',  ( 0.000000000000000000, 0.000000000000000000, 1.000000000000000000 ) ) ;
#1591 = PRODUCT_DEFINITION_CONTEXT ( 'detailed design', #704, 'design' ) ;
#1592 = ORIENTED_EDGE ( 'NONE', *, *, #2206, .F. ) ;
#1593 = ORIENTED_EDGE ( 'NONE', *, *, #4431, .F. ) ;
#1594 = DIRECTION ( 'NONE',  ( -0.000000000000000000, -0.000000000000000000, -1.000000000000000000 ) ) ;
#1595 =( NAMED_UNIT ( * ) SI_UNIT ( $, .STERADIAN. ) SOLID_ANGLE_UNIT ( ) );
#1596 = FACE_OUTER_BOUND ( 'NONE', #3686, .T. ) ;
#1597 = CARTESIAN_POINT ( 'NONE',  ( 0.000000000000000000, 0.000000000000000000, 0.000000000000000000 ) ) ;
#1598 = AXIS2_PLACEMENT_3D ( 'NONE', #2918, #2234, #1495 ) ;
#1599 = ORIENTED_EDGE ( 'NONE', *, *, #3850, .F. ) ;
#1600 = ORIENTED_EDGE ( 'NONE', *, *, #1353, .T. ) ;
#1601 = APPLICATION_PROTOCOL_DEFINITION ( 'draft international standard', 'automotive_design', 1998, #2670 ) ;
#1602 = VERTEX_POINT ( 'NONE', #1451 ) ;
#1603 = FILL_AREA_STYLE_COLOUR ( '', #3579 ) ;
#1604 = AXIS2_PLACEMENT_3D ( 'NONE', #2079, #4168, #698 ) ;
#1605 = CARTESIAN_POINT ( 'NONE',  ( 0.000000000000000000, 2.981254661859697406E-16, 4.000000000000000000 ) ) ;
#1606 = DIRECTION ( 'NONE',  ( -0.000000000000000000, -0.000000000000000000, -1.000000000000000000 ) ) ;
#1607 =( CONVERSION_BASED_UNIT ( 'INCH', #630 ) LENGTH_UNIT ( ) NAMED_UNIT ( #3224 ) );
#1608 = ORIENTED_EDGE ( 'NONE', *, *, #1244, .F. ) ;
#1609 = EDGE_CURVE ( 'NONE', #2486, #2278, #2857, .T. ) ;
#1610 = FACE_BOUND ( 'NONE', #3175, .T. ) ;
#1611 = CYLINDRICAL_SURFACE ( 'NONE', #3090, 0.5124999999999999556 ) ;
#1612 = FACE_OUTER_BOUND ( 'NONE', #4243, .T. ) ;
#1613 = DIRECTION ( 'NONE',  ( -0.000000000000000000, -0.000000000000000000, -1.000000000000000000 ) ) ;
#1614 = EDGE_LOOP ( 'NONE', ( #701, #625, #173, #363 ) ) ;
#1615 = ORIENTED_EDGE ( 'NONE', *, *, #149, .F. ) ;
#1616 = PRODUCT_RELATED_PRODUCT_CATEGORY ( 'part', '', ( #600 ) ) ;
#1617 = DIRECTION ( 'NONE',  ( 1.000000000000000000, 0.000000000000000000, -0.000000000000000000 ) ) ;
#1618 = VECTOR ( 'NONE', #865, 39.37007874015748143 ) ;
#1619 = CARTESIAN_POINT ( 'NONE',  ( -1.500000000000000222, 0.000000000000000000, 0.000000000000000000 ) ) ;
#1620 = COLOUR_RGB ( '',0.7921568627450980005, 0.8196078431372548767, 0.9333333333333333481 ) ;
#1621 = ORIENTED_EDGE ( 'NONE', *, *, #936, .T. ) ;
#1622 = APPLICATION_PROTOCOL_DEFINITION ( 'draft international standard', 'automotive_design', 1998, #1480 ) ;
#1623 = ORIENTED_EDGE ( 'NONE', *, *, #3822, .F. ) ;
#1624 = FILL_AREA_STYLE ('',( #921 ) ) ;
#1625 = PRODUCT_DEFINITION_FORMATION_WITH_SPECIFIED_SOURCE ( 'ANY', '', #3478, .NOT_KNOWN. ) ;
#1626 = DIRECTION ( 'NONE',  ( 0.000000000000000000, 0.000000000000000000, -1.000000000000000000 ) ) ;
#1627 = FACE_OUTER_BOUND ( 'NONE', #807, .T. ) ;
#1628 = EDGE_CURVE ( 'NONE', #2373, #1602, #1373, .T. ) ;
#1629 = CARTESIAN_POINT ( 'NONE',  ( 0.000000000000000000, 2.981254661859697406E-16, 2.500000000000000000 ) ) ;
#1630 = ORIENTED_EDGE ( 'NONE', *, *, #2408, .F. ) ;
#1631 = DIRECTION ( 'NONE',  ( 2.958228394578799525E-31, 6.310887241768105654E-30, -1.000000000000000000 ) ) ;
#1632 = APPLICATION_CONTEXT ( 'automotive_design' ) ;
#1633 = AXIS2_PLACEMENT_3D ( 'NONE', #2394, #1096, #1768 ) ;
#1634 = CIRCLE ( 'NONE', #4272, 0.5150000000000003464 ) ;
#1635 = CARTESIAN_POINT ( 'NONE',  ( -0.9999999999999996669, -1.500000000000000222, 2.000000000000000000 ) ) ;
#1636 = ADVANCED_FACE ( 'NONE', ( #2831 ), #2519, .F. ) ;
#1637 = ADVANCED_FACE ( 'NONE', ( #2168 ), #3217, .F. ) ;
#1638 = DIRECTION ( 'NONE',  ( 0.000000000000000000, -0.000000000000000000, 1.000000000000000000 ) ) ;
#1639 =( NAMED_UNIT ( * ) PLANE_ANGLE_UNIT ( ) SI_UNIT ( $, .RADIAN. ) );
#1640 = EDGE_CURVE ( 'NONE', #2821, #2817, #1470, .T. ) ;
#1641 = DIRECTION ( 'NONE',  ( 0.000000000000000000, 0.000000000000000000, 1.000000000000000000 ) ) ;
#1642 = VECTOR ( 'NONE', #4049, 39.37007874015748854 ) ;
#1643 = ORIENTED_EDGE ( 'NONE', *, *, #3446, .F. ) ;
#1644 = ORIENTED_EDGE ( 'NONE', *, *, #4390, .F. ) ;
#1645 = CIRCLE ( 'NONE', #3035, 2.500000000000000000 ) ;
#1646 = DIRECTION ( 'NONE',  ( -0.000000000000000000, -0.000000000000000000, -1.000000000000000000 ) ) ;
#1647 =( NAMED_UNIT ( * ) SI_UNIT ( $, .STERADIAN. ) SOLID_ANGLE_UNIT ( ) );
#1648 = AXIS2_PLACEMENT_3D ( 'NONE', #2035, #1735, #3131 ) ;
#1649 = DIRECTION ( 'NONE',  ( -0.000000000000000000, -1.000000000000000000, -0.000000000000000000 ) ) ;
#1650 = AXIS2_PLACEMENT_3D ( 'NONE', #753, #414, #365 ) ;
#1651 = ORIENTED_EDGE ( 'NONE', *, *, #1926, .T. ) ;
#1652 = FILL_AREA_STYLE ('',( #1603 ) ) ;
#1653 = CARTESIAN_POINT ( 'NONE',  ( 0.000000000000000000, 2.981254661859697406E-16, 0.000000000000000000 ) ) ;
#1654 = DIRECTION ( 'NONE',  ( 0.000000000000000000, 0.000000000000000000, 1.000000000000000000 ) ) ;
#1655 = SURFACE_STYLE_FILL_AREA ( #2742 ) ;
#1656 = VECTOR ( 'NONE', #1540, 39.37007874015748143 ) ;
#1657 = EDGE_LOOP ( 'NONE', ( #1703, #1727, #2617, #3438 ) ) ;
#1658 = DIRECTION ( 'NONE',  ( 1.000000000000000000, 0.000000000000000000, 0.000000000000000000 ) ) ;
#1659 = AXIS2_PLACEMENT_3D ( 'NONE', #2380, #700, #3128 ) ;
#1660 = DIRECTION ( 'NONE',  ( 0.000000000000000000, 0.000000000000000000, 1.000000000000000000 ) ) ;
#1661 = CIRCLE ( 'NONE', #1740, 0.1249999999999999029 ) ;
#1662 = FACE_BOUND ( 'NONE', #2928, .T. ) ;
#1663 = CARTESIAN_POINT ( 'NONE',  ( 0.000000000000000000, 0.000000000000000000, 0.000000000000000000 ) ) ;
#1664 = EDGE_LOOP ( 'NONE', ( #3553, #292, #961, #135 ) ) ;
#1665 = ORIENTED_EDGE ( 'NONE', *, *, #4431, .T. ) ;
#1666 = DIRECTION ( 'NONE',  ( 0.000000000000000000, 0.000000000000000000, 1.000000000000000000 ) ) ;
#1667 = CIRCLE ( 'NONE', #3928, 3.000000000000000444 ) ;
#1668 = EDGE_CURVE ( 'NONE', #285, #2028, #3807, .T. ) ;
#1669 = CARTESIAN_POINT ( 'NONE',  ( -1.500000000000000222, 1.499999999999999778, 2.000000000000000000 ) ) ;
#1670 = UNCERTAINTY_MEASURE_WITH_UNIT (LENGTH_MEASURE( 1.000000000000000082E-05 ), #455, 'distance_accuracy_value', 'NONE');
#1671 = ORIENTED_EDGE ( 'NONE', *, *, #349, .F. ) ;
#1672 = ITEM_DEFINED_TRANSFORMATION ( 'NONE', 'NONE', #822,  #1846 ) ;
#1673 = AXIS2_PLACEMENT_3D ( 'NONE', #620, #2066, #2043 ) ;
#1674 = CARTESIAN_POINT ( 'NONE',  ( 0.000000000000000000, 0.2500000000000000000, 0.000000000000000000 ) ) ;
#1675 = DIRECTION ( 'NONE',  ( -0.000000000000000000, -0.000000000000000000, -1.000000000000000000 ) ) ;
#1676 = VECTOR ( 'NONE', #1800, 39.37007874015748143 ) ;
#1677 = CARTESIAN_POINT ( 'NONE',  ( 0.000000000000000000, 0.5000000000000000000, 0.000000000000000000 ) ) ;
#1678 = ORIENTED_EDGE ( 'NONE', *, *, #3876, .T. ) ;
#1679 = LINE ( 'NONE', #1058, #1525 ) ;
#1680 = AXIS2_PLACEMENT_3D ( 'NONE', #1026, #4454, #1322 ) ;
#1681 = CARTESIAN_POINT ( 'NONE',  ( 0.000000000000000000, 2.981254661859697406E-16, 2.500000000000000000 ) ) ;
#1682 = ORIENTED_EDGE ( 'NONE', *, *, #1244, .T. ) ;
#1683 = CARTESIAN_POINT ( 'NONE',  ( 1.199999999999999956, 4.688496155794079738E-18, 0.000000000000000000 ) ) ;
#1684 = AXIS2_PLACEMENT_3D ( 'NONE', #610, #2008, #1658 ) ;
#1685 = PLANE ( 'NONE',  #1565 ) ;
#1686 = DIRECTION ( 'NONE',  ( 0.9976385494681359045, 0.000000000000000000, -0.06868278252309047149 ) ) ;
#1687 = CARTESIAN_POINT ( 'NONE',  ( 0.9849999999999999867, 0.000000000000000000, 0.5000000000000000000 ) ) ;
#1688 = ORIENTED_EDGE ( 'NONE', *, *, #1892, .T. ) ;
#1689 = ORIENTED_EDGE ( 'NONE', *, *, #1783, .T. ) ;
#1690 = LINE ( 'NONE', #2798, #3063 ) ;
#1691 = ADVANCED_FACE ( 'NONE', ( #378, #1009 ), #3831, .T. ) ;
#1692 = CARTESIAN_POINT ( 'NONE',  ( 2.503657696024160106, -1.167474757054767664, 0.5000000000000000000 ) ) ;
#1693 = EDGE_CURVE ( 'NONE', #3056, #403, #1276, .T. ) ;
#1694 =( GEOMETRIC_REPRESENTATION_CONTEXT ( 3 ) GLOBAL_UNCERTAINTY_ASSIGNED_CONTEXT ( ( #3654 ) ) GLOBAL_UNIT_ASSIGNED_CONTEXT ( ( #2222, #2001, #1647 ) ) REPRESENTATION_CONTEXT ( 'NONE', 'WORKASPACE' ) );
#1695 = EDGE_CURVE ( 'NONE', #1294, #338, #4222, .T. ) ;
#1696 = ITEM_DEFINED_TRANSFORMATION ( 'NONE', 'NONE', #2733,  #1846 ) ;
#1697 = EDGE_CURVE ( 'NONE', #310, #1467, #3299, .T. ) ;
#1698 = AXIS2_PLACEMENT_3D ( 'NONE', #678, #4472, #4494 ) ;
#1699 = CARTESIAN_POINT ( 'NONE',  ( -1.500000000000000222, -1.500000000000000444, 2.000000000000000000 ) ) ;
#1700 = FACE_OUTER_BOUND ( 'NONE', #1431, .T. ) ;
#1701 = SURFACE_STYLE_USAGE ( .BOTH. , #4058 ) ;
#1702 = FACE_BOUND ( 'NONE', #2311, .T. ) ;
#1703 = ORIENTED_EDGE ( 'NONE', *, *, #3641, .T. ) ;
#1704 = DIRECTION ( 'NONE',  ( 0.000000000000000000, 0.000000000000000000, 1.000000000000000000 ) ) ;
#1705 = PRODUCT_RELATED_PRODUCT_CATEGORY ( 'part', '', ( #3886 ) ) ;
#1706 = DIRECTION ( 'NONE',  ( -0.000000000000000000, -1.000000000000000000, -0.000000000000000000 ) ) ;
#1707 = ORIENTED_EDGE ( 'NONE', *, *, #688, .F. ) ;
#1708 = CARTESIAN_POINT ( 'NONE',  ( 1.125000000000000222, 1.500000000000000444, 2.000000000000000000 ) ) ;
#1709 = CARTESIAN_POINT ( 'NONE',  ( 0.000000000000000000, 8.699999999999999289, 0.000000000000000000 ) ) ;
#1710 = DIRECTION ( 'NONE',  ( 2.437088792803092732E-15, -0.9999999999999997780, -1.266459002253996937E-15 ) ) ;
#1711 =( GEOMETRIC_REPRESENTATION_CONTEXT ( 3 ) GLOBAL_UNCERTAINTY_ASSIGNED_CONTEXT ( ( #863 ) ) GLOBAL_UNIT_ASSIGNED_CONTEXT ( ( #1444, #324, #3117 ) ) REPRESENTATION_CONTEXT ( 'NONE', 'WORKASPACE' ) );
#1712 = EDGE_LOOP ( 'NONE', ( #2970, #2680 ) ) ;
#1713 = EDGE_LOOP ( 'NONE', ( #1839, #4402 ) ) ;
#1714 = CIRCLE ( 'NONE', #3458, 0.5124999999999999556 ) ;
#1715 = CARTESIAN_POINT ( 'NONE',  ( 0.000000000000000000, 2.981254661859697406E-16, 0.000000000000000000 ) ) ;
#1716 = DIRECTION ( 'NONE',  ( 0.000000000000000000, 0.000000000000000000, 1.000000000000000000 ) ) ;
#1717 = CIRCLE ( 'NONE', #3691, 0.5100000000000000089 ) ;
#1718 = CARTESIAN_POINT ( 'NONE',  ( 0.000000000000000000, 0.000000000000000000, 0.000000000000000000 ) ) ;
#1719 = ITEM_DEFINED_TRANSFORMATION ( 'NONE', 'NONE', #1114,  #1846 ) ;
#1720 = FILL_AREA_STYLE_COLOUR ( '', #317 ) ;
#1721 = DIRECTION ( 'NONE',  ( 0.000000000000000000, 0.000000000000000000, 1.000000000000000000 ) ) ;
#1722 =( REPRESENTATION_RELATIONSHIP ('NONE','NONE', #1896, #3637 ) REPRESENTATION_RELATIONSHIP_WITH_TRANSFORMATION ( #3388 )SHAPE_REPRESENTATION_RELATIONSHIP( ) );
#1723 = FACE_BOUND ( 'NONE', #3788, .T. ) ;
#1724 = CIRCLE ( 'NONE', #4062, 0.1249999999999999029 ) ;
#1725 = EDGE_CURVE ( 'NONE', #3181, #2579, #732, .T. ) ;
#1726 = LENGTH_MEASURE_WITH_UNIT ( LENGTH_MEASURE( 0.02539999999999999897 ), #3213 );
#1727 = ORIENTED_EDGE ( 'NONE', *, *, #297, .T. ) ;
#1728 = FACE_OUTER_BOUND ( 'NONE', #2816, .T. ) ;
#1729 = EDGE_CURVE ( 'NONE', #2686, #2381, #803, .T. ) ;
#1730 = PRODUCT ( 'Reusable Pipe - Cond_melter', 'Reusable Pipe - Cond_melter', '', ( #1883 ) ) ;
#1731 = UNCERTAINTY_MEASURE_WITH_UNIT (LENGTH_MEASURE( 1.000000000000000082E-05 ), #1607, 'distance_accuracy_value', 'NONE');
#1732 = DIRECTION ( 'NONE',  ( 0.000000000000000000, 0.000000000000000000, 1.000000000000000000 ) ) ;
#1733 = ORIENTED_EDGE ( 'NONE', *, *, #2854, .F. ) ;
#1734 = CARTESIAN_POINT ( 'NONE',  ( 0.6875000000000000000, 4.688496155794079738E-18, 0.5000000000000000000 ) ) ;
#1735 = DIRECTION ( 'NONE',  ( 0.000000000000000000, 0.000000000000000000, 1.000000000000000000 ) ) ;
#1736 = CARTESIAN_POINT ( 'NONE',  ( 7.317735428987055535, 12.31091027170447028, 22.76860807109550322 ) ) ;
#1737 = DIRECTION ( 'NONE',  ( 0.000000000000000000, 0.000000000000000000, 1.000000000000000000 ) ) ;
#1738 = VERTEX_POINT ( 'NONE', #810 ) ;
#1739 = ORIENTED_EDGE ( 'NONE', *, *, #829, .F. ) ;
#1740 = AXIS2_PLACEMENT_3D ( 'NONE', #2629, #492, #2276 ) ;
#1741 = FACE_OUTER_BOUND ( 'NONE', #1776, .T. ) ;
#1742 = SHAPE_REPRESENTATION_RELATIONSHIP ( 'NONE' , 'NONE' ,  #3180, #161 ) ;
#1743 = CARTESIAN_POINT ( 'NONE',  ( 0.000000000000000000, 0.000000000000000000, 0.000000000000000000 ) ) ;
#1744 = DIRECTION ( 'NONE',  ( 0.000000000000000000, 0.000000000000000000, 1.000000000000000000 ) ) ;
#1745 = DIRECTION ( 'NONE',  ( 1.000000000000000000, 0.000000000000000000, -0.000000000000000000 ) ) ;
#1746 = CARTESIAN_POINT ( 'NONE',  ( 0.000000000000000000, 2.981254661859697406E-16, 3.500000000000000000 ) ) ;
#1747 = AXIS2_PLACEMENT_3D ( 'NONE', #2732, #1388, #3408 ) ;
#1748 = EDGE_LOOP ( 'NONE', ( #1643, #3716 ) ) ;
#1749 = CARTESIAN_POINT ( 'NONE',  ( 0.000000000000000000, 2.981254661859697406E-16, 2.500000000000000000 ) ) ;
#1750 = VECTOR ( 'NONE', #2547, 39.37007874015748143 ) ;
#1751 = VERTEX_POINT ( 'NONE', #536 ) ;
#1752 = LINE ( 'NONE', #1708, #217 ) ;
#1753 = EDGE_CURVE ( 'NONE', #1494, #2527, #3237, .T. ) ;
#1754 = AXIS2_PLACEMENT_3D ( 'NONE', #1743, #4096, #2439 ) ;
#1755 = ADVANCED_FACE ( 'NONE', ( #514 ), #99, .T. ) ;
#1756 = DIRECTION ( 'NONE',  ( 0.000000000000000000, 1.000000000000000000, 0.000000000000000000 ) ) ;
#1757 = EDGE_LOOP ( 'NONE', ( #1202, #2141 ) ) ;
#1758 = ORIENTED_EDGE ( 'NONE', *, *, #85, .T. ) ;
#1759 = AXIS2_PLACEMENT_3D ( 'NONE', #4128, #652, #3436 ) ;
#1760 = CARTESIAN_POINT ( 'NONE',  ( 0.8750000000000002220, 1.500000000000000444, 2.000000000000000000 ) ) ;
#1761 = LENGTH_MEASURE_WITH_UNIT ( LENGTH_MEASURE( 0.02539999999999999897 ), #2413 );
#1762 = COLOUR_RGB ( '',0.7921568627450980005, 0.8196078431372548767, 0.9333333333333333481 ) ;
#1763 = ORIENTED_EDGE ( 'NONE', *, *, #1547, .F. ) ;
#1764 = PRODUCT_DEFINITION ( 'UNKNOWN', '', #679, #2662 ) ;
#1765 = CARTESIAN_POINT ( 'NONE',  ( 1.712500000000000133, 6.745164461209592051E-17, 0.000000000000000000 ) ) ;
#1766 = CARTESIAN_POINT ( 'NONE',  ( 1.625000000000000000, -1.500000000000000222, 2.000000000000000000 ) ) ;
#1767 = PRODUCT_DEFINITION_SHAPE ( 'NONE', 'NONE',  #2667 ) ;
#1768 = DIRECTION ( 'NONE',  ( 0.000000000000000000, 0.000000000000000000, 1.000000000000000000 ) ) ;
#1769 = DIRECTION ( 'NONE',  ( -0.000000000000000000, -0.000000000000000000, -1.000000000000000000 ) ) ;
#1770 = VECTOR ( 'NONE', #130, 39.37007874015748143 ) ;
#1771 = CARTESIAN_POINT ( 'NONE',  ( 1.500000000000000222, -1.500000000000000222, 2.000000000000000000 ) ) ;
#1772 = SURFACE_SIDE_STYLE ('',( #1448 ) ) ;
#1773 = VERTEX_POINT ( 'NONE', #4344 ) ;
#1774 = CARTESIAN_POINT ( 'NONE',  ( -1.500000000000000222, 1.499999999999999778, 2.000000000000000000 ) ) ;
#1775 = CARTESIAN_POINT ( 'NONE',  ( 2.762480618433564850, 0.000000000000000000, 0.5000000000000000000 ) ) ;
#1776 = EDGE_LOOP ( 'NONE', ( #5, #2134 ) ) ;
#1777 = CARTESIAN_POINT ( 'NONE',  ( -2.125000000000000000, 2.981254661859697406E-16, 2.500000000000000000 ) ) ;
#1778 = DIRECTION ( 'NONE',  ( -1.000000000000000000, 0.000000000000000000, 0.000000000000000000 ) ) ;
#1779 = ORIENTED_EDGE ( 'NONE', *, *, #1782, .T. ) ;
#1780 = VERTEX_POINT ( 'NONE', #2543 ) ;
#1781 = ADVANCED_FACE ( 'NONE', ( #2939 ), #1841, .T. ) ;
#1782 = EDGE_CURVE ( 'NONE', #2173, #489, #369, .T. ) ;
#1783 = EDGE_CURVE ( 'NONE', #3483, #1294, #1905, .T. ) ;
#1784 = DIRECTION ( 'NONE',  ( -0.000000000000000000, -0.000000000000000000, -1.000000000000000000 ) ) ;
#1785 = MECHANICAL_DESIGN_GEOMETRIC_PRESENTATION_REPRESENTATION (  '', ( #4327 ), #1045 ) ;
#1786 = ORIENTED_EDGE ( 'NONE', *, *, #1575, .T. ) ;
#1787 = ORIENTED_EDGE ( 'NONE', *, *, #4489, .F. ) ;
#1788 = ADVANCED_FACE ( 'NONE', ( #4285 ), #3662, .F. ) ;
#1789 = CIRCLE ( 'NONE', #1194, 0.1249999999999999029 ) ;
#1790 = CARTESIAN_POINT ( 'NONE',  ( 1.616533774874506044E-17, 0.000000000000000000, -0.1320000000000000062 ) ) ;
#1791 = VECTOR ( 'NONE', #2306, 39.37007874015748143 ) ;
#1792 = CYLINDRICAL_SURFACE ( 'NONE', #835, 0.1249999999999999029 ) ;
#1793 = LINE ( 'NONE', #4299, #4479 ) ;
#1794 = VECTOR ( 'NONE', #3900, 39.37007874015748143 ) ;
#1795 = ORIENTED_EDGE ( 'NONE', *, *, #108, .F. ) ;
#1796 =( LENGTH_UNIT ( ) NAMED_UNIT ( * ) SI_UNIT ( $, .METRE. ) );
#1797 = CARTESIAN_POINT ( 'NONE',  ( -0.9999999999999996669, 1.500000000000000222, 2.000000000000000000 ) ) ;
#1798 = CARTESIAN_POINT ( 'NONE',  ( -1.233441488821026555, 0.8936565859741945062, 0.5000000000000001110 ) ) ;
#1799 = ORIENTED_EDGE ( 'NONE', *, *, #3854, .F. ) ;
#1800 = DIRECTION ( 'NONE',  ( -1.387778780781442132E-17, 1.232595164407827968E-30, -1.000000000000000000 ) ) ;
#1801 = DIRECTION ( 'NONE',  ( -0.000000000000000000, -0.000000000000000000, -1.000000000000000000 ) ) ;
#1802 = ORIENTED_EDGE ( 'NONE', *, *, #1831, .T. ) ;
#1803 = MANIFOLD_SOLID_BREP ( 'Boss-Extrude1', #2133 ) ;
#1804 = PRODUCT_DEFINITION_SHAPE ( 'NONE', 'NONE',  #3523 ) ;
#1805 = DIRECTION ( 'NONE',  ( 0.000000000000000000, 0.000000000000000000, 1.000000000000000000 ) ) ;
#1806 =( CONVERSION_BASED_UNIT ( 'INCH', #2592 ) LENGTH_UNIT ( ) NAMED_UNIT ( #2987 ) );
#1807 = AXIS2_PLACEMENT_3D ( 'NONE', #1997, #2333, #4017 ) ;
#1808 = CIRCLE ( 'NONE', #573, 2.500000000000000000 ) ;
#1809 = EDGE_LOOP ( 'NONE', ( #4114, #3660, #1079, #4097 ) ) ;
#1810 = ORIENTED_EDGE ( 'NONE', *, *, #2660, .F. ) ;
#1811 = DIRECTION ( 'NONE',  ( -0.000000000000000000, -0.000000000000000000, -1.000000000000000000 ) ) ;
#1812 = APPLICATION_CONTEXT ( 'automotive_design' ) ;
#1813 = ADVANCED_BREP_SHAPE_REPRESENTATION ( '', ( #343, #1846 ), #1694 ) ;
#1814 = DIRECTION ( 'NONE',  ( 0.000000000000000000, 0.000000000000000000, 1.000000000000000000 ) ) ;
#1815 = FACE_OUTER_BOUND ( 'NONE', #4167, .T. ) ;
#1816 = CARTESIAN_POINT ( 'NONE',  ( 2.632480618433564956, 0.000000000000000000, 0.5000000000000000000 ) ) ;
#1817 = ORIENTED_EDGE ( 'NONE', *, *, #3542, .F. ) ;
#1818 = DIRECTION ( 'NONE',  ( 0.000000000000000000, 0.000000000000000000, 1.000000000000000000 ) ) ;
#1819 = CARTESIAN_POINT ( 'NONE',  ( 1.375000000000000222, 1.500000000000000222, 2.000000000000000000 ) ) ;
#1820 = CARTESIAN_POINT ( 'NONE',  ( 6.306931015608871075E-17, 0.5000000000000000000, -0.5150000000000001243 ) ) ;
#1821 = VERTEX_POINT ( 'NONE', #1531 ) ;
#1822 = DIRECTION ( 'NONE',  ( 1.000000000000000000, 0.000000000000000000, -0.000000000000000000 ) ) ;
#1823 = CARTESIAN_POINT ( 'NONE',  ( 0.000000000000000000, 0.000000000000000000, 0.000000000000000000 ) ) ;
#1824 = VECTOR ( 'NONE', #1109, 39.37007874015748143 ) ;
#1825 = DIRECTION ( 'NONE',  ( -0.000000000000000000, -0.000000000000000000, -1.000000000000000000 ) ) ;
#1826 = LENGTH_MEASURE_WITH_UNIT ( LENGTH_MEASURE( 0.02539999999999999897 ), #2615 );
#1827 =( GEOMETRIC_REPRESENTATION_CONTEXT ( 3 ) GLOBAL_UNCERTAINTY_ASSIGNED_CONTEXT ( ( #2289 ) ) GLOBAL_UNIT_ASSIGNED_CONTEXT ( ( #627, #3413, #255 ) ) REPRESENTATION_CONTEXT ( 'NONE', 'WORKASPACE' ) );
#1828 = VECTOR ( 'NONE', #2784, 39.37007874015748143 ) ;
#1829 = ORIENTED_EDGE ( 'NONE', *, *, #1640, .T. ) ;
#1830 = ORIENTED_EDGE ( 'NONE', *, *, #2316, .T. ) ;
#1831 = EDGE_CURVE ( 'NONE', #843, #3383, #1163, .T. ) ;
#1832 = CARTESIAN_POINT ( 'NONE',  ( -2.500000000000000000, 2.981254661859697406E-16, 0.000000000000000000 ) ) ;
#1833 = EDGE_CURVE ( 'NONE', #2278, #2527, #3223, .T. ) ;
#1834 = DIRECTION ( 'NONE',  ( -1.000000000000000000, 0.000000000000000000, 0.000000000000000000 ) ) ;
#1835 = DIRECTION ( 'NONE',  ( 1.000000000000000000, 0.000000000000000000, 0.000000000000000000 ) ) ;
#1836 = EDGE_CURVE ( 'NONE', #2433, #2977, #3690, .T. ) ;
#1837 = DIRECTION ( 'NONE',  ( -1.000000000000000000, 0.000000000000000000, 0.000000000000000000 ) ) ;
#1838 = EDGE_CURVE ( 'NONE', #4370, #1042, #140, .T. ) ;
#1839 = ORIENTED_EDGE ( 'NONE', *, *, #298, .T. ) ;
#1840 = ORIENTED_EDGE ( 'NONE', *, *, #4015, .F. ) ;
#1841 = CYLINDRICAL_SURFACE ( 'NONE', #4093, 3.000000000000000444 ) ;
#1842 = DIRECTION ( 'NONE',  ( -0.000000000000000000, -1.000000000000000000, -0.000000000000000000 ) ) ;
#1843 = EDGE_LOOP ( 'NONE', ( #1530, #3754 ) ) ;
#1844 = CARTESIAN_POINT ( 'NONE',  ( 1.375000000000000222, -1.500000000000000222, 2.000000000000000000 ) ) ;
#1845 = DIMENSIONAL_EXPONENTS ( 1.000000000000000000, 0.000000000000000000, 0.000000000000000000, 0.000000000000000000, 0.000000000000000000, 0.000000000000000000, 0.000000000000000000 ) ;
#1846 = AXIS2_PLACEMENT_3D ( 'NONE', #957, #2689, #3047 ) ;
#1847 = PRODUCT_DEFINITION ( 'UNKNOWN', '', #2077, #3380 ) ;
#1848 = CARTESIAN_POINT ( 'NONE',  ( 2.125000000000000000, 5.583629110047823249E-16, 2.500000000000000000 ) ) ;
#1849 = AXIS2_PLACEMENT_3D ( 'NONE', #97, #1490, #2084 ) ;
#1850 = DIRECTION ( 'NONE',  ( -0.000000000000000000, -0.000000000000000000, -1.000000000000000000 ) ) ;
#1851 = AXIS2_PLACEMENT_3D ( 'NONE', #2054, #900, #4437 ) ;
#1852 =( NAMED_UNIT ( * ) PLANE_ANGLE_UNIT ( ) SI_UNIT ( $, .RADIAN. ) );
#1853 = PRODUCT_DEFINITION_FORMATION_WITH_SPECIFIED_SOURCE ( 'ANY', '', #1730, .NOT_KNOWN. ) ;
#1854 = EDGE_LOOP ( 'NONE', ( #2799, #3963 ) ) ;
#1855 = ORIENTED_EDGE ( 'NONE', *, *, #2203, .F. ) ;
#1856 = CARTESIAN_POINT ( 'NONE',  ( 0.000000000000000000, 2.981254661859697406E-16, 0.000000000000000000 ) ) ;
#1857 = CIRCLE ( 'NONE', #764, 0.1249999999999999029 ) ;
#1858 = LINE ( 'NONE', #2668, #1642 ) ;
#1859 = DIRECTION ( 'NONE',  ( 0.7071067811865471286, -0.7071067811865480168, 6.779273404243070203E-32 ) ) ;
#1860 = AXIS2_PLACEMENT_3D ( 'NONE', #1197, #4308, #4351 ) ;
#1861 = EDGE_LOOP ( 'NONE', ( #1644, #1339, #1357, #2652 ) ) ;
#1862 = SHAPE_DEFINITION_REPRESENTATION ( #3808, #958 ) ;
#1863 = ORIENTED_EDGE ( 'NONE', *, *, #4398, .T. ) ;
#1864 = DIRECTION ( 'NONE',  ( 1.000000000000000000, 0.000000000000000000, 0.000000000000000000 ) ) ;
#1865 = MANIFOLD_SOLID_BREP ( 'Boss-Extrude1', #341 ) ;
#1866 = ORIENTED_EDGE ( 'NONE', *, *, #3344, .F. ) ;
#1867 = DIRECTION ( 'NONE',  ( 1.000000000000000000, 0.000000000000000000, -0.000000000000000000 ) ) ;
#1868 = ADVANCED_FACE ( 'NONE', ( #3052 ), #1983, .T. ) ;
#1869 = DIRECTION ( 'NONE',  ( 1.000000000000000000, 0.000000000000000000, 0.000000000000000000 ) ) ;
#1870 = ADVANCED_FACE ( 'NONE', ( #4386, #4120 ), #3349, .F. ) ;
#1871 = APPLICATION_CONTEXT ( 'automotive_design' ) ;
#1872 = CIRCLE ( 'NONE', #2021, 2.125000000000000000 ) ;
#1873 = CYLINDRICAL_SURFACE ( 'NONE', #2162, 0.5100000000000000089 ) ;
#1874 = VERTEX_POINT ( 'NONE', #208 ) ;
#1875 = EDGE_LOOP ( 'NONE', ( #3288, #2359 ) ) ;
#1876 = CLOSED_SHELL ( 'NONE', ( #2318, #1755, #2068, #4067, #1024, #1637 ) ) ;
#1877 = LINE ( 'NONE', #481, #1618 ) ;
#1878 = VECTOR ( 'NONE', #2326, 39.37007874015748143 ) ;
#1879 = FACE_OUTER_BOUND ( 'NONE', #809, .T. ) ;
#1880 = AXIS2_PLACEMENT_3D ( 'NONE', #188, #2984, #4368 ) ;
#1881 = CARTESIAN_POINT ( 'NONE',  ( -0.7071067811865447972, 0.7071067811865492381, 1.749999999999964695 ) ) ;
#1882 = ORIENTED_EDGE ( 'NONE', *, *, #2181, .F. ) ;
#1883 = PRODUCT_CONTEXT ( 'NONE', #230, 'mechanical' ) ;
#1884 = ORIENTED_EDGE ( 'NONE', *, *, #2609, .T. ) ;
#1885 = DIRECTION ( 'NONE',  ( 0.000000000000000000, 0.000000000000000000, 1.000000000000000000 ) ) ;
#1886 = MANIFOLD_SOLID_BREP ( 'Cut-Extrude1', #4091 ) ;
#1887 = CARTESIAN_POINT ( 'NONE',  ( 0.7071067811865447972, 0.7071067811865557884, 0.000000000000000000 ) ) ;
#1888 = LINE ( 'NONE', #3278, #3721 ) ;
#1889 = DIRECTION ( 'NONE',  ( -1.000000000000000000, 0.000000000000000000, 0.000000000000000000 ) ) ;
#1890 = CARTESIAN_POINT ( 'NONE',  ( 1.500000000000000222, -1.500000000000000222, 2.000000000000000000 ) ) ;
#1891 = EDGE_CURVE ( 'NONE', #66, #2696, #49, .T. ) ;
#1892 = EDGE_CURVE ( 'NONE', #1248, #1125, #4404, .T. ) ;
#1893 = CARTESIAN_POINT ( 'NONE',  ( 0.8750000000000002220, 1.500000000000000444, 2.000000000000000000 ) ) ;
#1894 = AXIS2_PLACEMENT_3D ( 'NONE', #4178, #316, #3428 ) ;
#1895 = LINE ( 'NONE', #3285, #3623 ) ;
#1896 = SHAPE_REPRESENTATION ( 'Assem2', ( #4251, #822, #3381, #3524, #1254, #1698, #3965, #3017, #156, #2733, #1037, #1114, #1921, #2002, #1178, #3744, #4319 ), #3092 ) ;
#1897 = VERTEX_POINT ( 'NONE', #348 ) ;
#1898 = EDGE_LOOP ( 'NONE', ( #2969, #3276, #3671, #4004 ) ) ;
#1899 = AXIS2_PLACEMENT_3D ( 'NONE', #3161, #702, #3836 ) ;
#1901 = MANIFOLD_SOLID_BREP ( 'Boss-Extrude1', #1876 ) ;
#1900 = CARTESIAN_POINT ( 'NONE',  ( 0.000000000000000000, 0.000000000000000000, 0.000000000000000000 ) ) ;
#1902 = AXIS2_PLACEMENT_3D ( 'NONE', #4500, #1342, #4117 ) ;
#1903 = PRODUCT_DEFINITION ( 'UNKNOWN', '', #2290, #1974 ) ;
#1904 = CLOSED_SHELL ( 'NONE', ( #3648, #3679, #877, #1870, #4315, #2497 ) ) ;
#1905 = CIRCLE ( 'NONE', #1313, 0.3799999999999999489 ) ;
#1906 = AXIS2_PLACEMENT_3D ( 'NONE', #1220, #2632, #2279 ) ;
#1907 = DIRECTION ( 'NONE',  ( 0.000000000000000000, 0.000000000000000000, -1.000000000000000000 ) ) ;
#1908 = DIRECTION ( 'NONE',  ( 0.000000000000000000, 0.000000000000000000, 1.000000000000000000 ) ) ;
#1909 = ORIENTED_EDGE ( 'NONE', *, *, #424, .T. ) ;
#1910 = APPLICATION_PROTOCOL_DEFINITION ( 'draft international standard', 'automotive_design', 1998, #793 ) ;
#1911 = VERTEX_POINT ( 'NONE', #3824 ) ;
#1912 = DIRECTION ( 'NONE',  ( -0.000000000000000000, -0.000000000000000000, -1.000000000000000000 ) ) ;
#1913 = MANIFOLD_SOLID_BREP ( 'Boss-Extrude1', #3116 ) ;
#1914 = CARTESIAN_POINT ( 'NONE',  ( 2.892480618433564743, 1.592040838891558417E-17, 0.5000000000000000000 ) ) ;
#1915 = DIRECTION ( 'NONE',  ( -1.000000000000000000, 0.000000000000000000, 0.000000000000000000 ) ) ;
#1916 = CARTESIAN_POINT ( 'NONE',  ( 0.000000000000000000, 0.000000000000000000, 0.000000000000000000 ) ) ;
#1917 = CARTESIAN_POINT ( 'NONE',  ( -0.9999999999999996669, 1.500000000000000222, 2.000000000000000000 ) ) ;
#1918 = MANIFOLD_SOLID_BREP ( 'Boss-Extrude2', #3848 ) ;
#1919 = CARTESIAN_POINT ( 'NONE',  ( 2.500000000000000000, 6.042871659728080054E-16, 0.000000000000000000 ) ) ;
#1920 = CARTESIAN_POINT ( 'NONE',  ( 2.632480618433564956, 0.000000000000000000, 0.5000000000000000000 ) ) ;
#1921 = AXIS2_PLACEMENT_3D ( 'NONE', #1736, #2541, #2407 ) ;
#1922 = EDGE_LOOP ( 'NONE', ( #2787, #2708, #998, #4146 ) ) ;
#1923 = VERTEX_POINT ( 'NONE', #2837 ) ;
#1924 = EDGE_CURVE ( 'NONE', #980, #2248, #3894, .T. ) ;
#1925 = UNCERTAINTY_MEASURE_WITH_UNIT (LENGTH_MEASURE( 1.000000000000000082E-05 ), #4022, 'distance_accuracy_value', 'NONE');
#1926 = EDGE_CURVE ( 'NONE', #3890, #1488, #4265, .T. ) ;
#1927 = CARTESIAN_POINT ( 'NONE',  ( 7.317735428987218071, 26.31091027170455021, 22.76860807109503781 ) ) ;
#1928 = LINE ( 'NONE', #3022, #2938 ) ;
#1929 = PLANE ( 'NONE',  #3889 ) ;
#1930 = SHAPE_REPRESENTATION ( 'Evap-bottom plate', ( #1846 ), #2149 ) ;
#1931 = EDGE_CURVE ( 'NONE', #3583, #4469, #4191, .T. ) ;
#1932 = CARTESIAN_POINT ( 'NONE',  ( 6.245698675651502318E-17, 8.699999999999999289, 0.5100000000000000089 ) ) ;
#1933 = CARTESIAN_POINT ( 'NONE',  ( 0.000000000000000000, 2.981254661859697406E-16, 3.500000000000000000 ) ) ;
#1934 = ORIENTED_EDGE ( 'NONE', *, *, #3486, .T. ) ;
#1935 = VERTEX_POINT ( 'NONE', #2863 ) ;
#1936 = APPLICATION_PROTOCOL_DEFINITION ( 'draft international standard', 'automotive_design', 1998, #646 ) ;
#1937 = EDGE_LOOP ( 'NONE', ( #2264, #3535, #1383, #1472 ) ) ;
#1938 = AXIS2_PLACEMENT_3D ( 'NONE', #3537, #3838, #1474 ) ;
#1939 = SURFACE_STYLE_FILL_AREA ( #3599 ) ;
#1940 = LINE ( 'NONE', #2917, #2109 ) ;
#1941 = FACE_OUTER_BOUND ( 'NONE', #1991, .T. ) ;
#1942 = AXIS2_PLACEMENT_3D ( 'NONE', #2164, #1859, #806 ) ;
#1943 = VECTOR ( 'NONE', #4000, 39.37007874015748143 ) ;
#1944 = DIMENSIONAL_EXPONENTS ( 1.000000000000000000, 0.000000000000000000, 0.000000000000000000, 0.000000000000000000, 0.000000000000000000, 0.000000000000000000, 0.000000000000000000 ) ;
#1945 = ORIENTED_EDGE ( 'NONE', *, *, #3267, .T. ) ;
#1946 = DIRECTION ( 'NONE',  ( 0.000000000000000000, 1.000000000000000000, -0.000000000000000000 ) ) ;
#1947 = CARTESIAN_POINT ( 'NONE',  ( -1.375000000000000222, -1.500000000000000444, 2.000000000000000000 ) ) ;
#1948 = AXIS2_PLACEMENT_3D ( 'NONE', #836, #1946, #3330 ) ;
#1949 = CARTESIAN_POINT ( 'NONE',  ( 0.000000000000000000, 2.981254661859697406E-16, 0.000000000000000000 ) ) ;
#1950 = SHAPE_REPRESENTATION_RELATIONSHIP ( 'NONE' , 'NONE' ,  #2840, #1148 ) ;
#1951 = DIRECTION ( 'NONE',  ( 0.000000000000000000, 0.000000000000000000, 1.000000000000000000 ) ) ;
#1952 = EDGE_LOOP ( 'NONE', ( #3080, #3704, #2663, #4137 ) ) ;
#1953 = ORIENTED_EDGE ( 'NONE', *, *, #4484, .F. ) ;
#1954 = LINE ( 'NONE', #2688, #1393 ) ;
#1955 = CYLINDRICAL_SURFACE ( 'NONE', #110, 0.5124999999999999556 ) ;
#1956 = CARTESIAN_POINT ( 'NONE',  ( 0.000000000000000000, 2.981254661859697406E-16, 2.500000000000000000 ) ) ;
#1957 = EDGE_CURVE ( 'NONE', #2170, #1272, #1265, .T. ) ;
#1958 = ORIENTED_EDGE ( 'NONE', *, *, #3932, .T. ) ;
#1959 = ORIENTED_EDGE ( 'NONE', *, *, #4450, .T. ) ;
#1960 = APPLICATION_PROTOCOL_DEFINITION ( 'draft international standard', 'automotive_design', 1998, #166 ) ;
#1961 = ORIENTED_EDGE ( 'NONE', *, *, #965, .T. ) ;
#1962 =( LENGTH_UNIT ( ) NAMED_UNIT ( * ) SI_UNIT ( $, .METRE. ) );
#1963 = AXIS2_PLACEMENT_3D ( 'NONE', #4108, #1706, #1010 ) ;
#1964 = DIRECTION ( 'NONE',  ( 0.000000000000000000, 0.000000000000000000, 1.000000000000000000 ) ) ;
#1965 = CYLINDRICAL_SURFACE ( 'NONE', #4501, 0.5500000000000000444 ) ;
#1966 = CARTESIAN_POINT ( 'NONE',  ( 0.000000000000000000, 2.981254661859697406E-16, 2.500000000000000000 ) ) ;
#1967 = ORIENTED_EDGE ( 'NONE', *, *, #2378, .T. ) ;
#1968 = CARTESIAN_POINT ( 'NONE',  ( 2.500000000000000000, 3.061616997868383141E-16, 0.5000000000000000000 ) ) ;
#1969 =( REPRESENTATION_RELATIONSHIP ('NONE','NONE', #1896, #1930 ) REPRESENTATION_RELATIONSHIP_WITH_TRANSFORMATION ( #347 )SHAPE_REPRESENTATION_RELATIONSHIP( ) );
#1970 = DIRECTION ( 'NONE',  ( -1.000000000000000000, 0.000000000000000000, 0.000000000000000000 ) ) ;
#1971 = CARTESIAN_POINT ( 'NONE',  ( 0.000000000000000000, 0.000000000000000000, 4.000000000000000000 ) ) ;
#1972 =( LENGTH_UNIT ( ) NAMED_UNIT ( * ) SI_UNIT ( $, .METRE. ) );
#1973 = FACE_BOUND ( 'NONE', #1108, .T. ) ;
#1974 = PRODUCT_DEFINITION_CONTEXT ( 'detailed design', #1250, 'design' ) ;
#1975 = EDGE_LOOP ( 'NONE', ( #1401, #1317 ) ) ;
#1976 = ORIENTED_EDGE ( 'NONE', *, *, #635, .T. ) ;
#1977 = FACE_OUTER_BOUND ( 'NONE', #1309, .T. ) ;
#1978 = EDGE_CURVE ( 'NONE', #4089, #3596, #2223, .T. ) ;
#1979 = CARTESIAN_POINT ( 'NONE',  ( 0.000000000000000000, 2.981254661859697406E-16, 3.500000000000000000 ) ) ;
#1980 = VERTEX_POINT ( 'NONE', #1456 ) ;
#1981 = PRODUCT_CONTEXT ( 'NONE', #413, 'mechanical' ) ;
#1982 = CARTESIAN_POINT ( 'NONE',  ( 0.6875000000000000000, 0.000000000000000000, 0.5000000000000000000 ) ) ;
#1983 = CYLINDRICAL_SURFACE ( 'NONE', #1020, 2.500000000000000000 ) ;
#1984 = VECTOR ( 'NONE', #4106, 39.37007874015748143 ) ;
#1985 = EDGE_CURVE ( 'NONE', #1874, #2433, #3828, .T. ) ;
#1986 = EDGE_CURVE ( 'NONE', #659, #1281, #3904, .T. ) ;
#1987 = DIRECTION ( 'NONE',  ( 1.000000000000000000, 0.000000000000000000, 0.000000000000000000 ) ) ;
#1988 = DIRECTION ( 'NONE',  ( -1.000000000000000000, 0.000000000000000000, 0.000000000000000000 ) ) ;
#1989 = ADVANCED_FACE ( 'NONE', ( #2132 ), #797, .T. ) ;
#1990 = DIRECTION ( 'NONE',  ( 0.000000000000000000, 0.000000000000000000, 1.000000000000000000 ) ) ;
#1991 = EDGE_LOOP ( 'NONE', ( #3275, #2200, #2911, #945 ) ) ;
#1992 = FACE_BOUND ( 'NONE', #1554, .T. ) ;
#1993 = PRODUCT_DEFINITION_SHAPE ( 'NONE', 'NONE',  #1847 ) ;
#1994 = FACE_OUTER_BOUND ( 'NONE', #1208, .T. ) ;
#1995 = PRODUCT_DEFINITION ( 'UNKNOWN', '', #1853, #908 ) ;
#1996 = DIRECTION ( 'NONE',  ( 0.000000000000000000, 1.000000000000000000, 0.000000000000000000 ) ) ;
#1997 = CARTESIAN_POINT ( 'NONE',  ( -1.233441488821108711, 0.8936565859748495377, -3.456639969244295951 ) ) ;
#1998 = COLOUR_RGB ( '',0.7921568627450980005, 0.8196078431372548767, 0.9333333333333333481 ) ;
#1999 = VERTEX_POINT ( 'NONE', #3905 ) ;
#2000 = ORIENTED_EDGE ( 'NONE', *, *, #15, .F. ) ;
#2001 =( NAMED_UNIT ( * ) PLANE_ANGLE_UNIT ( ) SI_UNIT ( $, .RADIAN. ) );
#2002 = AXIS2_PLACEMENT_3D ( 'NONE', #3791, #2062, #791 ) ;
#2003 = DIRECTION ( 'NONE',  ( 0.000000000000000000, 0.000000000000000000, 1.000000000000000000 ) ) ;
#2004 = EDGE_LOOP ( 'NONE', ( #3911, #391, #1219, #3516 ) ) ;
#2005 = DIRECTION ( 'NONE',  ( 0.000000000000000000, 0.000000000000000000, -1.000000000000000000 ) ) ;
#2006 = CARTESIAN_POINT ( 'NONE',  ( 1.199999999999999956, 4.688496155794079738E-18, 0.5000000000000000000 ) ) ;
#2007 = ORIENTED_EDGE ( 'NONE', *, *, #1931, .F. ) ;
#2008 = DIRECTION ( 'NONE',  ( 0.000000000000000000, 0.000000000000000000, 1.000000000000000000 ) ) ;
#2009 = DIRECTION ( 'NONE',  ( 1.000000000000000000, 0.000000000000000000, 0.000000000000000000 ) ) ;
#2010 = EDGE_CURVE ( 'NONE', #2351, #1773, #1413, .T. ) ;
#2011 = CARTESIAN_POINT ( 'NONE',  ( 0.000000000000000000, 0.5000000000000000000, 0.000000000000000000 ) ) ;
#2012 =( LENGTH_UNIT ( ) NAMED_UNIT ( * ) SI_UNIT ( $, .METRE. ) );
#2013 = DIRECTION ( 'NONE',  ( -0.000000000000000000, -0.000000000000000000, -1.000000000000000000 ) ) ;
#2014 = VECTOR ( 'NONE', #168, 39.37007874015748143 ) ;
#2015 = VERTEX_POINT ( 'NONE', #410 ) ;
#2016 = EDGE_LOOP ( 'NONE', ( #2102, #3522, #1155, #2793 ) ) ;
#2017 = CIRCLE ( 'NONE', #624, 0.5150000000000003464 ) ;
#2018 = DIRECTION ( 'NONE',  ( 1.000000000000000000, 0.000000000000000000, 0.000000000000000000 ) ) ;
#2019 = AXIS2_PLACEMENT_3D ( 'NONE', #539, #3951, #191 ) ;
#2020 = DIRECTION ( 'NONE',  ( -0.000000000000000000, -0.000000000000000000, -1.000000000000000000 ) ) ;
#2021 = AXIS2_PLACEMENT_3D ( 'NONE', #1949, #2282, #542 ) ;
#2022 = PRODUCT_DEFINITION_SHAPE ( 'NONE', 'NONE',  #4517 ) ;
#2023 = ORIENTED_EDGE ( 'NONE', *, *, #4258, .T. ) ;
#2024 = PRODUCT_CONTEXT ( 'NONE', #3272, 'mechanical' ) ;
#2025 = DIRECTION ( 'NONE',  ( 0.000000000000000000, 1.000000000000000000, 0.000000000000000000 ) ) ;
#2026 = CARTESIAN_POINT ( 'NONE',  ( 1.000000000000000222, -1.500000000000000444, 0.5000000000000000000 ) ) ;
#2027 = VECTOR ( 'NONE', #523, 39.37007874015748143 ) ;
#2028 = VERTEX_POINT ( 'NONE', #706 ) ;
#2029 = CARTESIAN_POINT ( 'NONE',  ( 0.5009000933859122373, -6.456639969244307942, -1.134877526538479175 ) ) ;
#2030 = CIRCLE ( 'NONE', #2044, 0.5100000000000000089 ) ;
#2031 = CARTESIAN_POINT ( 'NONE',  ( 0.000000000000000000, 0.000000000000000000, 4.000000000000000000 ) ) ;
#2032 = ADVANCED_FACE ( 'NONE', ( #3134, #4201, #1702, #1430, #1086, #86 ), #2152, .T. ) ;
#2033 = EDGE_LOOP ( 'NONE', ( #4112, #2903, #4349, #1092 ) ) ;
#2034 = AXIS2_PLACEMENT_3D ( 'NONE', #4388, #898, #1216 ) ;
#2035 = CARTESIAN_POINT ( 'NONE',  ( 0.000000000000000000, 2.981254661859697406E-16, 0.000000000000000000 ) ) ;
#2036 = SHAPE_REPRESENTATION_RELATIONSHIP ( 'NONE' , 'NONE' ,  #2401, #3827 ) ;
#2037 = CARTESIAN_POINT ( 'NONE',  ( 0.5100000000000000089, 6.245698675651502318E-17, 0.000000000000000000 ) ) ;
#2038 = ORIENTED_EDGE ( 'NONE', *, *, #3373, .T. ) ;
#2039 = ORIENTED_EDGE ( 'NONE', *, *, #355, .F. ) ;
#2040 = EDGE_CURVE ( 'NONE', #3577, #315, #540, .T. ) ;
#2041 = ADVANCED_FACE ( 'NONE', ( #2548 ), #361, .T. ) ;
#2042 = EDGE_CURVE ( 'NONE', #113, #1911, #1120, .T. ) ;
#2043 = DIRECTION ( 'NONE',  ( -1.000000000000000000, 1.341063538875716706E-29, 1.387778780781442132E-17 ) ) ;
#2044 = AXIS2_PLACEMENT_3D ( 'NONE', #899, #4007, #876 ) ;
#2045 = DIRECTION ( 'NONE',  ( 1.000000000000000000, 0.000000000000000000, 0.000000000000000000 ) ) ;
#2046 = UNCERTAINTY_MEASURE_WITH_UNIT (LENGTH_MEASURE( 1.000000000000000082E-05 ), #1200, 'distance_accuracy_value', 'NONE');
#2047 = PRODUCT_RELATED_PRODUCT_CATEGORY ( 'part', '', ( #666 ) ) ;
#2048 = PRESENTATION_STYLE_ASSIGNMENT (( #897 ) ) ;
#2049 = SHAPE_REPRESENTATION ( 'Angle Iron - reusable 2.5', ( #1846 ), #891 ) ;
#2050 = CARTESIAN_POINT ( 'NONE',  ( -1.500000000000000222, -3.155443620884052126E-30, 0.5000000000000000000 ) ) ;
#2051 = APPLICATION_CONTEXT ( 'automotive_design' ) ;
#2052 = FACE_OUTER_BOUND ( 'NONE', #1854, .T. ) ;
#2053 = VECTOR ( 'NONE', #2060, 39.37007874015748143 ) ;
#2054 = CARTESIAN_POINT ( 'NONE',  ( 1.500000000000000222, 0.000000000000000000, 0.5000000000000000000 ) ) ;
#2055 = ORIENTED_EDGE ( 'NONE', *, *, #1154, .F. ) ;
#2056 = FACE_OUTER_BOUND ( 'NONE', #3813, .T. ) ;
#2057 = AXIS2_PLACEMENT_3D ( 'NONE', #4050, #1255, #2669 ) ;
#2058 = CARTESIAN_POINT ( 'NONE',  ( 1.000000000000000222, 1.500000000000000444, 2.000000000000000000 ) ) ;
#2059 = ORIENTED_EDGE ( 'NONE', *, *, #3718, .F. ) ;
#2060 = DIRECTION ( 'NONE',  ( -0.000000000000000000, -0.000000000000000000, -1.000000000000000000 ) ) ;
#2061 = DIRECTION ( 'NONE',  ( 1.000000000000000000, 0.000000000000000000, 0.000000000000000000 ) ) ;
#2062 = DIRECTION ( 'NONE',  ( 0.000000000000000000, 0.000000000000000000, 1.000000000000000000 ) ) ;
#2063 = ORIENTED_EDGE ( 'NONE', *, *, #126, .F. ) ;
#2064 = VERTEX_POINT ( 'NONE', #2106 ) ;
#2065 = PRODUCT_DEFINITION_SHAPE ( 'NONE', 'NONE',  #4520 ) ;
#2066 = DIRECTION ( 'NONE',  ( -1.387778780781442132E-17, 1.232595164407827793E-30, -1.000000000000000000 ) ) ;
#2067 =( LENGTH_UNIT ( ) NAMED_UNIT ( * ) SI_UNIT ( $, .METRE. ) );
#2068 = ADVANCED_FACE ( 'NONE', ( #3491, #629 ), #3782, .T. ) ;
#2069 = CARTESIAN_POINT ( 'NONE',  ( -0.8749999999999997780, 1.500000000000000222, 0.5000000000000000000 ) ) ;
#2070 = AXIS2_PLACEMENT_3D ( 'NONE', #2417, #1072, #2488 ) ;
#2071 = FACE_BOUND ( 'NONE', #1328, .T. ) ;
#2072 = ADVANCED_FACE ( 'NONE', ( #989 ), #3826, .F. ) ;
#2073 = PRODUCT_CONTEXT ( 'NONE', #1480, 'mechanical' ) ;
#2074 = FILL_AREA_STYLE ('',( #1720 ) ) ;
#2075 = FACE_OUTER_BOUND ( 'NONE', #2081, .T. ) ;
#2076 = CARTESIAN_POINT ( 'NONE',  ( 2.762480618433564850, 0.000000000000000000, 0.5000000000000000000 ) ) ;
#2077 = PRODUCT_DEFINITION_FORMATION_WITH_SPECIFIED_SOURCE ( 'ANY', '', #600, .NOT_KNOWN. ) ;
#2078 = VERTEX_POINT ( 'NONE', #3416 ) ;
#2079 = CARTESIAN_POINT ( 'NONE',  ( 0.000000000000000000, 2.981254661859697406E-16, 4.500000000000000000 ) ) ;
#2080 = CARTESIAN_POINT ( 'NONE',  ( 1.199999999999999956, 4.688496155794079738E-18, 0.5000000000000000000 ) ) ;
#2081 = EDGE_LOOP ( 'NONE', ( #3891, #1958, #2645, #2581 ) ) ;
#2082 = DIRECTION ( 'NONE',  ( 0.000000000000000000, 0.000000000000000000, 1.000000000000000000 ) ) ;
#2083 = DIRECTION ( 'NONE',  ( -1.000000000000000000, -7.726832965963314960E-16, 1.387778780781442132E-17 ) ) ;
#2084 = DIRECTION ( 'NONE',  ( 1.000000000000000000, 0.000000000000000000, 0.000000000000000000 ) ) ;
#2085 = AXIS2_PLACEMENT_3D ( 'NONE', #1653, #4122, #303 ) ;
#2086 = ORIENTED_EDGE ( 'NONE', *, *, #2956, .F. ) ;
#2087 = ORIENTED_EDGE ( 'NONE', *, *, #2526, .F. ) ;
#2088 = AXIS2_PLACEMENT_3D ( 'NONE', #463, #1166, #444 ) ;
#2089 = DIRECTION ( 'NONE',  ( 0.000000000000000000, 0.000000000000000000, 1.000000000000000000 ) ) ;
#2090 = FACE_OUTER_BOUND ( 'NONE', #215, .T. ) ;
#2091 = AXIS2_PLACEMENT_3D ( 'NONE', #4035, #2235, #1587 ) ;
#2092 = LINE ( 'NONE', #3186, #1110 ) ;
#2093 =( LENGTH_UNIT ( ) NAMED_UNIT ( * ) SI_UNIT ( $, .METRE. ) );
#2094 = ADVANCED_FACE ( 'NONE', ( #1700 ), #1420, .F. ) ;
#2095 = DIRECTION ( 'NONE',  ( 0.000000000000000000, 0.000000000000000000, 1.000000000000000000 ) ) ;
#2096 = FACE_OUTER_BOUND ( 'NONE', #3382, .T. ) ;
#2097 = AXIS2_PLACEMENT_3D ( 'NONE', #1539, #3625, #3971 ) ;
#2098 = ORIENTED_EDGE ( 'NONE', *, *, #683, .T. ) ;
#2099 = DIRECTION ( 'NONE',  ( -0.000000000000000000, -0.000000000000000000, -1.000000000000000000 ) ) ;
#2100 = PRODUCT_DEFINITION_SHAPE ( 'NONE', 'NONE',  #4509 ) ;
#2101 = CARTESIAN_POINT ( 'NONE',  ( 2.015000000000000124, 6.306931015608868610E-17, 0.5000000000000000000 ) ) ;
#2102 = ORIENTED_EDGE ( 'NONE', *, *, #3585, .T. ) ;
#2103 = DIRECTION ( 'NONE',  ( 0.000000000000000000, 0.000000000000000000, 1.000000000000000000 ) ) ;
#2104 = CARTESIAN_POINT ( 'NONE',  ( -1.124999999999999556, -1.500000000000000222, 2.000000000000000000 ) ) ;
#2105 = PRODUCT_RELATED_PRODUCT_CATEGORY ( 'part', '', ( #262 ) ) ;
#2106 = CARTESIAN_POINT ( 'NONE',  ( 0.000000000000000000, 0.000000000000000000, -0.5150000000000001243 ) ) ;
#2107 = ORIENTED_EDGE ( 'NONE', *, *, #3794, .T. ) ;
#2108 = ORIENTED_EDGE ( 'NONE', *, *, #635, .F. ) ;
#2109 = VECTOR ( 'NONE', #3692, 39.37007874015748143 ) ;
#2110 = DIRECTION ( 'NONE',  ( 0.000000000000000000, 0.000000000000000000, 1.000000000000000000 ) ) ;
#2111 = APPLICATION_CONTEXT ( 'automotive_design' ) ;
#2112 = EDGE_LOOP ( 'NONE', ( #3855, #4379 ) ) ;
#2113 = CARTESIAN_POINT ( 'NONE',  ( -1.233441488821108711, 1.408656585974853659, -3.456639969244297284 ) ) ;
#2114 = DIRECTION ( 'NONE',  ( 1.000000000000000000, 0.000000000000000000, 0.000000000000000000 ) ) ;
#2115 = PRESENTATION_STYLE_ASSIGNMENT (( #1073 ) ) ;
#2116 = EDGE_CURVE ( 'NONE', #2272, #2221, #695, .T. ) ;
#2117 = FACE_BOUND ( 'NONE', #642, .T. ) ;
#2118 = DIRECTION ( 'NONE',  ( 0.000000000000000000, 0.000000000000000000, 1.000000000000000000 ) ) ;
#2119 = LENGTH_MEASURE_WITH_UNIT ( LENGTH_MEASURE( 0.02539999999999999897 ), #3192 );
#2120 = CIRCLE ( 'NONE', #1894, 2.500000000000000000 ) ;
#2121 = EDGE_LOOP ( 'NONE', ( #2988, #680, #3109, #3404 ) ) ;
#2122 = PRESENTATION_STYLE_ASSIGNMENT (( #721 ) ) ;
#2123 = ADVANCED_FACE ( 'NONE', ( #2096 ), #3480, .F. ) ;
#2124 = CARTESIAN_POINT ( 'NONE',  ( -0.3799999999999999489, 2.981254661859697406E-16, 4.500000000000000000 ) ) ;
#2125 = ADVANCED_FACE ( 'NONE', ( #2052, #1347 ), #4102, .F. ) ;
#2126 = AXIS2_PLACEMENT_3D ( 'NONE', #333, #2811, #4199 ) ;
#2127 = ADVANCED_FACE ( 'NONE', ( #3120, #2396, #1723, #1052 ), #967, .F. ) ;
#2128 = FILL_AREA_STYLE_COLOUR ( '', #3627 ) ;
#2129 = ORIENTED_EDGE ( 'NONE', *, *, #1355, .T. ) ;
#2130 = DIRECTION ( 'NONE',  ( 0.000000000000000000, 0.000000000000000000, 1.000000000000000000 ) ) ;
#2131 = AXIS2_PLACEMENT_3D ( 'NONE', #319, #1649, #3777 ) ;
#2132 = FACE_OUTER_BOUND ( 'NONE', #2033, .T. ) ;
#2133 = CLOSED_SHELL ( 'NONE', ( #2770, #2853, #2309, #3984, #3326, #1541, #554, #4043 ) ) ;
#2134 = ORIENTED_EDGE ( 'NONE', *, *, #2795, .F. ) ;
#2135 = ORIENTED_EDGE ( 'NONE', *, *, #546, .F. ) ;
#2136 = VECTOR ( 'NONE', #3636, 39.37007874015748143 ) ;
#2137 = DIRECTION ( 'NONE',  ( 0.000000000000000000, 0.000000000000000000, 1.000000000000000000 ) ) ;
#2138 =( NAMED_UNIT ( * ) PLANE_ANGLE_UNIT ( ) SI_UNIT ( $, .RADIAN. ) );
#2139 = COLOUR_RGB ( '',0.7921568627450980005, 0.8196078431372548767, 0.9333333333333333481 ) ;
#2140 = ORIENTED_EDGE ( 'NONE', *, *, #2797, .F. ) ;
#2141 = ORIENTED_EDGE ( 'NONE', *, *, #3209, .T. ) ;
#2142 = CYLINDRICAL_SURFACE ( 'NONE', #603, 2.500000000000000000 ) ;
#2143 = CARTESIAN_POINT ( 'NONE',  ( 1.125000000000000222, -1.500000000000000444, 0.5000000000000000000 ) ) ;
#2144 = AXIS2_PLACEMENT_3D ( 'NONE', #2267, #3271, #92 ) ;
#2145 = FACE_BOUND ( 'NONE', #2296, .T. ) ;
#2146 = VERTEX_POINT ( 'NONE', #3434 ) ;
#2147 = DIRECTION ( 'NONE',  ( 0.000000000000000000, 0.000000000000000000, 1.000000000000000000 ) ) ;
#2148 = DIRECTION ( 'NONE',  ( 1.000000000000000000, 0.000000000000000000, 0.000000000000000000 ) ) ;
#2149 =( GEOMETRIC_REPRESENTATION_CONTEXT ( 3 ) GLOBAL_UNCERTAINTY_ASSIGNED_CONTEXT ( ( #623 ) ) GLOBAL_UNIT_ASSIGNED_CONTEXT ( ( #976, #1639, #4424 ) ) REPRESENTATION_CONTEXT ( 'NONE', 'WORKASPACE' ) );
#2150 = ORIENTED_EDGE ( 'NONE', *, *, #1697, .T. ) ;
#2151 = DIRECTION ( 'NONE',  ( 1.000000000000000000, 0.000000000000000000, 0.000000000000000000 ) ) ;
#2152 = PLANE ( 'NONE',  #1938 ) ;
#2153 = ORIENTED_EDGE ( 'NONE', *, *, #3547, .T. ) ;
#2154 = CARTESIAN_POINT ( 'NONE',  ( 0.000000000000000000, 0.5000000000000000000, -2.500000000000000000 ) ) ;
#2155 = MECHANICAL_DESIGN_GEOMETRIC_PRESENTATION_REPRESENTATION (  '', ( #3389 ), #2743 ) ;
#2156 = ORIENTED_EDGE ( 'NONE', *, *, #749, .T. ) ;
#2157 = ORIENTED_EDGE ( 'NONE', *, *, #2746, .F. ) ;
#2158 = AXIS2_PLACEMENT_3D ( 'NONE', #761, #3592, #133 ) ;
#2159 = AXIS2_PLACEMENT_3D ( 'NONE', #4100, #235, #2005 ) ;
#2160 = FACE_OUTER_BOUND ( 'NONE', #2744, .T. ) ;
#2161 = SURFACE_STYLE_USAGE ( .BOTH. , #4213 ) ;
#2162 = AXIS2_PLACEMENT_3D ( 'NONE', #1971, #222, #4399 ) ;
#2163 = DIRECTION ( 'NONE',  ( 1.000000000000000000, 0.000000000000000000, 0.000000000000000000 ) ) ;
#2164 = CARTESIAN_POINT ( 'NONE',  ( -4.370956789862821150E-15, 0.1767766952966373095, 1.749999999999964695 ) ) ;
#2165 =( CONVERSION_BASED_UNIT ( 'INCH', #3552 ) LENGTH_UNIT ( ) NAMED_UNIT ( #3564 ) );
#2166 = ORIENTED_EDGE ( 'NONE', *, *, #1049, .F. ) ;
#2167 = DIRECTION ( 'NONE',  ( 0.2456326250837916614, -3.384512802959516738E-15, 0.9693629936687523374 ) ) ;
#2168 = FACE_OUTER_BOUND ( 'NONE', #708, .T. ) ;
#2169 = DIRECTION ( 'NONE',  ( -0.000000000000000000, -0.000000000000000000, -1.000000000000000000 ) ) ;
#2170 = VERTEX_POINT ( 'NONE', #4463 ) ;
#2171 = CARTESIAN_POINT ( 'NONE',  ( 0.5100000000000000089, 6.245698675651502318E-17, 4.000000000000000000 ) ) ;
#2172 =( NAMED_UNIT ( * ) SI_UNIT ( $, .STERADIAN. ) SOLID_ANGLE_UNIT ( ) );
#2173 = VERTEX_POINT ( 'NONE', #2471 ) ;
#2174 = ADVANCED_FACE ( 'NONE', ( #281 ), #1371, .F. ) ;
#2175 = CARTESIAN_POINT ( 'NONE',  ( 0.000000000000000000, 0.5000000000000000000, 0.000000000000000000 ) ) ;
#2176 =( CONVERSION_BASED_UNIT ( 'INCH', #2866 ) LENGTH_UNIT ( ) NAMED_UNIT ( #201 ) );
#2177 = ADVANCED_FACE ( 'NONE', ( #4184 ), #4165, .F. ) ;
#2178 = PRESENTATION_LAYER_ASSIGNMENT (  '', '', ( #2245 ) ) ;
#2179 = ORIENTED_EDGE ( 'NONE', *, *, #2411, .F. ) ;
#2180 = ORIENTED_EDGE ( 'NONE', *, *, #4397, .F. ) ;
#2181 = EDGE_CURVE ( 'NONE', #3395, #3496, #2747, .T. ) ;
#2182 = ADVANCED_FACE ( 'NONE', ( #718 ), #2420, .T. ) ;
#2183 = CARTESIAN_POINT ( 'NONE',  ( -1.625000000000000000, -1.500000000000000444, 2.000000000000000000 ) ) ;
#2184 = DIRECTION ( 'NONE',  ( -1.000000000000000000, 0.000000000000000000, 0.000000000000000000 ) ) ;
#2185 = PRODUCT_RELATED_PRODUCT_CATEGORY ( 'part', '', ( #1354 ) ) ;
#2186 = ORIENTED_EDGE ( 'NONE', *, *, #1640, .F. ) ;
#2187 = EDGE_LOOP ( 'NONE', ( #268, #2153, #4105, #3902 ) ) ;
#2188 = DIRECTION ( 'NONE',  ( 0.9475726694786397175, 2.714003487537525804E-15, -0.3195403512189414208 ) ) ;
#2189 = ORIENTED_EDGE ( 'NONE', *, *, #357, .T. ) ;
#2190 = SURFACE_STYLE_USAGE ( .BOTH. , #2230 ) ;
#2191 = DIRECTION ( 'NONE',  ( 1.000000000000000000, 0.000000000000000000, 0.000000000000000000 ) ) ;
#2192 = ORIENTED_EDGE ( 'NONE', *, *, #3709, .F. ) ;
#2193 = DIRECTION ( 'NONE',  ( 1.000000000000000000, 0.000000000000000000, 0.000000000000000000 ) ) ;
#2194 = ADVANCED_BREP_SHAPE_REPRESENTATION ( '', ( #3343, #1846 ), #2513 ) ;
#2195 = FACE_OUTER_BOUND ( 'NONE', #1210, .T. ) ;
#2196 = ADVANCED_BREP_SHAPE_REPRESENTATION ( '', ( #1865, #1846 ), #3892 ) ;
#2197 = CARTESIAN_POINT ( 'NONE',  ( 0.6875000000000000000, 0.000000000000000000, 0.000000000000000000 ) ) ;
#2198 = DIMENSIONAL_EXPONENTS ( 1.000000000000000000, 0.000000000000000000, 0.000000000000000000, 0.000000000000000000, 0.000000000000000000, 0.000000000000000000, 0.000000000000000000 ) ;
#2199 = VECTOR ( 'NONE', #3418, 39.37007874015748143 ) ;
#2200 = ORIENTED_EDGE ( 'NONE', *, *, #2849, .T. ) ;
#2201 = VERTEX_POINT ( 'NONE', #668 ) ;
#2202 =( LENGTH_UNIT ( ) NAMED_UNIT ( * ) SI_UNIT ( $, .METRE. ) );
#2203 = EDGE_CURVE ( 'NONE', #403, #3056, #1486, .T. ) ;
#2204 = CYLINDRICAL_SURFACE ( 'NONE', #2384, 0.5100000000000000089 ) ;
#2205 = DIRECTION ( 'NONE',  ( 0.000000000000000000, 0.000000000000000000, 1.000000000000000000 ) ) ;
#2206 = EDGE_CURVE ( 'NONE', #197, #3784, #905, .T. ) ;
#2207 = EDGE_CURVE ( 'NONE', #285, #2272, #691, .T. ) ;
#2208 = ORIENTED_EDGE ( 'NONE', *, *, #2255, .F. ) ;
#2209 = ORIENTED_EDGE ( 'NONE', *, *, #2794, .T. ) ;
#2210 = DIRECTION ( 'NONE',  ( 1.000000000000000000, 0.000000000000000000, 0.000000000000000000 ) ) ;
#2211 = ORIENTED_EDGE ( 'NONE', *, *, #4212, .T. ) ;
#2212 = DIRECTION ( 'NONE',  ( -1.000000000000000000, 0.000000000000000000, 0.000000000000000000 ) ) ;
#2213 = CARTESIAN_POINT ( 'NONE',  ( 0.000000000000000000, 0.000000000000000000, 0.000000000000000000 ) ) ;
#2214 = EDGE_LOOP ( 'NONE', ( #2846, #505 ) ) ;
#2215 = CARTESIAN_POINT ( 'NONE',  ( 1.616533774874506044E-17, 0.000000000000000000, -0.1320000000000000062 ) ) ;
#2216 =( GEOMETRIC_REPRESENTATION_CONTEXT ( 3 ) GLOBAL_UNCERTAINTY_ASSIGNED_CONTEXT ( ( #1925 ) ) GLOBAL_UNIT_ASSIGNED_CONTEXT ( ( #4022, #2363, #1595 ) ) REPRESENTATION_CONTEXT ( 'NONE', 'WORKASPACE' ) );
#2217 = DIRECTION ( 'NONE',  ( -0.000000000000000000, -0.000000000000000000, -1.000000000000000000 ) ) ;
#2218 = DIRECTION ( 'NONE',  ( 0.000000000000000000, 0.000000000000000000, -1.000000000000000000 ) ) ;
#2219 =( NAMED_UNIT ( * ) SI_UNIT ( $, .STERADIAN. ) SOLID_ANGLE_UNIT ( ) );
#2220 = ORIENTED_EDGE ( 'NONE', *, *, #1351, .F. ) ;
#2221 = VERTEX_POINT ( 'NONE', #2539 ) ;
#2222 =( CONVERSION_BASED_UNIT ( 'INCH', #1160 ) LENGTH_UNIT ( ) NAMED_UNIT ( #1572 ) );
#2223 = CIRCLE ( 'NONE', #3676, 0.5500000000000000444 ) ;
#2224 = AXIS2_PLACEMENT_3D ( 'NONE', #2395, #3370, #3119 ) ;
#2225 = DIRECTION ( 'NONE',  ( 2.714003487537525804E-15, 1.000000000000000000, -4.213137287470324590E-16 ) ) ;
#2226 = CARTESIAN_POINT ( 'NONE',  ( 0.000000000000000000, 0.000000000000000000, 4.000000000000000000 ) ) ;
#2227 = VERTEX_POINT ( 'NONE', #3896 ) ;
#2228 =( NAMED_UNIT ( * ) PLANE_ANGLE_UNIT ( ) SI_UNIT ( $, .RADIAN. ) );
#2229 = EDGE_LOOP ( 'NONE', ( #1689, #3920, #3872, #1630 ) ) ;
#2230 = SURFACE_SIDE_STYLE ('',( #1939 ) ) ;
#2231 = ADVANCED_FACE ( 'NONE', ( #2827, #2145 ), #54, .F. ) ;
#2232 = EDGE_CURVE ( 'NONE', #98, #2957, #401, .T. ) ;
#2233 = DIRECTION ( 'NONE',  ( 1.000000000000000000, 0.000000000000000000, 0.000000000000000000 ) ) ;
#2234 = DIRECTION ( 'NONE',  ( 0.000000000000000000, 0.000000000000000000, 1.000000000000000000 ) ) ;
#2235 = DIRECTION ( 'NONE',  ( 0.000000000000000000, 0.000000000000000000, 1.000000000000000000 ) ) ;
#2236 = LINE ( 'NONE', #3304, #2014 ) ;
#2237 = AXIS2_PLACEMENT_3D ( 'NONE', #3543, #1459, #2886 ) ;
#2238 = PRODUCT_RELATED_PRODUCT_CATEGORY ( 'part', '', ( #340 ) ) ;
#2239 = DIRECTION ( 'NONE',  ( -1.000000000000000000, 7.726832965963590075E-16, 1.387778780781442132E-17 ) ) ;
#2240 = CARTESIAN_POINT ( 'NONE',  ( 2.762480618433564850, 0.000000000000000000, 0.000000000000000000 ) ) ;
#2241 = ORIENTED_EDGE ( 'NONE', *, *, #1077, .F. ) ;
#2242 = ORIENTED_EDGE ( 'NONE', *, *, #1345, .F. ) ;
#2243 = CARTESIAN_POINT ( 'NONE',  ( 2.892480618433564743, 1.592040838891558109E-17, 0.000000000000000000 ) ) ;
#2244 = SHAPE_REPRESENTATION ( 'Cond-top plate', ( #1846 ), #1694 ) ;
#2245 = STYLED_ITEM ( 'NONE', ( #1059 ), #3343 ) ;
#2246 = CARTESIAN_POINT ( 'NONE',  ( 0.000000000000000000, 8.699999999999999289, 0.000000000000000000 ) ) ;
#2247 = DIRECTION ( 'NONE',  ( 1.000000000000000000, 0.000000000000000000, 0.000000000000000000 ) ) ;
#2248 = VERTEX_POINT ( 'NONE', #2491 ) ;
#2249 = PRODUCT_CONTEXT ( 'NONE', #793, 'mechanical' ) ;
#2250 = VERTEX_POINT ( 'NONE', #3529 ) ;
#2251 = CARTESIAN_POINT ( 'NONE',  ( 1.625000000000000000, 1.500000000000000222, 2.000000000000000000 ) ) ;
#2252 = CARTESIAN_POINT ( 'NONE',  ( 0.000000000000000000, 0.09999999999999947820, 0.000000000000000000 ) ) ;
#2253 = AXIS2_PLACEMENT_3D ( 'NONE', #4224, #8, #2880 ) ;
#2254 = EDGE_CURVE ( 'NONE', #4077, #2980, #4237, .T. ) ;
#2255 = EDGE_CURVE ( 'NONE', #2250, #2064, #2534, .T. ) ;
#2256 = DIRECTION ( 'NONE',  ( 0.000000000000000000, 1.000000000000000000, 0.000000000000000000 ) ) ;
#2257 = EDGE_CURVE ( 'NONE', #1504, #231, #1793, .T. ) ;
#2258 = CARTESIAN_POINT ( 'NONE',  ( 0.8750000000000002220, -1.500000000000000444, 2.000000000000000000 ) ) ;
#2259 = ADVANCED_FACE ( 'NONE', ( #3189 ), #2852, .T. ) ;
#2260 = DIRECTION ( 'NONE',  ( -0.000000000000000000, 1.000000000000000000, -0.000000000000000000 ) ) ;
#2261 =( LENGTH_UNIT ( ) NAMED_UNIT ( * ) SI_UNIT ( $, .METRE. ) );
#2262 = DIRECTION ( 'NONE',  ( -0.7071067811865483499, 0.7071067811865465735, 0.000000000000000000 ) ) ;
#2263 = ORIENTED_EDGE ( 'NONE', *, *, #1836, .T. ) ;
#2264 = ORIENTED_EDGE ( 'NONE', *, *, #2878, .T. ) ;
#2265 = CIRCLE ( 'NONE', #1598, 0.1249999999999999029 ) ;
#2266 = DIRECTION ( 'NONE',  ( -0.000000000000000000, -0.000000000000000000, -1.000000000000000000 ) ) ;
#2267 = CARTESIAN_POINT ( 'NONE',  ( 0.000000000000000000, 0.000000000000000000, 0.000000000000000000 ) ) ;
#2268 = AXIS2_PLACEMENT_3D ( 'NONE', #713, #1716, #3448 ) ;
#2269 = VECTOR ( 'NONE', #4037, 39.37007874015748143 ) ;
#2270 = DIRECTION ( 'NONE',  ( 1.000000000000000000, 0.000000000000000000, -0.000000000000000000 ) ) ;
#2271 = DIRECTION ( 'NONE',  ( -0.000000000000000000, -1.000000000000000000, -0.000000000000000000 ) ) ;
#2272 = VERTEX_POINT ( 'NONE', #115 ) ;
#2273 = SHAPE_DEFINITION_REPRESENTATION ( #2476, #1930 ) ;
#2274 = ORIENTED_EDGE ( 'NONE', *, *, #2602, .F. ) ;
#2275 = CARTESIAN_POINT ( 'NONE',  ( 0.000000000000000000, 8.699999999999999289, 0.000000000000000000 ) ) ;
#2276 = DIRECTION ( 'NONE',  ( -1.000000000000000000, 0.000000000000000000, 0.000000000000000000 ) ) ;
#2277 = DIRECTION ( 'NONE',  ( 0.000000000000000000, 1.000000000000000000, -0.000000000000000000 ) ) ;
#2278 = VERTEX_POINT ( 'NONE', #2514 ) ;
#2279 = DIRECTION ( 'NONE',  ( 1.000000000000000000, 0.000000000000000000, 0.000000000000000000 ) ) ;
#2280 =( REPRESENTATION_RELATIONSHIP ('NONE','NONE', #1896, #2867 ) REPRESENTATION_RELATIONSHIP_WITH_TRANSFORMATION ( #3187 )SHAPE_REPRESENTATION_RELATIONSHIP( ) );
#2281 = LINE ( 'NONE', #2258, #3464 ) ;
#2282 = DIRECTION ( 'NONE',  ( 0.000000000000000000, 0.000000000000000000, 1.000000000000000000 ) ) ;
#2283 =( NAMED_UNIT ( * ) SI_UNIT ( $, .STERADIAN. ) SOLID_ANGLE_UNIT ( ) );
#2284 = DIRECTION ( 'NONE',  ( -0.000000000000000000, -0.000000000000000000, -1.000000000000000000 ) ) ;
#2285 = DIMENSIONAL_EXPONENTS ( 1.000000000000000000, 0.000000000000000000, 0.000000000000000000, 0.000000000000000000, 0.000000000000000000, 0.000000000000000000, 0.000000000000000000 ) ;
#2286 =( GEOMETRIC_REPRESENTATION_CONTEXT ( 3 ) GLOBAL_UNCERTAINTY_ASSIGNED_CONTEXT ( ( #2735 ) ) GLOBAL_UNIT_ASSIGNED_CONTEXT ( ( #2820, #1068, #4230 ) ) REPRESENTATION_CONTEXT ( 'NONE', 'WORKASPACE' ) );
#2287 = ORIENTED_EDGE ( 'NONE', *, *, #108, .T. ) ;
#2288 = ORIENTED_EDGE ( 'NONE', *, *, #776, .T. ) ;
#2289 = UNCERTAINTY_MEASURE_WITH_UNIT (LENGTH_MEASURE( 1.000000000000000082E-05 ), #627, 'distance_accuracy_value', 'NONE');
#2290 = PRODUCT_DEFINITION_FORMATION_WITH_SPECIFIED_SOURCE ( 'ANY', '', #1280, .NOT_KNOWN. ) ;
#2291 = DIRECTION ( 'NONE',  ( -1.000000000000000000, 2.121823684399415699E-15, 0.000000000000000000 ) ) ;
#2292 = DIRECTION ( 'NONE',  ( 0.000000000000000000, 0.000000000000000000, 1.000000000000000000 ) ) ;
#2293 = ORIENTED_EDGE ( 'NONE', *, *, #357, .F. ) ;
#2294 = ORIENTED_EDGE ( 'NONE', *, *, #1218, .T. ) ;
#2295 = SHAPE_DEFINITION_REPRESENTATION ( #4459, #1455 ) ;
#2296 = EDGE_LOOP ( 'NONE', ( #1552, #3353 ) ) ;
#2297 = AXIS2_PLACEMENT_3D ( 'NONE', #3514, #383, #1039 ) ;
#2298 = LENGTH_MEASURE_WITH_UNIT ( LENGTH_MEASURE( 0.02539999999999999897 ), #1962 );
#2299 =( LENGTH_UNIT ( ) NAMED_UNIT ( * ) SI_UNIT ( $, .METRE. ) );
#2300 = CARTESIAN_POINT ( 'NONE',  ( 2.500000000000000000, 6.042871659728080054E-16, 2.500000000000000000 ) ) ;
#2301 = AXIS2_PLACEMENT_3D ( 'NONE', #3211, #1508, #2184 ) ;
#2302 = AXIS2_PLACEMENT_3D ( 'NONE', #2779, #2025, #922 ) ;
#2303 = SURFACE_STYLE_USAGE ( .BOTH. , #944 ) ;
#2304 = EDGE_LOOP ( 'NONE', ( #3703, #2707 ) ) ;
#2305 = DIRECTION ( 'NONE',  ( 0.000000000000000000, 1.000000000000000000, 0.000000000000000000 ) ) ;
#2306 = DIRECTION ( 'NONE',  ( -0.000000000000000000, -0.000000000000000000, -1.000000000000000000 ) ) ;
#2307 = LINE ( 'NONE', #2658, #2901 ) ;
#2308 = CARTESIAN_POINT ( 'NONE',  ( 0.000000000000000000, 2.981254661859697406E-16, 4.000000000000000000 ) ) ;
#2309 = ADVANCED_FACE ( 'NONE', ( #2873 ), #1122, .F. ) ;
#2310 = ORIENTED_EDGE ( 'NONE', *, *, #386, .T. ) ;
#2311 = EDGE_LOOP ( 'NONE', ( #792, #2808 ) ) ;
#2312 = AXIS2_PLACEMENT_3D ( 'NONE', #3333, #1566, #4329 ) ;
#2313 = FACE_OUTER_BOUND ( 'NONE', #4491, .T. ) ;
#2314 =( LENGTH_UNIT ( ) NAMED_UNIT ( * ) SI_UNIT ( $, .METRE. ) );
#2315 = EDGE_CURVE ( 'NONE', #1543, #2532, #2578, .T. ) ;
#2316 = EDGE_CURVE ( 'NONE', #1044, #535, #3249, .T. ) ;
#2317 = CIRCLE ( 'NONE', #3694, 0.5150000000000042322 ) ;
#2318 = ADVANCED_FACE ( 'NONE', ( #1815 ), #1142, .F. ) ;
#2319 = DIRECTION ( 'NONE',  ( -0.000000000000000000, -0.000000000000000000, -1.000000000000000000 ) ) ;
#2320 = ORIENTED_EDGE ( 'NONE', *, *, #2524, .T. ) ;
#2321 = CONTEXT_DEPENDENT_SHAPE_REPRESENTATION ( #3043, #3365 ) ;
#2322 = ORIENTED_EDGE ( 'NONE', *, *, #77, .T. ) ;
#2323 = STYLED_ITEM ( 'NONE', ( #162 ), #3427 ) ;
#2324 = PRODUCT_RELATED_PRODUCT_CATEGORY ( 'part', '', ( #47 ) ) ;
#2325 = DIRECTION ( 'NONE',  ( -1.000000000000000000, 0.000000000000000000, 0.000000000000000000 ) ) ;
#2326 = DIRECTION ( 'NONE',  ( -0.000000000000000000, -0.000000000000000000, -1.000000000000000000 ) ) ;
#2327 = SURFACE_STYLE_FILL_AREA ( #4391 ) ;
#2328 = VERTEX_POINT ( 'NONE', #2914 ) ;
#2329 = DIRECTION ( 'NONE',  ( -0.000000000000000000, -0.000000000000000000, -1.000000000000000000 ) ) ;
#2330 = CARTESIAN_POINT ( 'NONE',  ( 6.735557395310443749E-17, 0.000000000000000000, 0.5500000000000000444 ) ) ;
#2331 = CARTESIAN_POINT ( 'NONE',  ( 0.000000000000000000, 2.981254661859697406E-16, 2.500000000000000000 ) ) ;
#2332 =( CONVERSION_BASED_UNIT ( 'INCH', #4110 ) LENGTH_UNIT ( ) NAMED_UNIT ( #3683 ) );
#2333 = DIRECTION ( 'NONE',  ( -3.781238829332528222E-16, 2.476382006277284779E-15, 1.000000000000000000 ) ) ;
#2334 = PRODUCT_DEFINITION_CONTEXT ( 'detailed design', #1812, 'design' ) ;
#2335 = ORIENTED_EDGE ( 'NONE', *, *, #1628, .F. ) ;
#2336 = EDGE_LOOP ( 'NONE', ( #3176, #2702 ) ) ;
#2337 = AXIS2_PLACEMENT_3D ( 'NONE', #3797, #645, #2412 ) ;
#2338 = DIRECTION ( 'NONE',  ( -1.387778780781442132E-17, 1.232595164407827968E-30, -1.000000000000000000 ) ) ;
#2339 = VECTOR ( 'NONE', #4133, 39.37007874015748143 ) ;
#2340 = DIRECTION ( 'NONE',  ( 0.000000000000000000, 1.000000000000000000, 0.000000000000000000 ) ) ;
#2341 = APPLICATION_CONTEXT ( 'automotive_design' ) ;
#2342 = CIRCLE ( 'NONE', #3283, 0.5124999999999999556 ) ;
#2343 = ORIENTED_EDGE ( 'NONE', *, *, #3641, .F. ) ;
#2344 = CONTEXT_DEPENDENT_SHAPE_REPRESENTATION ( #4291, #2100 ) ;
#2345 = DIRECTION ( 'NONE',  ( 0.000000000000000000, -0.000000000000000000, 1.000000000000000000 ) ) ;
#2346 = PRESENTATION_LAYER_ASSIGNMENT (  '', '', ( #3948 ) ) ;
#2347 = AXIS2_PLACEMENT_3D ( 'NONE', #4195, #2475, #3124 ) ;
#2348 = DIRECTION ( 'NONE',  ( -1.000000000000000000, 0.000000000000000000, 0.000000000000000000 ) ) ;
#2349 = ADVANCED_FACE ( 'NONE', ( #74, #3232, #1466 ), #4255, .F. ) ;
#2350 = DIRECTION ( 'NONE',  ( -1.000000000000000000, 0.000000000000000000, 0.000000000000000000 ) ) ;
#2351 = VERTEX_POINT ( 'NONE', #1484 ) ;
#2352 = CARTESIAN_POINT ( 'NONE',  ( 6.735557395310443749E-17, 0.09999999999999947820, 0.5500000000000000444 ) ) ;
#2353 = STYLED_ITEM ( 'NONE', ( #3456 ), #408 ) ;
#2354 = FACE_OUTER_BOUND ( 'NONE', #4302, .T. ) ;
#2355 = CYLINDRICAL_SURFACE ( 'NONE', #4204, 2.500000000000000000 ) ;
#2356 = CARTESIAN_POINT ( 'NONE',  ( 0.000000000000000000, 0.000000000000000000, 0.000000000000000000 ) ) ;
#2357 = DIRECTION ( 'NONE',  ( 0.000000000000000000, 0.000000000000000000, 1.000000000000000000 ) ) ;
#2358 = AXIS2_PLACEMENT_3D ( 'NONE', #912, #199, #1837 ) ;
#2359 = ORIENTED_EDGE ( 'NONE', *, *, #3453, .F. ) ;
#2360 = ORIENTED_EDGE ( 'NONE', *, *, #1838, .F. ) ;
#2361 = AXIS2_PLACEMENT_3D ( 'NONE', #1856, #178, #528 ) ;
#2362 = DIRECTION ( 'NONE',  ( 0.000000000000000000, 1.000000000000000000, -0.000000000000000000 ) ) ;
#2363 =( NAMED_UNIT ( * ) PLANE_ANGLE_UNIT ( ) SI_UNIT ( $, .RADIAN. ) );
#2364 =( GEOMETRIC_REPRESENTATION_CONTEXT ( 3 ) GLOBAL_UNCERTAINTY_ASSIGNED_CONTEXT ( ( #300 ) ) GLOBAL_UNIT_ASSIGNED_CONTEXT ( ( #3574, #2383, #3215 ) ) REPRESENTATION_CONTEXT ( 'NONE', 'WORKASPACE' ) );
#2365 = DIRECTION ( 'NONE',  ( -0.000000000000000000, -0.000000000000000000, -1.000000000000000000 ) ) ;
#2366 = ORIENTED_EDGE ( 'NONE', *, *, #1628, .T. ) ;
#2367 = SHAPE_DEFINITION_REPRESENTATION ( #1066, #3180 ) ;
#2368 = SURFACE_STYLE_FILL_AREA ( #1624 ) ;
#2369 = EDGE_CURVE ( 'NONE', #1488, #3890, #981, .T. ) ;
#2370 = DIRECTION ( 'NONE',  ( 1.000000000000000000, 0.000000000000000000, 0.000000000000000000 ) ) ;
#2371 = DIRECTION ( 'NONE',  ( 0.000000000000000000, 0.000000000000000000, 1.000000000000000000 ) ) ;
#2372 = AXIS2_PLACEMENT_3D ( 'NONE', #750, #1404, #2525 ) ;
#2373 = VERTEX_POINT ( 'NONE', #1881 ) ;
#2374 = ADVANCED_FACE ( 'NONE', ( #3274, #181 ), #556, .T. ) ;
#2375 = DIRECTION ( 'NONE',  ( 0.000000000000000000, 0.000000000000000000, 1.000000000000000000 ) ) ;
#2376 = EDGE_CURVE ( 'NONE', #3596, #4089, #4048, .T. ) ;
#2377 = AXIS2_PLACEMENT_3D ( 'NONE', #2894, #737, #3254 ) ;
#2378 = EDGE_CURVE ( 'NONE', #2625, #4175, #1123, .T. ) ;
#2379 = AXIS2_PLACEMENT_3D ( 'NONE', #421, #2095, #3479 ) ;
#2380 = CARTESIAN_POINT ( 'NONE',  ( 0.000000000000000000, 0.2500000000000000000, 0.000000000000000000 ) ) ;
#2381 = VERTEX_POINT ( 'NONE', #3685 ) ;
#2382 = DIRECTION ( 'NONE',  ( -0.000000000000000000, -0.000000000000000000, -1.000000000000000000 ) ) ;
#2383 =( NAMED_UNIT ( * ) PLANE_ANGLE_UNIT ( ) SI_UNIT ( $, .RADIAN. ) );
#2384 = AXIS2_PLACEMENT_3D ( 'NONE', #2246, #3631, #1907 ) ;
#2385 = ORIENTED_EDGE ( 'NONE', *, *, #1215, .F. ) ;
#2386 = ORIENTED_EDGE ( 'NONE', *, *, #272, .F. ) ;
#2387 = VECTOR ( 'NONE', #2013, 39.37007874015748143 ) ;
#2388 = EDGE_CURVE ( 'NONE', #4132, #3309, #322, .T. ) ;
#2389 = DIRECTION ( 'NONE',  ( 0.000000000000000000, 0.000000000000000000, 1.000000000000000000 ) ) ;
#2390 = LENGTH_MEASURE_WITH_UNIT ( LENGTH_MEASURE( 0.02539999999999999897 ), #913 );
#2391 = CARTESIAN_POINT ( 'NONE',  ( -2.500000000000000000, 2.981254661859697406E-16, 0.000000000000000000 ) ) ;
#2392 = PRODUCT_DEFINITION_SHAPE ( 'NONE', 'NONE',  #4510 ) ;
#2393 = SHAPE_DEFINITION_REPRESENTATION ( #2725, #2244 ) ;
#2394 = CARTESIAN_POINT ( 'NONE',  ( 0.000000000000000000, 0.2500000000000000000, 0.000000000000000000 ) ) ;
#2395 = CARTESIAN_POINT ( 'NONE',  ( 0.000000000000000000, 0.2500000000000000000, 0.000000000000000000 ) ) ;
#2396 = FACE_OUTER_BOUND ( 'NONE', #4083, .T. ) ;
#2397 =( NAMED_UNIT ( * ) PLANE_ANGLE_UNIT ( ) SI_UNIT ( $, .RADIAN. ) );
#2398 = AXIS2_PLACEMENT_3D ( 'NONE', #3670, #544, #1951 ) ;
#2399 = VERTEX_POINT ( 'NONE', #2693 ) ;
#2400 = CARTESIAN_POINT ( 'NONE',  ( 1.015900093385932790, 0.000000000000000000, -1.134877526538481840 ) ) ;
#2401 = SHAPE_REPRESENTATION ( 'Accumulator tube', ( #1846 ), #2364 ) ;
#2402 = CARTESIAN_POINT ( 'NONE',  ( -0.8749999999999997780, 1.500000000000000222, 2.000000000000000000 ) ) ;
#2403 = ORIENTED_EDGE ( 'NONE', *, *, #2907, .T. ) ;
#2404 = DIRECTION ( 'NONE',  ( 0.000000000000000000, 0.000000000000000000, 1.000000000000000000 ) ) ;
#2405 = EDGE_CURVE ( 'NONE', #1897, #231, #4014, .T. ) ;
#2406 = LINE ( 'NONE', #3440, #914 ) ;
#2407 = DIRECTION ( 'NONE',  ( 1.000000000000000000, 0.000000000000000000, 0.000000000000000000 ) ) ;
#2408 = EDGE_CURVE ( 'NONE', #3483, #2015, #3364, .T. ) ;
#2409 = ORIENTED_EDGE ( 'NONE', *, *, #526, .T. ) ;
#2410 = VERTEX_POINT ( 'NONE', #3293 ) ;
#2411 = EDGE_CURVE ( 'NONE', #3572, #4198, #137, .T. ) ;
#2412 = DIRECTION ( 'NONE',  ( -1.000000000000000000, 0.000000000000000000, 0.000000000000000000 ) ) ;
#2413 =( LENGTH_UNIT ( ) NAMED_UNIT ( * ) SI_UNIT ( $, .METRE. ) );
#2414 = PLANE ( 'NONE',  #2268 ) ;
#2415 = ADVANCED_BREP_SHAPE_REPRESENTATION ( '', ( #3427, #1846 ), #2149 ) ;
#2416 = UNCERTAINTY_MEASURE_WITH_UNIT (LENGTH_MEASURE( 1.000000000000000082E-05 ), #4499, 'distance_accuracy_value', 'NONE');
#2417 = CARTESIAN_POINT ( 'NONE',  ( 2.762480618433564850, 0.000000000000000000, 0.5000000000000000000 ) ) ;
#2418 = APPLICATION_PROTOCOL_DEFINITION ( 'draft international standard', 'automotive_design', 1998, #3272 ) ;
#2419 = CARTESIAN_POINT ( 'NONE',  ( 0.000000000000000000, 2.981254661859697406E-16, 0.000000000000000000 ) ) ;
#2420 = CYLINDRICAL_SURFACE ( 'NONE', #3906, 0.1249999999999999029 ) ;
#2421 = VECTOR ( 'NONE', #493, 39.37007874015748143 ) ;
#2422 = ADVANCED_BREP_SHAPE_REPRESENTATION ( '', ( #408, #1846 ), #2286 ) ;
#2423 = ORIENTED_EDGE ( 'NONE', *, *, #2602, .T. ) ;
#2424 = AXIS2_PLACEMENT_3D ( 'NONE', #1775, #1425, #33 ) ;
#2425 = AXIS2_PLACEMENT_3D ( 'NONE', #3717, #3785, #2681 ) ;
#2426 = DIRECTION ( 'NONE',  ( -0.7071067811865484609, 0.7071067811865466846, 0.000000000000000000 ) ) ;
#2427 = UNCERTAINTY_MEASURE_WITH_UNIT (LENGTH_MEASURE( 1.000000000000000082E-05 ), #3394, 'distance_accuracy_value', 'NONE');
#2428 = CARTESIAN_POINT ( 'NONE',  ( -2.500000000000000000, 0.000000000000000000, 0.5000000000000000000 ) ) ;
#2429 = ORIENTED_EDGE ( 'NONE', *, *, #1609, .F. ) ;
#2430 = CARTESIAN_POINT ( 'NONE',  ( -3.000000000000000444, 0.000000000000000000, 0.000000000000000000 ) ) ;
#2431 = CARTESIAN_POINT ( 'NONE',  ( 0.000000000000000000, 0.09999999999999947820, 0.000000000000000000 ) ) ;
#2432 = DIRECTION ( 'NONE',  ( 0.2202820375306996925, -3.781238829331807400E-16, 0.9754362223853099145 ) ) ;
#2433 = VERTEX_POINT ( 'NONE', #892 ) ;
#2434 = EDGE_LOOP ( 'NONE', ( #3221, #1682, #4283, #2627 ) ) ;
#2435 = PRODUCT_DEFINITION_SHAPE ( 'NONE', 'NONE',  #2803 ) ;
#2436 = DIRECTION ( 'NONE',  ( 0.000000000000000000, 0.000000000000000000, 1.000000000000000000 ) ) ;
#2437 =( NAMED_UNIT ( * ) PLANE_ANGLE_UNIT ( ) SI_UNIT ( $, .RADIAN. ) );
#2438 = EDGE_CURVE ( 'NONE', #775, #712, #874, .T. ) ;
#2439 = DIRECTION ( 'NONE',  ( 0.000000000000000000, 0.000000000000000000, 1.000000000000000000 ) ) ;
#2440 = VECTOR ( 'NONE', #459, 39.37007874015748854 ) ;
#2441 = LINE ( 'NONE', #1003, #234 ) ;
#2442 = CARTESIAN_POINT ( 'NONE',  ( 0.000000000000000000, 0.000000000000000000, 4.000000000000000000 ) ) ;
#2443 = DIRECTION ( 'NONE',  ( -1.000000000000000000, 0.000000000000000000, 0.000000000000000000 ) ) ;
#2444 = CIRCLE ( 'NONE', #4394, 0.5150000000000001243 ) ;
#2445 =( NAMED_UNIT ( * ) PLANE_ANGLE_UNIT ( ) SI_UNIT ( $, .RADIAN. ) );
#2446 = CARTESIAN_POINT ( 'NONE',  ( 0.000000000000000000, 0.000000000000000000, 0.000000000000000000 ) ) ;
#2447 = ORIENTED_EDGE ( 'NONE', *, *, #2376, .F. ) ;
#2448 = DIRECTION ( 'NONE',  ( -0.000000000000000000, -0.000000000000000000, -1.000000000000000000 ) ) ;
#2449 = CYLINDRICAL_SURFACE ( 'NONE', #1000, 0.1249999999999999029 ) ;
#2450 = ORIENTED_EDGE ( 'NONE', *, *, #2715, .T. ) ;
#2451 = DIRECTION ( 'NONE',  ( -0.7071067811865477948, -0.7071067811865471286, 3.469446951953611724E-17 ) ) ;
#2452 = DIRECTION ( 'NONE',  ( 0.000000000000000000, 0.000000000000000000, 1.000000000000000000 ) ) ;
#2453 = DIRECTION ( 'NONE',  ( 1.000000000000000000, 0.000000000000000000, 0.000000000000000000 ) ) ;
#2454 = COLOUR_RGB ( '',0.7921568627450980005, 0.8196078431372548767, 0.9333333333333333481 ) ;
#2455 = AXIS2_PLACEMENT_3D ( 'NONE', #1674, #4435, #1626 ) ;
#2456 = ORIENTED_EDGE ( 'NONE', *, *, #3986, .F. ) ;
#2457 = ORIENTED_EDGE ( 'NONE', *, *, #3191, .T. ) ;
#2458 = PRODUCT_DEFINITION_CONTEXT ( 'detailed design', #4061, 'design' ) ;
#2459 = CIRCLE ( 'NONE', #1417, 0.1299999999999999767 ) ;
#2460 = CARTESIAN_POINT ( 'NONE',  ( -2.500000000000000000, 2.981254661859697406E-16, 2.500000000000000000 ) ) ;
#2461 = EDGE_CURVE ( 'NONE', #799, #40, #2342, .T. ) ;
#2462 = ORIENTED_EDGE ( 'NONE', *, *, #2369, .T. ) ;
#2463 = DIRECTION ( 'NONE',  ( 1.000000000000000000, 0.000000000000000000, 0.000000000000000000 ) ) ;
#2464 = EDGE_CURVE ( 'NONE', #2028, #2221, #4238, .T. ) ;
#2465 = AXIS2_PLACEMENT_3D ( 'NONE', #3060, #1334, #3745 ) ;
#2466 = CARTESIAN_POINT ( 'NONE',  ( 0.000000000000000000, 0.000000000000000000, -2.500000000000000000 ) ) ;
#2467 = EDGE_CURVE ( 'NONE', #4469, #3320, #1574, .T. ) ;
#2468 = CONTEXT_DEPENDENT_SHAPE_REPRESENTATION ( #2976, #2022 ) ;
#2469 = EDGE_CURVE ( 'NONE', #2980, #2532, #662, .T. ) ;
#2470 = CARTESIAN_POINT ( 'NONE',  ( -1.500000000000000222, 1.499999999999999778, 2.000000000000000000 ) ) ;
#2471 = CARTESIAN_POINT ( 'NONE',  ( -3.000000000000000444, 0.000000000000000000, 0.5000000000000000000 ) ) ;
#2472 = AXIS2_PLACEMENT_3D ( 'NONE', #2819, #4247, #2843 ) ;
#2473 = ORIENTED_EDGE ( 'NONE', *, *, #1668, .F. ) ;
#2474 = CARTESIAN_POINT ( 'NONE',  ( -0.3799999999999999489, 2.981254661859697406E-16, 4.500000000000000000 ) ) ;
#2475 = DIRECTION ( 'NONE',  ( 0.000000000000000000, 0.000000000000000000, 1.000000000000000000 ) ) ;
#2476 = PRODUCT_DEFINITION_SHAPE ( 'NONE', 'NONE',  #1365 ) ;
#2477 =( NAMED_UNIT ( * ) SI_UNIT ( $, .STERADIAN. ) SOLID_ANGLE_UNIT ( ) );
#2478 = ORIENTED_EDGE ( 'NONE', *, *, #2438, .T. ) ;
#2479 = CYLINDRICAL_SURFACE ( 'NONE', #3429, 0.1320000000000000062 ) ;
#2480 = VECTOR ( 'NONE', #2284, 39.37007874015748143 ) ;
#2481 = AXIS2_PLACEMENT_3D ( 'NONE', #163, #4347, #1915 ) ;
#2482 = VERTEX_POINT ( 'NONE', #4001 ) ;
#2483 = EDGE_LOOP ( 'NONE', ( #3748, #1407 ) ) ;
#2484 = CIRCLE ( 'NONE', #495, 0.3799999999999999489 ) ;
#2485 = DIRECTION ( 'NONE',  ( 0.000000000000000000, 0.000000000000000000, 1.000000000000000000 ) ) ;
#2486 = VERTEX_POINT ( 'NONE', #4409 ) ;
#2487 = MECHANICAL_DESIGN_GEOMETRIC_PRESENTATION_REPRESENTATION (  '', ( #2245 ), #2766 ) ;
#2488 = DIRECTION ( 'NONE',  ( 1.000000000000000000, 0.000000000000000000, 0.000000000000000000 ) ) ;
#2489 = DIRECTION ( 'NONE',  ( -0.000000000000000000, -0.000000000000000000, -1.000000000000000000 ) ) ;
#2490 = DIRECTION ( 'NONE',  ( -0.7071067811865479058, -0.7071067811865469066, 3.469446951953611107E-17 ) ) ;
#2491 = CARTESIAN_POINT ( 'NONE',  ( 2.632480618433564956, 0.000000000000000000, 0.000000000000000000 ) ) ;
#2492 = SURFACE_SIDE_STYLE ('',( #1078 ) ) ;
#2493 = AXIS2_PLACEMENT_3D ( 'NONE', #1715, #2389, #3138 ) ;
#2494 = ORIENTED_EDGE ( 'NONE', *, *, #325, .T. ) ;
#2495 = DIRECTION ( 'NONE',  ( 0.000000000000000000, 0.000000000000000000, 1.000000000000000000 ) ) ;
#2496 = CARTESIAN_POINT ( 'NONE',  ( -3.496765431890256920E-14, 0.000000000000000000, 1.749999999999986455 ) ) ;
#2497 = ADVANCED_FACE ( 'NONE', ( #3730 ), #848, .F. ) ;
#2498 = CARTESIAN_POINT ( 'NONE',  ( -3.000000000000000444, 0.000000000000000000, 0.5000000000000000000 ) ) ;
#2499 = EDGE_LOOP ( 'NONE', ( #812, #2209 ) ) ;
#2500 = CARTESIAN_POINT ( 'NONE',  ( 0.5303300858899108183, 0.7071067811865481278, 0.000000000000000000 ) ) ;
#2501 = AXIS2_PLACEMENT_3D ( 'NONE', #532, #229, #4338 ) ;
#2502 = ORIENTED_EDGE ( 'NONE', *, *, #3735, .T. ) ;
#2503 = AXIS2_PLACEMENT_3D ( 'NONE', #3964, #4323, #4054 ) ;
#2504 = CIRCLE ( 'NONE', #1759, 0.5150000000000042322 ) ;
#2505 = FACE_OUTER_BOUND ( 'NONE', #406, .T. ) ;
#2506 = LENGTH_MEASURE_WITH_UNIT ( LENGTH_MEASURE( 0.02539999999999999897 ), #2067 );
#2507 = MECHANICAL_DESIGN_GEOMETRIC_PRESENTATION_REPRESENTATION (  '', ( #1532 ), #521 ) ;
#2508 = ORIENTED_EDGE ( 'NONE', *, *, #683, .F. ) ;
#2509 = VERTEX_POINT ( 'NONE', #602 ) ;
#2510 = DIRECTION ( 'NONE',  ( 0.000000000000000000, 0.000000000000000000, 1.000000000000000000 ) ) ;
#2511 = PRODUCT ( 'Evap-bottom plate', 'Evap-bottom plate', '', ( #2605 ) ) ;
#2512 = DIRECTION ( 'NONE',  ( 0.000000000000000000, 0.000000000000000000, 1.000000000000000000 ) ) ;
#2513 =( GEOMETRIC_REPRESENTATION_CONTEXT ( 3 ) GLOBAL_UNCERTAINTY_ASSIGNED_CONTEXT ( ( #176 ) ) GLOBAL_UNIT_ASSIGNED_CONTEXT ( ( #3385, #3706, #4452 ) ) REPRESENTATION_CONTEXT ( 'NONE', 'WORKASPACE' ) );
#2514 = CARTESIAN_POINT ( 'NONE',  ( 1.375000000000000222, 1.500000000000000222, 0.5000000000000000000 ) ) ;
#2515 = EDGE_LOOP ( 'NONE', ( #4069, #119 ) ) ;
#2516 = ADVANCED_FACE ( 'NONE', ( #509, #1551 ), #2955, .T. ) ;
#2517 = CARTESIAN_POINT ( 'NONE',  ( 7.317735428989648128, 12.31091027170453778, 22.76860807109438412 ) ) ;
#2518 = CARTESIAN_POINT ( 'NONE',  ( -1.625000000000000000, -1.500000000000000444, 2.000000000000000000 ) ) ;
#2519 = CYLINDRICAL_SURFACE ( 'NONE', #4095, 0.1320000000000000062 ) ;
#2520 = CARTESIAN_POINT ( 'NONE',  ( 3.061616997868383141E-16, 0.5000000000000000000, 2.500000000000000000 ) ) ;
#2521 = EDGE_LOOP ( 'NONE', ( #1189, #2502 ) ) ;
#2522 = PLANE ( 'NONE',  #289 ) ;
#2523 = ADVANCED_FACE ( 'NONE', ( #579 ), #2975, .F. ) ;
#2524 = EDGE_CURVE ( 'NONE', #3383, #843, #1462, .T. ) ;
#2525 = DIRECTION ( 'NONE',  ( 1.000000000000000000, 0.000000000000000000, 0.000000000000000000 ) ) ;
#2526 = EDGE_CURVE ( 'NONE', #2146, #1225, #3113, .T. ) ;
#2527 = VERTEX_POINT ( 'NONE', #3845 ) ;
#2528 = SHAPE_REPRESENTATION ( 'Cond - bottom plate', ( #1846 ), #3159 ) ;
#2529 = FACE_OUTER_BOUND ( 'NONE', #1937, .T. ) ;
#2530 = PRESENTATION_LAYER_ASSIGNMENT (  '', '', ( #3389 ) ) ;
#2531 = ORIENTED_EDGE ( 'NONE', *, *, #1154, .T. ) ;
#2532 = VERTEX_POINT ( 'NONE', #2776 ) ;
#2533 = PRODUCT_DEFINITION ( 'UNKNOWN', '', #3751, #1387 ) ;
#2534 = CIRCLE ( 'NONE', #2377, 0.5150000000000001243 ) ;
#2535 = CIRCLE ( 'NONE', #3246, 0.5150000000000042322 ) ;
#2536 = CARTESIAN_POINT ( 'NONE',  ( -2.500000000000000000, 0.000000000000000000, 0.5000000000000000000 ) ) ;
#2537 = AXIS2_PLACEMENT_3D ( 'NONE', #879, #497, #1151 ) ;
#2538 = DIRECTION ( 'NONE',  ( -1.000000000000000000, 0.000000000000000000, 0.000000000000000000 ) ) ;
#2539 = CARTESIAN_POINT ( 'NONE',  ( 0.3799999999999999489, 3.446620445535691581E-16, 0.000000000000000000 ) ) ;
#2540 = ORIENTED_EDGE ( 'NONE', *, *, #1838, .T. ) ;
#2541 = DIRECTION ( 'NONE',  ( 0.000000000000000000, -1.000000000000000000, -3.491481338843133355E-15 ) ) ;
#2542 = ORIENTED_EDGE ( 'NONE', *, *, #241, .F. ) ;
#2543 = CARTESIAN_POINT ( 'NONE',  ( -1.124999999999999556, 1.500000000000000222, 0.5000000000000000000 ) ) ;
#2544 = CIRCLE ( 'NONE', #2312, 3.000000000000000444 ) ;
#2545 = CARTESIAN_POINT ( 'NONE',  ( 2.566998797522893838, -0.5979102385652538265, 0.000000000000000000 ) ) ;
#2546 = ORIENTED_EDGE ( 'NONE', *, *, #4317, .F. ) ;
#2547 = DIRECTION ( 'NONE',  ( -0.000000000000000000, -0.000000000000000000, -1.000000000000000000 ) ) ;
#2548 = FACE_OUTER_BOUND ( 'NONE', #3104, .T. ) ;
#2549 = ADVANCED_FACE ( 'NONE', ( #4160, #1002 ), #2414, .F. ) ;
#2550 = DIRECTION ( 'NONE',  ( -1.000000000000000000, 0.000000000000000000, 0.000000000000000000 ) ) ;
#2551 = SHAPE_REPRESENTATION_RELATIONSHIP ( 'NONE' , 'NONE' ,  #958, #560 ) ;
#2552 = CIRCLE ( 'NONE', #2836, 2.500000000000000000 ) ;
#2553 = ORIENTED_EDGE ( 'NONE', *, *, #3675, .F. ) ;
#2554 = EDGE_LOOP ( 'NONE', ( #2731, #3810, #1959, #1149 ) ) ;
#2555 = ADVANCED_FACE ( 'NONE', ( #3799 ), #2734, .T. ) ;
#2556 = DIRECTION ( 'NONE',  ( 0.000000000000000000, 0.000000000000000000, 1.000000000000000000 ) ) ;
#2557 = DIMENSIONAL_EXPONENTS ( 1.000000000000000000, 0.000000000000000000, 0.000000000000000000, 0.000000000000000000, 0.000000000000000000, 0.000000000000000000, 0.000000000000000000 ) ;
#2558 = DIRECTION ( 'NONE',  ( 0.000000000000000000, 1.000000000000000000, 0.000000000000000000 ) ) ;
#2559 = CARTESIAN_POINT ( 'NONE',  ( -1.500000000000000222, -0.5150000000000003464, 1.410000000000000364 ) ) ;
#2560 = ORIENTED_EDGE ( 'NONE', *, *, #2575, .T. ) ;
#2561 = APPLICATION_PROTOCOL_DEFINITION ( 'draft international standard', 'automotive_design', 1998, #1871 ) ;
#2562 = ORIENTED_EDGE ( 'NONE', *, *, #1104, .T. ) ;
#2563 = DIRECTION ( 'NONE',  ( -0.000000000000000000, -1.000000000000000000, -0.000000000000000000 ) ) ;
#2564 = SURFACE_STYLE_USAGE ( .BOTH. , #743 ) ;
#2565 = VERTEX_POINT ( 'NONE', #2069 ) ;
#2566 = LINE ( 'NONE', #2215, #4011 ) ;
#2567 = DIRECTION ( 'NONE',  ( 1.000000000000000000, 0.000000000000000000, 0.000000000000000000 ) ) ;
#2568 = AXIS2_PLACEMENT_3D ( 'NONE', #3881, #381, #3172 ) ;
#2569 = DIRECTION ( 'NONE',  ( 0.000000000000000000, 0.000000000000000000, 1.000000000000000000 ) ) ;
#2570 = AXIS2_PLACEMENT_3D ( 'NONE', #2981, #4367, #963 ) ;
#2571 = VECTOR ( 'NONE', #2329, 39.37007874015748143 ) ;
#2572 = ORIENTED_EDGE ( 'NONE', *, *, #2883, .T. ) ;
#2573 = VERTEX_POINT ( 'NONE', #687 ) ;
#2574 = DIRECTION ( 'NONE',  ( 0.000000000000000000, 1.000000000000000000, -0.000000000000000000 ) ) ;
#2575 = EDGE_CURVE ( 'NONE', #2064, #2250, #731, .T. ) ;
#2576 = ADVANCED_FACE ( 'NONE', ( #2090 ), #664, .F. ) ;
#2577 = CARTESIAN_POINT ( 'NONE',  ( 1.015900093385915248, -6.456639969244308830, -1.134877526538479175 ) ) ;
#2578 = LINE ( 'NONE', #2559, #763 ) ;
#2579 = VERTEX_POINT ( 'NONE', #3070 ) ;
#2580 = APPLICATION_PROTOCOL_DEFINITION ( 'draft international standard', 'automotive_design', 1998, #3132 ) ;
#2581 = ORIENTED_EDGE ( 'NONE', *, *, #1496, .F. ) ;
#2582 = VECTOR ( 'NONE', #2338, 39.37007874015748143 ) ;
#2583 = CARTESIAN_POINT ( 'NONE',  ( 0.000000000000000000, 2.981254661859697406E-16, 2.500000000000000000 ) ) ;
#2584 =( REPRESENTATION_RELATIONSHIP ('NONE','NONE', #1896, #3913 ) REPRESENTATION_RELATIONSHIP_WITH_TRANSFORMATION ( #1696 )SHAPE_REPRESENTATION_RELATIONSHIP( ) );
#2585 = DIRECTION ( 'NONE',  ( 0.000000000000000000, 0.000000000000000000, 1.000000000000000000 ) ) ;
#2586 = CARTESIAN_POINT ( 'NONE',  ( 0.5303300858899108183, 0.7071067811865481278, 1.749999999999999556 ) ) ;
#2587 = CIRCLE ( 'NONE', #2361, 0.3799999999999999489 ) ;
#2588 = DIRECTION ( 'NONE',  ( 1.000000000000000000, 0.000000000000000000, 0.000000000000000000 ) ) ;
#2589 = CARTESIAN_POINT ( 'NONE',  ( 2.696998797522893732, -0.5979102385652538265, 0.5000000000000000000 ) ) ;
#2590 = CYLINDRICAL_SURFACE ( 'NONE', #558, 0.5150000000000001243 ) ;
#2591 =( GEOMETRIC_REPRESENTATION_CONTEXT ( 3 ) GLOBAL_UNCERTAINTY_ASSIGNED_CONTEXT ( ( #2427 ) ) GLOBAL_UNIT_ASSIGNED_CONTEXT ( ( #3394, #969, #4464 ) ) REPRESENTATION_CONTEXT ( 'NONE', 'WORKASPACE' ) );
#2592 = LENGTH_MEASURE_WITH_UNIT ( LENGTH_MEASURE( 0.02539999999999999897 ), #2261 );
#2593 = CARTESIAN_POINT ( 'NONE',  ( 2.762480618433564850, 0.000000000000000000, 0.5000000000000000000 ) ) ;
#2594 = ORIENTED_EDGE ( 'NONE', *, *, #146, .F. ) ;
#2595 = EDGE_LOOP ( 'NONE', ( #117, #2360 ) ) ;
#2596 = FACE_OUTER_BOUND ( 'NONE', #90, .T. ) ;
#2597 = AXIS2_PLACEMENT_3D ( 'NONE', #3455, #27, #2806 ) ;
#2598 = AXIS2_PLACEMENT_3D ( 'NONE', #736, #760, #1097 ) ;
#2599 = EDGE_CURVE ( 'NONE', #3471, #3383, #3409, .T. ) ;
#2600 = CARTESIAN_POINT ( 'NONE',  ( 0.000000000000000000, 0.000000000000000000, 0.000000000000000000 ) ) ;
#2601 = DIRECTION ( 'NONE',  ( 0.000000000000000000, 0.000000000000000000, 1.000000000000000000 ) ) ;
#2602 = EDGE_CURVE ( 'NONE', #1055, #66, #2641, .T. ) ;
#2603 = ADVANCED_FACE ( 'NONE', ( #984 ), #1367, .T. ) ;
#2604 = ORIENTED_EDGE ( 'NONE', *, *, #585, .T. ) ;
#2605 = PRODUCT_CONTEXT ( 'NONE', #3132, 'mechanical' ) ;
#2606 = ORIENTED_EDGE ( 'NONE', *, *, #4126, .F. ) ;
#2607 = CARTESIAN_POINT ( 'NONE',  ( 0.000000000000000000, 0.000000000000000000, 0.000000000000000000 ) ) ;
#2608 = AXIS2_PLACEMENT_3D ( 'NONE', #223, #2495, #6 ) ;
#2609 = EDGE_CURVE ( 'NONE', #1773, #2351, #294, .T. ) ;
#2610 = FACE_OUTER_BOUND ( 'NONE', #3598, .T. ) ;
#2611 = CARTESIAN_POINT ( 'NONE',  ( -1.500000000000000222, -8.898351010893030877E-30, 1.410000000000000364 ) ) ;
#2612 = DIRECTION ( 'NONE',  ( -1.000000000000000000, 1.341063538875716706E-29, 1.387778780781442132E-17 ) ) ;
#2613 = VECTOR ( 'NONE', #2239, 39.37007874015748143 ) ;
#2614 = CARTESIAN_POINT ( 'NONE',  ( 0.000000000000000000, 0.000000000000000000, 0.000000000000000000 ) ) ;
#2615 =( LENGTH_UNIT ( ) NAMED_UNIT ( * ) SI_UNIT ( $, .METRE. ) );
#2616 = DIRECTION ( 'NONE',  ( 0.000000000000000000, 0.000000000000000000, 1.000000000000000000 ) ) ;
#2617 = ORIENTED_EDGE ( 'NONE', *, *, #2651, .F. ) ;
#2618 = VERTEX_POINT ( 'NONE', #3819 ) ;
#2619 = UNCERTAINTY_MEASURE_WITH_UNIT (LENGTH_MEASURE( 1.000000000000000082E-05 ), #3526, 'distance_accuracy_value', 'NONE');
#2620 = AXIS2_PLACEMENT_3D ( 'NONE', #1270, #1590, #3649 ) ;
#2621 = CARTESIAN_POINT ( 'NONE',  ( 0.3799999999999999489, 3.446620445535691581E-16, 4.000000000000000000 ) ) ;
#2622 = CIRCLE ( 'NONE', #711, 2.500000000000000000 ) ;
#2623 = LINE ( 'NONE', #180, #1943 ) ;
#2624 = DIRECTION ( 'NONE',  ( 0.000000000000000000, 0.000000000000000000, 1.000000000000000000 ) ) ;
#2625 = VERTEX_POINT ( 'NONE', #647 ) ;
#2626 = EDGE_LOOP ( 'NONE', ( #893, #1608 ) ) ;
#2627 = ORIENTED_EDGE ( 'NONE', *, *, #3072, .T. ) ;
#2628 = CARTESIAN_POINT ( 'NONE',  ( -0.5303300858899063774, 0.7071067811865557884, -3.496765431890256920E-14 ) ) ;
#2629 = CARTESIAN_POINT ( 'NONE',  ( 1.500000000000000222, 1.500000000000000222, 0.5000000000000000000 ) ) ;
#2630 = CARTESIAN_POINT ( 'NONE',  ( 1.199999999999999956, 0.000000000000000000, 0.5000000000000000000 ) ) ;
#2631 = ORIENTED_EDGE ( 'NONE', *, *, #3729, .F. ) ;
#2632 = DIRECTION ( 'NONE',  ( 0.000000000000000000, 0.000000000000000000, 1.000000000000000000 ) ) ;
#2633 = LINE ( 'NONE', #4036, #3761 ) ;
#2634 = DIRECTION ( 'NONE',  ( 0.000000000000000000, -0.000000000000000000, 1.000000000000000000 ) ) ;
#2635 =( NAMED_UNIT ( * ) PLANE_ANGLE_UNIT ( ) SI_UNIT ( $, .RADIAN. ) );
#2636 = DIRECTION ( 'NONE',  ( -1.000000000000000000, 0.000000000000000000, 0.000000000000000000 ) ) ;
#2637 = ORIENTED_EDGE ( 'NONE', *, *, #4157, .T. ) ;
#2638 = ORIENTED_EDGE ( 'NONE', *, *, #1345, .T. ) ;
#2639 = AXIS2_PLACEMENT_3D ( 'NONE', #795, #471, #1172 ) ;
#2640 = FACE_OUTER_BOUND ( 'NONE', #245, .T. ) ;
#2641 = CIRCLE ( 'NONE', #3503, 0.5125000000000000666 ) ;
#2642 = DIMENSIONAL_EXPONENTS ( 1.000000000000000000, 0.000000000000000000, 0.000000000000000000, 0.000000000000000000, 0.000000000000000000, 0.000000000000000000, 0.000000000000000000 ) ;
#2643 = DIRECTION ( 'NONE',  ( -0.000000000000000000, -0.000000000000000000, -1.000000000000000000 ) ) ;
#2644 = CARTESIAN_POINT ( 'NONE',  ( 2.696998797522893732, -0.5979102385652538265, 0.000000000000000000 ) ) ;
#2645 = ORIENTED_EDGE ( 'NONE', *, *, #2575, .F. ) ;
#2646 = ORIENTED_EDGE ( 'NONE', *, *, #498, .F. ) ;
#2647 = APPLICATION_PROTOCOL_DEFINITION ( 'draft international standard', 'automotive_design', 1998, #3294 ) ;
#2648 = VERTEX_POINT ( 'NONE', #2391 ) ;
#2649 = CARTESIAN_POINT ( 'NONE',  ( 0.000000000000000000, 0.09999999999999947820, -0.5500000000000000444 ) ) ;
#2650 = DIRECTION ( 'NONE',  ( -0.000000000000000000, -1.000000000000000000, -0.000000000000000000 ) ) ;
#2651 = EDGE_CURVE ( 'NONE', #744, #1233, #438, .T. ) ;
#2652 = ORIENTED_EDGE ( 'NONE', *, *, #2040, .T. ) ;
#2653 = FACE_BOUND ( 'NONE', #1422, .T. ) ;
#2654 = DIRECTION ( 'NONE',  ( -0.000000000000000000, -0.000000000000000000, -1.000000000000000000 ) ) ;
#2655 = EDGE_CURVE ( 'NONE', #980, #3248, #3144, .T. ) ;
#2656 = AXIS2_PLACEMENT_3D ( 'NONE', #1, #3893, #2114 ) ;
#2657 = ADVANCED_FACE ( 'NONE', ( #3049 ), #299, .F. ) ;
#2658 = CARTESIAN_POINT ( 'NONE',  ( 0.000000000000000000, 8.699999999999999289, -0.5100000000000000089 ) ) ;
#2659 = SHAPE_REPRESENTATION_RELATIONSHIP ( 'NONE' , 'NONE' ,  #52, #4044 ) ;
#2660 = EDGE_CURVE ( 'NONE', #608, #3885, #970, .T. ) ;
#2661 = FACE_OUTER_BOUND ( 'NONE', #2187, .T. ) ;
#2662 = PRODUCT_DEFINITION_CONTEXT ( 'detailed design', #1015, 'design' ) ;
#2663 = ORIENTED_EDGE ( 'NONE', *, *, #2854, .T. ) ;
#2664 = EDGE_LOOP ( 'NONE', ( #2107, #2604 ) ) ;
#2665 = PRODUCT_DEFINITION_FORMATION_WITH_SPECIFIED_SOURCE ( 'ANY', '', #1354, .NOT_KNOWN. ) ;
#2666 = SURFACE_SIDE_STYLE ('',( #3996 ) ) ;
#2667 = PRODUCT_DEFINITION ( 'UNKNOWN', '', #3021, #4377 ) ;
#2668 = CARTESIAN_POINT ( 'NONE',  ( -3.496765431890256920E-14, 0.000000000000000000, 1.749999999999986455 ) ) ;
#2669 = DIRECTION ( 'NONE',  ( 1.000000000000000000, 0.000000000000000000, 0.000000000000000000 ) ) ;
#2670 = APPLICATION_CONTEXT ( 'automotive_design' ) ;
#2671 = ORIENTED_EDGE ( 'NONE', *, *, #1274, .F. ) ;
#2672 = LINE ( 'NONE', #3348, #774 ) ;
#2673 = CIRCLE ( 'NONE', #105, 0.5124999999999999556 ) ;
#2674 =( NAMED_UNIT ( * ) SI_UNIT ( $, .STERADIAN. ) SOLID_ANGLE_UNIT ( ) );
#2675 = DIRECTION ( 'NONE',  ( -0.000000000000000000, -0.000000000000000000, -1.000000000000000000 ) ) ;
#2676 = CARTESIAN_POINT ( 'NONE',  ( 0.000000000000000000, 2.981254661859697406E-16, 2.500000000000000000 ) ) ;
#2677 = AXIS2_PLACEMENT_3D ( 'NONE', #827, #4217, #1076 ) ;
#2678 = AXIS2_PLACEMENT_3D ( 'NONE', #4382, #1253, #2612 ) ;
#2679 = PRESENTATION_STYLE_ASSIGNMENT (( #1701 ) ) ;
#2680 = ORIENTED_EDGE ( 'NONE', *, *, #829, .T. ) ;
#2681 = DIRECTION ( 'NONE',  ( 0.000000000000000000, 0.000000000000000000, 1.000000000000000000 ) ) ;
#2682 = CARTESIAN_POINT ( 'NONE',  ( 0.000000000000000000, 2.981254661859697406E-16, 0.000000000000000000 ) ) ;
#2683 = DIRECTION ( 'NONE',  ( -0.000000000000000000, -0.000000000000000000, -1.000000000000000000 ) ) ;
#2684 = DIRECTION ( 'NONE',  ( 1.000000000000000000, 0.000000000000000000, 0.000000000000000000 ) ) ;
#2685 = ORIENTED_EDGE ( 'NONE', *, *, #3191, .F. ) ;
#2686 = VERTEX_POINT ( 'NONE', #1300 ) ;
#2687 = CIRCLE ( 'NONE', #846, 0.1299999999999999767 ) ;
#2688 = CARTESIAN_POINT ( 'NONE',  ( 1.530900093385918037, -6.456639969244309718, -1.134877526538479175 ) ) ;
#2689 = DIRECTION ( 'NONE',  ( 0.000000000000000000, 0.000000000000000000, 1.000000000000000000 ) ) ;
#2690 = ADVANCED_FACE ( 'NONE', ( #2712 ), #960, .T. ) ;
#2691 = EDGE_CURVE ( 'NONE', #4132, #2381, #1415, .T. ) ;
#2692 = CLOSED_SHELL ( 'NONE', ( #1441, #1022, #2182, #2690, #2879, #3126, #778, #3960, #611, #2885, #1447, #2127, #1781, #2174, #3315, #4455, #2555, #3802, #784, #2921, #4075, #3407, #3795, #881, #2177 ) ) ;
#2693 = CARTESIAN_POINT ( 'NONE',  ( -1.233441488821110044, 0.3786565859748551865, 0.5000000000000001110 ) ) ;
#2694 = AXIS2_PLACEMENT_3D ( 'NONE', #3809, #3818, #3766 ) ;
#2695 = VERTEX_POINT ( 'NONE', #368 ) ;
#2696 = VERTEX_POINT ( 'NONE', #1765 ) ;
#2697 = SURFACE_SIDE_STYLE ('',( #2368 ) ) ;
#2698 = AXIS2_PLACEMENT_3D ( 'NONE', #82, #450, #3239 ) ;
#2699 = CARTESIAN_POINT ( 'NONE',  ( 2.633657696024160000, -1.167474757054767664, 0.5000000000000000000 ) ) ;
#2700 = LINE ( 'NONE', #1307, #193 ) ;
#2701 = FILL_AREA_STYLE ('',( #1286 ) ) ;
#2702 = ORIENTED_EDGE ( 'NONE', *, *, #546, .T. ) ;
#2703 = CARTESIAN_POINT ( 'NONE',  ( -0.5124999999999999556, 2.981254661859697406E-16, 0.000000000000000000 ) ) ;
#2704 = DIRECTION ( 'NONE',  ( -0.000000000000000000, 0.000000000000000000, -1.000000000000000000 ) ) ;
#2705 = FACE_OUTER_BOUND ( 'NONE', #3040, .T. ) ;
#2706 = FACE_BOUND ( 'NONE', #849, .T. ) ;
#2707 = ORIENTED_EDGE ( 'NONE', *, *, #2388, .T. ) ;
#2708 = ORIENTED_EDGE ( 'NONE', *, *, #1498, .T. ) ;
#2709 = AXIS2_PLACEMENT_3D ( 'NONE', #4406, #2874, #4359 ) ;
#2710 = FACE_BOUND ( 'NONE', #147, .T. ) ;
#2711 = AXIS2_PLACEMENT_3D ( 'NONE', #1683, #3811, #724 ) ;
#2712 = FACE_OUTER_BOUND ( 'NONE', #3405, .T. ) ;
#2713 = EDGE_CURVE ( 'NONE', #2573, #2696, #3869, .T. ) ;
#2714 = AXIS2_PLACEMENT_3D ( 'NONE', #1956, #4362, #1230 ) ;
#2715 = EDGE_CURVE ( 'NONE', #1874, #4295, #11, .T. ) ;
#2716 = ORIENTED_EDGE ( 'NONE', *, *, #1891, .T. ) ;
#2717 = APPLICATION_PROTOCOL_DEFINITION ( 'draft international standard', 'automotive_design', 1998, #2341 ) ;
#2718 = DIRECTION ( 'NONE',  ( 1.000000000000000000, 0.000000000000000000, 0.000000000000000000 ) ) ;
#2719 = AXIS2_PLACEMENT_3D ( 'NONE', #467, #3944, #2212 ) ;
#2720 = VECTOR ( 'NONE', #4147, 39.37007874015748143 ) ;
#2721 = DIRECTION ( 'NONE',  ( 0.000000000000000000, 0.000000000000000000, 1.000000000000000000 ) ) ;
#2722 = DIRECTION ( 'NONE',  ( -1.387778780781442132E-17, 1.232595164407827968E-30, -1.000000000000000000 ) ) ;
#2723 = EDGE_LOOP ( 'NONE', ( #4426, #581 ) ) ;
#2724 = CARTESIAN_POINT ( 'NONE',  ( 2.500000000000000000, 6.042871659728080054E-16, 2.500000000000000000 ) ) ;
#2725 = PRODUCT_DEFINITION_SHAPE ( 'NONE', 'NONE',  #2533 ) ;
#2726 = CARTESIAN_POINT ( 'NONE',  ( 0.000000000000000000, 0.000000000000000000, 0.5000000000000000000 ) ) ;
#2727 = PLANE ( 'NONE',  #3544 ) ;
#2728 = DIRECTION ( 'NONE',  ( 0.000000000000000000, 0.000000000000000000, 1.000000000000000000 ) ) ;
#2729 = VECTOR ( 'NONE', #1275, 39.37007874015748143 ) ;
#2730 = ORIENTED_EDGE ( 'NONE', *, *, #2408, .T. ) ;
#2731 = ORIENTED_EDGE ( 'NONE', *, *, #1412, .F. ) ;
#2732 = CARTESIAN_POINT ( 'NONE',  ( 0.000000000000000000, 2.981254661859697406E-16, 0.000000000000000000 ) ) ;
#2733 = AXIS2_PLACEMENT_3D ( 'NONE', #637, #2876, #2432 ) ;
#2734 = CYLINDRICAL_SURFACE ( 'NONE', #1093, 0.1249999999999999029 ) ;
#2735 = UNCERTAINTY_MEASURE_WITH_UNIT (LENGTH_MEASURE( 1.000000000000000082E-05 ), #2820, 'distance_accuracy_value', 'NONE');
#2736 = CONTEXT_DEPENDENT_SHAPE_REPRESENTATION ( #2812, #4063 ) ;
#2737 = DIRECTION ( 'NONE',  ( -0.000000000000000000, -1.000000000000000000, -0.000000000000000000 ) ) ;
#2738 = ADVANCED_FACE ( 'NONE', ( #2788 ), #2751, .F. ) ;
#2739 = DIRECTION ( 'NONE',  ( -1.000000000000000000, 0.000000000000000000, 0.000000000000000000 ) ) ;
#2740 = DIRECTION ( 'NONE',  ( -0.000000000000000000, -0.000000000000000000, -1.000000000000000000 ) ) ;
#2741 = EDGE_CURVE ( 'NONE', #2957, #98, #510, .T. ) ;
#2742 = FILL_AREA_STYLE ('',( #4103 ) ) ;
#2743 =( GEOMETRIC_REPRESENTATION_CONTEXT ( 3 ) GLOBAL_UNCERTAINTY_ASSIGNED_CONTEXT ( ( #549 ) ) GLOBAL_UNIT_ASSIGNED_CONTEXT ( ( #3549, #773, #2172 ) ) REPRESENTATION_CONTEXT ( 'NONE', 'WORKASPACE' ) );
#2744 = EDGE_LOOP ( 'NONE', ( #487, #2896, #707, #2186 ) ) ;
#2745 = CARTESIAN_POINT ( 'NONE',  ( 2.566998797522893838, -0.5979102385652538265, 0.5000000000000000000 ) ) ;
#2746 = EDGE_CURVE ( 'NONE', #1169, #2509, #3281, .T. ) ;
#2747 = CIRCLE ( 'NONE', #3832, 0.5150000000000001243 ) ;
#2748 = AXIS2_PLACEMENT_3D ( 'NONE', #4164, #1445, #4236 ) ;
#2749 = FACE_OUTER_BOUND ( 'NONE', #631, .T. ) ;
#2750 = ORIENTED_EDGE ( 'NONE', *, *, #3461, .T. ) ;
#2751 = CYLINDRICAL_SURFACE ( 'NONE', #4159, 2.125000000000000000 ) ;
#2752 = CARTESIAN_POINT ( 'NONE',  ( -0.7071067811865447972, 0.7071067811865492381, 1.749999999999964695 ) ) ;
#2753 = CARTESIAN_POINT ( 'NONE',  ( 7.317735428987055535, 18.31091027170446495, 22.76860807109552454 ) ) ;
#2754 = ORIENTED_EDGE ( 'NONE', *, *, #1957, .T. ) ;
#2755 = ORIENTED_EDGE ( 'NONE', *, *, #1498, .F. ) ;
#2756 = VECTOR ( 'NONE', #2083, 39.37007874015748143 ) ;
#2757 = DIRECTION ( 'NONE',  ( 0.000000000000000000, 0.000000000000000000, 1.000000000000000000 ) ) ;
#2758 =( REPRESENTATION_RELATIONSHIP ('NONE','NONE', #1896, #814 ) REPRESENTATION_RELATIONSHIP_WITH_TRANSFORMATION ( #4411 )SHAPE_REPRESENTATION_RELATIONSHIP( ) );
#2759 = CIRCLE ( 'NONE', #1133, 0.3750000000000000555 ) ;
#2760 = DIRECTION ( 'NONE',  ( 0.000000000000000000, 0.000000000000000000, 1.000000000000000000 ) ) ;
#2761 = PRODUCT_DEFINITION_SHAPE ( 'NONE', 'NONE',  #4512 ) ;
#2762 = CARTESIAN_POINT ( 'NONE',  ( -1.233441488821110044, 0.8936565859748580865, 0.000000000000000000 ) ) ;
#2763 = DIRECTION ( 'NONE',  ( 0.000000000000000000, -1.000000000000000000, 2.652279605499264792E-15 ) ) ;
#2764 = VERTEX_POINT ( 'NONE', #3467 ) ;
#2765 = CYLINDRICAL_SURFACE ( 'NONE', #3148, 0.5150000000000038991 ) ;
#2766 =( GEOMETRIC_REPRESENTATION_CONTEXT ( 3 ) GLOBAL_UNCERTAINTY_ASSIGNED_CONTEXT ( ( #3338 ) ) GLOBAL_UNIT_ASSIGNED_CONTEXT ( ( #3576, #3534, #2477 ) ) REPRESENTATION_CONTEXT ( 'NONE', 'WORKASPACE' ) );
#2767 = CARTESIAN_POINT ( 'NONE',  ( -0.9999999999999996669, -1.500000000000000222, 2.000000000000000000 ) ) ;
#2768 = ORIENTED_EDGE ( 'NONE', *, *, #739, .T. ) ;
#2769 = CARTESIAN_POINT ( 'NONE',  ( -2.500000000000000000, 2.981254661859697406E-16, 2.500000000000000000 ) ) ;
#2770 = ADVANCED_FACE ( 'NONE', ( #3861 ), #3511, .F. ) ;
#2771 = DIRECTION ( 'NONE',  ( 0.000000000000000000, 1.000000000000000000, 0.000000000000000000 ) ) ;
#2772 = LENGTH_MEASURE_WITH_UNIT ( LENGTH_MEASURE( 0.02539999999999999897 ), #2012 );
#2773 = VERTEX_POINT ( 'NONE', #2430 ) ;
#2774 = VERTEX_POINT ( 'NONE', #4151 ) ;
#2775 = DIRECTION ( 'NONE',  ( -1.000000000000000000, 0.000000000000000000, 0.000000000000000000 ) ) ;
#2776 = CARTESIAN_POINT ( 'NONE',  ( -1.500000000000000222, -0.5150000000000003464, -3.250106929510577130E-30 ) ) ;
#2777 = DIRECTION ( 'NONE',  ( -0.000000000000000000, -0.000000000000000000, -1.000000000000000000 ) ) ;
#2778 = FILL_AREA_STYLE ('',( #4187 ) ) ;
#2779 = CARTESIAN_POINT ( 'NONE',  ( 0.000000000000000000, 0.2500000000000000000, 0.000000000000000000 ) ) ;
#2780 = DIRECTION ( 'NONE',  ( 0.000000000000000000, 1.000000000000000000, 0.000000000000000000 ) ) ;
#2781 = ORIENTED_EDGE ( 'NONE', *, *, #269, .F. ) ;
#2782 = STYLED_ITEM ( 'NONE', ( #3758 ), #1865 ) ;
#2783 = AXIS2_PLACEMENT_3D ( 'NONE', #307, #1704, #3010 ) ;
#2784 = DIRECTION ( 'NONE',  ( -1.387778780781442132E-17, 1.232595164407827968E-30, -1.000000000000000000 ) ) ;
#2785 = PLANE ( 'NONE',  #4353 ) ;
#2786 = EDGE_CURVE ( 'NONE', #1427, #790, #1522, .T. ) ;
#2787 = ORIENTED_EDGE ( 'NONE', *, *, #1575, .F. ) ;
#2788 = FACE_OUTER_BOUND ( 'NONE', #3839, .T. ) ;
#2789 = CARTESIAN_POINT ( 'NONE',  ( -2.125000000000000000, 2.981254661859697406E-16, 3.500000000000000000 ) ) ;
#2790 = CARTESIAN_POINT ( 'NONE',  ( 7.645029841574759288, 15.51091027170446424, 24.23246543009199527 ) ) ;
#2791 = DIRECTION ( 'NONE',  ( 0.000000000000000000, 0.000000000000000000, 1.000000000000000000 ) ) ;
#2792 = EDGE_LOOP ( 'NONE', ( #102, #755 ) ) ;
#2793 = ORIENTED_EDGE ( 'NONE', *, *, #1104, .F. ) ;
#2794 = EDGE_CURVE ( 'NONE', #2696, #2573, #69, .T. ) ;
#2795 = EDGE_CURVE ( 'NONE', #1272, #2170, #943, .T. ) ;
#2796 = PRODUCT_DEFINITION_SHAPE ( 'NONE', 'NONE',  #4506 ) ;
#2797 = EDGE_CURVE ( 'NONE', #1295, #3784, #3489, .T. ) ;
#2798 = CARTESIAN_POINT ( 'NONE',  ( 1.625000000000000000, -1.500000000000000222, 2.000000000000000000 ) ) ;
#2799 = ORIENTED_EDGE ( 'NONE', *, *, #3184, .F. ) ;
#2800 = DIRECTION ( 'NONE',  ( 0.000000000000000000, 0.000000000000000000, 1.000000000000000000 ) ) ;
#2801 = AXIS2_PLACEMENT_3D ( 'NONE', #3114, #3868, #4502 ) ;
#2802 = CARTESIAN_POINT ( 'NONE',  ( 2.125000000000000000, 5.583629110047823249E-16, 3.500000000000000000 ) ) ;
#2803 = PRODUCT_DEFINITION ( 'UNKNOWN', '', #461, #4068 ) ;
#2804 = SURFACE_SIDE_STYLE ('',( #4480 ) ) ;
#2805 = FACE_OUTER_BOUND ( 'NONE', #670, .T. ) ;
#2806 = DIRECTION ( 'NONE',  ( 1.000000000000000000, 0.000000000000000000, -0.000000000000000000 ) ) ;
#2807 = PRESENTATION_LAYER_ASSIGNMENT (  '', '', ( #612 ) ) ;
#2808 = ORIENTED_EDGE ( 'NONE', *, *, #4129, .F. ) ;
#2809 = CARTESIAN_POINT ( 'NONE',  ( -0.7071067811865447972, 0.7071067811865492381, 1.749999999999964695 ) ) ;
#2810 = ORIENTED_EDGE ( 'NONE', *, *, #580, .T. ) ;
#2811 = DIRECTION ( 'NONE',  ( -7.726832965963590075E-16, -1.000000000000000000, 1.183291357831517883E-30 ) ) ;
#2812 =( REPRESENTATION_RELATIONSHIP ('NONE','NONE', #1896, #958 ) REPRESENTATION_RELATIONSHIP_WITH_TRANSFORMATION ( #1323 )SHAPE_REPRESENTATION_RELATIONSHIP( ) );
#2813 = DIRECTION ( 'NONE',  ( 1.000000000000000000, 0.000000000000000000, 0.000000000000000000 ) ) ;
#2814 = AXIS2_PLACEMENT_3D ( 'NONE', #3173, #4174, #1778 ) ;
#2815 = CIRCLE ( 'NONE', #545, 0.1299999999999999767 ) ;
#2816 = EDGE_LOOP ( 'NONE', ( #2211, #4358, #1840, #2366 ) ) ;
#2817 = VERTEX_POINT ( 'NONE', #1428 ) ;
#2818 = AXIS2_PLACEMENT_3D ( 'NONE', #114, #3658, #2974 ) ;
#2819 = CARTESIAN_POINT ( 'NONE',  ( -1.500000000000000222, -1.500000000000000444, 2.000000000000000000 ) ) ;
#2820 =( CONVERSION_BASED_UNIT ( 'INCH', #3888 ) LENGTH_UNIT ( ) NAMED_UNIT ( #2285 ) );
#2821 = VERTEX_POINT ( 'NONE', #311 ) ;
#2822 = AXIS2_PLACEMENT_3D ( 'NONE', #3621, #1535, #2588 ) ;
#2823 = DIRECTION ( 'NONE',  ( -1.000000000000000000, 0.000000000000000000, 0.000000000000000000 ) ) ;
#2824 = EDGE_CURVE ( 'NONE', #3234, #3150, #134, .T. ) ;
#2825 =( NAMED_UNIT ( * ) PLANE_ANGLE_UNIT ( ) SI_UNIT ( $, .RADIAN. ) );
#2826 = PLANE ( 'NONE',  #1414 ) ;
#2827 = FACE_OUTER_BOUND ( 'NONE', #3830, .T. ) ;
#2828 = SURFACE_STYLE_USAGE ( .BOTH. , #2492 ) ;
#2829 = ORIENTED_EDGE ( 'NONE', *, *, #2786, .F. ) ;
#2830 = FILL_AREA_STYLE ('',( #740 ) ) ;
#2831 = FACE_OUTER_BOUND ( 'NONE', #1257, .T. ) ;
#2832 = CARTESIAN_POINT ( 'NONE',  ( -0.7071067811865447972, 0.7071067811865492381, 1.749999999999964695 ) ) ;
#2833 = EDGE_LOOP ( 'NONE', ( #2038, #2335, #2166, #2409 ) ) ;
#2834 = CARTESIAN_POINT ( 'NONE',  ( -0.9999999999999996669, 1.500000000000000222, 2.000000000000000000 ) ) ;
#2835 = CIRCLE ( 'NONE', #853, 0.1299999999999999767 ) ;
#2836 = AXIS2_PLACEMENT_3D ( 'NONE', #4389, #2277, #1654 ) ;
#2837 = CARTESIAN_POINT ( 'NONE',  ( 2.826998797522894069, -0.5979102385652538265, 0.5000000000000000000 ) ) ;
#2838 = ORIENTED_EDGE ( 'NONE', *, *, #4212, .F. ) ;
#2839 = VERTEX_POINT ( 'NONE', #2769 ) ;
#2840 = SHAPE_REPRESENTATION ( 'Accumulator-top plate', ( #1846 ), #1181 ) ;
#2841 = AXIS2_PLACEMENT_3D ( 'NONE', #811, #3351, #1964 ) ;
#2842 = APPLICATION_CONTEXT ( 'automotive_design' ) ;
#2843 = DIRECTION ( 'NONE',  ( -1.000000000000000000, 0.000000000000000000, 0.000000000000000000 ) ) ;
#2844 =( LENGTH_UNIT ( ) NAMED_UNIT ( * ) SI_UNIT ( $, .METRE. ) );
#2845 = ORIENTED_EDGE ( 'NONE', *, *, #3179, .T. ) ;
#2846 = ORIENTED_EDGE ( 'NONE', *, *, #3066, .F. ) ;
#2847 = EDGE_CURVE ( 'NONE', #2695, #4465, #1162, .T. ) ;
#2848 = CARTESIAN_POINT ( 'NONE',  ( 0.000000000000000000, 0.2500000000000000000, 0.000000000000000000 ) ) ;
#2849 = EDGE_CURVE ( 'NONE', #354, #3295, #1752, .T. ) ;
#2850 = FACE_OUTER_BOUND ( 'NONE', #3135, .T. ) ;
#2851 = ADVANCED_BREP_SHAPE_REPRESENTATION ( '', ( #1886, #1846 ), #3159 ) ;
#2852 = CYLINDRICAL_SURFACE ( 'NONE', #2088, 2.500000000000000000 ) ;
#2853 = ADVANCED_FACE ( 'NONE', ( #1402 ), #4226, .F. ) ;
#2854 = EDGE_CURVE ( 'NONE', #1055, #2573, #4470, .T. ) ;
#2855 = ORIENTED_EDGE ( 'NONE', *, *, #2713, .F. ) ;
#2856 = CARTESIAN_POINT ( 'NONE',  ( 0.5009000933859311111, 0.4999999999999996114, -1.134877526538481840 ) ) ;
#2857 = LINE ( 'NONE', #1819, #2269 ) ;
#2858 = VECTOR ( 'NONE', #3439, 39.37007874015748143 ) ;
#2859 = CARTESIAN_POINT ( 'NONE',  ( 1.000000000000000222, -1.500000000000000444, 2.000000000000000000 ) ) ;
#2860 = ORIENTED_EDGE ( 'NONE', *, *, #1836, .F. ) ;
#2861 = DIRECTION ( 'NONE',  ( -0.000000000000000000, -0.000000000000000000, -1.000000000000000000 ) ) ;
#2862 = ADVANCED_FACE ( 'NONE', ( #1061 ), #2479, .F. ) ;
#2863 = CARTESIAN_POINT ( 'NONE',  ( 0.3750000000000000555, 4.592425496802575451E-17, 0.000000000000000000 ) ) ;
#2864 = ORIENTED_EDGE ( 'NONE', *, *, #692, .T. ) ;
#2865 = LINE ( 'NONE', #454, #777 ) ;
#2866 = LENGTH_MEASURE_WITH_UNIT ( LENGTH_MEASURE( 0.02539999999999999897 ), #2844 );
#2867 = SHAPE_REPRESENTATION ( 'Reusable Pipe - Cond', ( #1846 ), #2513 ) ;
#2868 = VERTEX_POINT ( 'NONE', #2500 ) ;
#2869 = ORIENTED_EDGE ( 'NONE', *, *, #2797, .T. ) ;
#2870 = DIRECTION ( 'NONE',  ( -0.000000000000000000, -0.000000000000000000, -1.000000000000000000 ) ) ;
#2871 = DIRECTION ( 'NONE',  ( 1.000000000000000000, 0.000000000000000000, 0.000000000000000000 ) ) ;
#2872 = AXIS2_PLACEMENT_3D ( 'NONE', #1900, #4278, #3291 ) ;
#2873 = FACE_OUTER_BOUND ( 'NONE', #3633, .T. ) ;
#2874 = DIRECTION ( 'NONE',  ( -0.000000000000000000, -0.000000000000000000, -1.000000000000000000 ) ) ;
#2875 = EDGE_LOOP ( 'NONE', ( #538, #2157, #3255, #4246 ) ) ;
#2876 = DIRECTION ( 'NONE',  ( -2.332258810014535131E-15, 1.000000000000000000, 9.143382060091301093E-16 ) ) ;
#2877 = ORIENTED_EDGE ( 'NONE', *, *, #1186, .F. ) ;
#2878 = EDGE_CURVE ( 'NONE', #1999, #3961, #3068, .T. ) ;
#2879 = ADVANCED_FACE ( 'NONE', ( #3241 ), #3536, .T. ) ;
#2880 = DIRECTION ( 'NONE',  ( 1.000000000000000000, 0.000000000000000000, 0.000000000000000000 ) ) ;
#2881 = EDGE_LOOP ( 'NONE', ( #2531, #1064 ) ) ;
#2882 = CARTESIAN_POINT ( 'NONE',  ( -2.500000000000000000, 2.981254661859697406E-16, 3.500000000000000000 ) ) ;
#2883 = EDGE_CURVE ( 'NONE', #4175, #1427, #834, .T. ) ;
#2884 = CARTESIAN_POINT ( 'NONE',  ( 0.000000000000000000, 0.000000000000000000, 0.000000000000000000 ) ) ;
#2885 = ADVANCED_FACE ( 'NONE', ( #4264 ), #103, .F. ) ;
#2886 = DIRECTION ( 'NONE',  ( 1.000000000000000000, 0.000000000000000000, 0.000000000000000000 ) ) ;
#2887 = PRESENTATION_LAYER_ASSIGNMENT (  '', '', ( #4327 ) ) ;
#2888 = CIRCLE ( 'NONE', #686, 0.1249999999999999029 ) ;
#2889 = EDGE_LOOP ( 'NONE', ( #1945, #4225 ) ) ;
#2890 = ORIENTED_EDGE ( 'NONE', *, *, #221, .F. ) ;
#2891 = AXIS2_PLACEMENT_3D ( 'NONE', #2600, #2558, #826 ) ;
#2892 = CARTESIAN_POINT ( 'NONE',  ( 0.5124999999999999556, 3.608886146422715829E-16, 4.000000000000000000 ) ) ;
#2893 = CARTESIAN_POINT ( 'NONE',  ( 6.306931015608871075E-17, 0.000000000000000000, -0.5150000000000001243 ) ) ;
#2894 = CARTESIAN_POINT ( 'NONE',  ( 0.000000000000000000, 0.000000000000000000, 0.000000000000000000 ) ) ;
#2895 = EDGE_LOOP ( 'NONE', ( #886, #2386 ) ) ;
#2896 = ORIENTED_EDGE ( 'NONE', *, *, #1242, .T. ) ;
#2897 = CARTESIAN_POINT ( 'NONE',  ( 7.317735428987055535, 23.31091027170446495, 22.76860807109554230 ) ) ;
#2898 = EDGE_LOOP ( 'NONE', ( #1795, #752, #3203, #2478 ) ) ;
#2899 = DIRECTION ( 'NONE',  ( -1.000000000000000000, 0.000000000000000000, 0.000000000000000000 ) ) ;
#2900 = APPLICATION_CONTEXT ( 'automotive_design' ) ;
#2901 = VECTOR ( 'NONE', #904, 39.37007874015748143 ) ;
#2902 = SURFACE_SIDE_STYLE ('',( #1493 ) ) ;
#2903 = ORIENTED_EDGE ( 'NONE', *, *, #4258, .F. ) ;
#2904 = CARTESIAN_POINT ( 'NONE',  ( 2.826998797522894069, -0.5979102385652538265, 0.5000000000000000000 ) ) ;
#2905 = DIMENSIONAL_EXPONENTS ( 1.000000000000000000, 0.000000000000000000, 0.000000000000000000, 0.000000000000000000, 0.000000000000000000, 0.000000000000000000, 0.000000000000000000 ) ;
#2906 = CARTESIAN_POINT ( 'NONE',  ( 2.503657696024160106, -1.167474757054767664, 0.5000000000000000000 ) ) ;
#2907 = EDGE_CURVE ( 'NONE', #2764, #2868, #1454, .T. ) ;
#2908 = FACE_OUTER_BOUND ( 'NONE', #3346, .T. ) ;
#2909 = AXIS2_PLACEMENT_3D ( 'NONE', #1584, #3638, #1171 ) ;
#2910 = EDGE_LOOP ( 'NONE', ( #2192, #2385 ) ) ;
#2911 = ORIENTED_EDGE ( 'NONE', *, *, #4129, .T. ) ;
#2912 = EDGE_CURVE ( 'NONE', #3994, #3062, #2265, .T. ) ;
#2913 = FACE_OUTER_BOUND ( 'NONE', #411, .T. ) ;
#2914 = CARTESIAN_POINT ( 'NONE',  ( -2.500000000000000000, 0.000000000000000000, 0.000000000000000000 ) ) ;
#2915 = ORIENTED_EDGE ( 'NONE', *, *, #3156, .T. ) ;
#2916 = EDGE_LOOP ( 'NONE', ( #1578, #1786 ) ) ;
#2917 = CARTESIAN_POINT ( 'NONE',  ( 2.892480618433564743, 1.592040838891558417E-17, 0.5000000000000000000 ) ) ;
#2918 = CARTESIAN_POINT ( 'NONE',  ( -0.9999999999999996669, -1.500000000000000222, 0.5000000000000000000 ) ) ;
#2919 = CIRCLE ( 'NONE', #3331, 0.1249999999999999029 ) ;
#2920 = CYLINDRICAL_SURFACE ( 'NONE', #804, 0.5150000000000003464 ) ;
#2921 = ADVANCED_FACE ( 'NONE', ( #430 ), #2522, .T. ) ;
#2922 = DIRECTION ( 'NONE',  ( 1.000000000000000000, 0.000000000000000000, -0.000000000000000000 ) ) ;
#2923 = VECTOR ( 'NONE', #3430, 39.37007874015748143 ) ;
#2924 = DIRECTION ( 'NONE',  ( -0.000000000000000000, -1.000000000000000000, -0.000000000000000000 ) ) ;
#2925 = AXIS2_PLACEMENT_3D ( 'NONE', #992, #283, #3374 ) ;
#2926 = ADVANCED_FACE ( 'NONE', ( #4305, #3927 ), #1513, .F. ) ;
#2927 = EDGE_LOOP ( 'NONE', ( #1332, #952 ) ) ;
#2928 = EDGE_LOOP ( 'NONE', ( #2546, #1953 ) ) ;
#2929 = ADVANCED_FACE ( 'NONE', ( #2610 ), #1534, .T. ) ;
#2930 = EDGE_CURVE ( 'NONE', #4239, #4008, #2566, .T. ) ;
#2931 = CARTESIAN_POINT ( 'NONE',  ( 1.500000000000000222, -1.500000000000000222, 0.5000000000000000000 ) ) ;
#2932 = MECHANICAL_DESIGN_GEOMETRIC_PRESENTATION_REPRESENTATION (  '', ( #2353 ), #3298 ) ;
#2933 = DIRECTION ( 'NONE',  ( 0.7071067811865484609, -0.7071067811865466846, 0.000000000000000000 ) ) ;
#2934 = DIRECTION ( 'NONE',  ( 0.000000000000000000, 0.000000000000000000, 1.000000000000000000 ) ) ;
#2935 = ORIENTED_EDGE ( 'NONE', *, *, #3069, .T. ) ;
#2936 =( LENGTH_UNIT ( ) NAMED_UNIT ( * ) SI_UNIT ( $, .METRE. ) );
#2937 = ORIENTED_EDGE ( 'NONE', *, *, #17, .F. ) ;
#2938 = VECTOR ( 'NONE', #2266, 39.37007874015748143 ) ;
#2939 = FACE_OUTER_BOUND ( 'NONE', #765, .T. ) ;
#2940 = CIRCLE ( 'NONE', #2656, 0.1250000000000000278 ) ;
#2941 = FACE_OUTER_BOUND ( 'NONE', #2121, .T. ) ;
#2942 = DIRECTION ( 'NONE',  ( -0.000000000000000000, -1.000000000000000000, -0.000000000000000000 ) ) ;
#2943 = FACE_BOUND ( 'NONE', #1713, .T. ) ;
#2944 = LINE ( 'NONE', #4375, #2613 ) ;
#2945 = SHAPE_REPRESENTATION_RELATIONSHIP ( 'NONE' , 'NONE' ,  #4115, #1364 ) ;
#2946 = LINE ( 'NONE', #4376, #640 ) ;
#2947 = ORIENTED_EDGE ( 'NONE', *, *, #1521, .T. ) ;
#2948 = EDGE_LOOP ( 'NONE', ( #576, #3934 ) ) ;
#2949 = AXIS2_PLACEMENT_3D ( 'NONE', #1746, #2740, #4189 ) ;
#2950 = DIRECTION ( 'NONE',  ( -1.000000000000000000, 0.000000000000000000, 0.000000000000000000 ) ) ;
#2951 = LINE ( 'NONE', #1139, #2440 ) ;
#2952 = AXIS2_PLACEMENT_3D ( 'NONE', #2470, #3851, #1745 ) ;
#2953 = DIMENSIONAL_EXPONENTS ( 1.000000000000000000, 0.000000000000000000, 0.000000000000000000, 0.000000000000000000, 0.000000000000000000, 0.000000000000000000, 0.000000000000000000 ) ;
#2954 = CARTESIAN_POINT ( 'NONE',  ( -0.8749999999999997780, -1.500000000000000222, 0.5000000000000000000 ) ) ;
#2955 = PLANE ( 'NONE',  #947 ) ;
#2956 = EDGE_CURVE ( 'NONE', #43, #4249, #1231, .T. ) ;
#2957 = VERTEX_POINT ( 'NONE', #2171 ) ;
#2958 = ORIENTED_EDGE ( 'NONE', *, *, #1011, .F. ) ;
#2959 = CARTESIAN_POINT ( 'NONE',  ( 0.000000000000000000, 0.000000000000000000, 0.5000000000000000000 ) ) ;
#2960 = AXIS2_PLACEMENT_3D ( 'NONE', #3873, #32, #3531 ) ;
#2961 = DIRECTION ( 'NONE',  ( -1.000000000000000000, 0.000000000000000000, 0.000000000000000000 ) ) ;
#2962 = DIRECTION ( 'NONE',  ( -0.000000000000000000, -0.000000000000000000, -1.000000000000000000 ) ) ;
#2963 = ORIENTED_EDGE ( 'NONE', *, *, #2257, .F. ) ;
#2964 = CARTESIAN_POINT ( 'NONE',  ( 0.000000000000000000, 0.5000000000000000000, -2.500000000000000000 ) ) ;
#2965 = DIRECTION ( 'NONE',  ( 1.000000000000000000, 0.000000000000000000, 0.000000000000000000 ) ) ;
#2966 = CARTESIAN_POINT ( 'NONE',  ( 2.373657696024160213, -1.167474757054767664, 0.5000000000000000000 ) ) ;
#2967 = SHAPE_REPRESENTATION_RELATIONSHIP ( 'NONE' , 'NONE' ,  #1455, #2196 ) ;
#2968 = CARTESIAN_POINT ( 'NONE',  ( -1.500000000000000222, 1.499999999999999778, 0.5000000000000000000 ) ) ;
#2969 = ORIENTED_EDGE ( 'NONE', *, *, #77, .F. ) ;
#2970 = ORIENTED_EDGE ( 'NONE', *, *, #3718, .T. ) ;
#2971 = UNCERTAINTY_MEASURE_WITH_UNIT (LENGTH_MEASURE( 1.000000000000000082E-05 ), #3924, 'distance_accuracy_value', 'NONE');
#2972 =( LENGTH_UNIT ( ) NAMED_UNIT ( * ) SI_UNIT ( $, .METRE. ) );
#2973 = EDGE_CURVE ( 'NONE', #4496, #2328, #3199, .T. ) ;
#2974 = DIRECTION ( 'NONE',  ( -1.000000000000000000, 0.000000000000000000, 0.000000000000000000 ) ) ;
#2975 = CYLINDRICAL_SURFACE ( 'NONE', #2714, 2.125000000000000000 ) ;
#2976 =( REPRESENTATION_RELATIONSHIP ('NONE','NONE', #1896, #1455 ) REPRESENTATION_RELATIONSHIP_WITH_TRANSFORMATION ( #2 )SHAPE_REPRESENTATION_RELATIONSHIP( ) );
#2977 = VERTEX_POINT ( 'NONE', #84 ) ;
#2978 = ORIENTED_EDGE ( 'NONE', *, *, #1924, .T. ) ;
#2979 = LENGTH_MEASURE_WITH_UNIT ( LENGTH_MEASURE( 0.02539999999999999897 ), #2936 );
#2980 = VERTEX_POINT ( 'NONE', #3903 ) ;
#2981 = CARTESIAN_POINT ( 'NONE',  ( 1.500000000000000222, 1.500000000000000222, 0.5000000000000000000 ) ) ;
#2982 = ADVANCED_FACE ( 'NONE', ( #2941 ), #813, .T. ) ;
#2983 = EDGE_CURVE ( 'NONE', #1923, #1897, #771, .T. ) ;
#2984 = DIRECTION ( 'NONE',  ( 0.000000000000000000, 0.000000000000000000, 1.000000000000000000 ) ) ;
#2985 = CYLINDRICAL_SURFACE ( 'NONE', #1436, 0.5125000000000000666 ) ;
#2986 = EDGE_CURVE ( 'NONE', #559, #2482, #3222, .T. ) ;
#2987 = DIMENSIONAL_EXPONENTS ( 1.000000000000000000, 0.000000000000000000, 0.000000000000000000, 0.000000000000000000, 0.000000000000000000, 0.000000000000000000, 0.000000000000000000 ) ;
#2988 = ORIENTED_EDGE ( 'NONE', *, *, #1410, .F. ) ;
#2989 = FACE_OUTER_BOUND ( 'NONE', #1406, .T. ) ;
#2990 = DIRECTION ( 'NONE',  ( 0.000000000000000000, 0.000000000000000000, 1.000000000000000000 ) ) ;
#2991 = EDGE_CURVE ( 'NONE', #2774, #2399, #1888, .T. ) ;
#2992 = LINE ( 'NONE', #2966, #4279 ) ;
#2993 = CARTESIAN_POINT ( 'NONE',  ( 2.892480618433564743, 1.592040838891558109E-17, 0.000000000000000000 ) ) ;
#2994 = ORIENTED_EDGE ( 'NONE', *, *, #3449, .F. ) ;
#2995 = ORIENTED_EDGE ( 'NONE', *, *, #355, .T. ) ;
#2996 = AXIS2_PLACEMENT_3D ( 'NONE', #407, #1473, #1192 ) ;
#2997 = CARTESIAN_POINT ( 'NONE',  ( 0.3750000000000000555, 4.592425496802575451E-17, 4.000000000000000000 ) ) ;
#2998 = MECHANICAL_DESIGN_GEOMETRIC_PRESENTATION_REPRESENTATION (  '', ( #3948 ), #3363 ) ;
#2999 = AXIS2_PLACEMENT_3D ( 'NONE', #2906, #3303, #519 ) ;
#3000 = PLANE ( 'NONE',  #2678 ) ;
#3001 = DIRECTION ( 'NONE',  ( 0.000000000000000000, 0.000000000000000000, 1.000000000000000000 ) ) ;
#3002 = ORIENTED_EDGE ( 'NONE', *, *, #821, .F. ) ;
#3003 = PRODUCT_CONTEXT ( 'NONE', #1395, 'mechanical' ) ;
#3004 = VERTEX_POINT ( 'NONE', #1150 ) ;
#3005 = SURFACE_STYLE_FILL_AREA ( #1652 ) ;
#3006 =( CONVERSION_BASED_UNIT ( 'INCH', #1260 ) LENGTH_UNIT ( ) NAMED_UNIT ( #2642 ) );
#3007 = DIRECTION ( 'NONE',  ( 1.000000000000000000, 0.000000000000000000, 0.000000000000000000 ) ) ;
#3008 = DIRECTION ( 'NONE',  ( 0.000000000000000000, 0.000000000000000000, 1.000000000000000000 ) ) ;
#3009 = ORIENTED_EDGE ( 'NONE', *, *, #1695, .F. ) ;
#3010 = DIRECTION ( 'NONE',  ( 1.000000000000000000, 0.000000000000000000, 0.000000000000000000 ) ) ;
#3011 = ADVANCED_FACE ( 'NONE', ( #3985 ), #854, .F. ) ;
#3012 = DIRECTION ( 'NONE',  ( -0.000000000000000000, -0.000000000000000000, -1.000000000000000000 ) ) ;
#3013 = ADVANCED_FACE ( 'NONE', ( #3055 ), #1965, .T. ) ;
#3014 = FACE_OUTER_BOUND ( 'NONE', #2004, .T. ) ;
#3015 = CARTESIAN_POINT ( 'NONE',  ( 0.8750000000000002220, -1.500000000000000444, 0.5000000000000000000 ) ) ;
#3016 = PRODUCT_DEFINITION_CONTEXT ( 'detailed design', #3294, 'design' ) ;
#3017 = AXIS2_PLACEMENT_3D ( 'NONE', #3107, #79, #1468 ) ;
#3018 = ORIENTED_EDGE ( 'NONE', *, *, #209, .F. ) ;
#3019 = ORIENTED_EDGE ( 'NONE', *, *, #2847, .F. ) ;
#3020 = STYLED_ITEM ( 'NONE', ( #3079 ), #343 ) ;
#3021 = PRODUCT_DEFINITION_FORMATION_WITH_SPECIFIED_SOURCE ( 'ANY', '', #340, .NOT_KNOWN. ) ;
#3022 = CARTESIAN_POINT ( 'NONE',  ( 3.000000000000000444, 3.673940397442060361E-16, 0.5000000000000000000 ) ) ;
#3023 =( CONVERSION_BASED_UNIT ( 'INCH', #2390 ) LENGTH_UNIT ( ) NAMED_UNIT ( #172 ) );
#3024 = DIRECTION ( 'NONE',  ( 1.000000000000000000, 0.000000000000000000, 0.000000000000000000 ) ) ;
#3025 = ORIENTED_EDGE ( 'NONE', *, *, #126, .T. ) ;
#3026 = LINE ( 'NONE', #1580, #3776 ) ;
#3027 = MECHANICAL_DESIGN_GEOMETRIC_PRESENTATION_REPRESENTATION (  '', ( #167 ), #1711 ) ;
#3028 = AXIS2_PLACEMENT_3D ( 'NONE', #3029, #1370, #2325 ) ;
#3029 = CARTESIAN_POINT ( 'NONE',  ( 1.000000000000000222, 1.500000000000000444, 2.000000000000000000 ) ) ;
#3030 = CYLINDRICAL_SURFACE ( 'NONE', #3410, 0.1299999999999999767 ) ;
#3031 = FILL_AREA_STYLE_COLOUR ( '', #1762 ) ;
#3032 = EDGE_LOOP ( 'NONE', ( #2646, #1976, #1863, #3228 ) ) ;
#3033 = UNCERTAINTY_MEASURE_WITH_UNIT (LENGTH_MEASURE( 1.000000000000000082E-05 ), #3121, 'distance_accuracy_value', 'NONE');
#3034 = FACE_BOUND ( 'NONE', #2112, .T. ) ;
#3035 = AXIS2_PLACEMENT_3D ( 'NONE', #1102, #2147, #3856 ) ;
#3036 = DIRECTION ( 'NONE',  ( -1.000000000000000000, 0.000000000000000000, 0.000000000000000000 ) ) ;
#3037 = AXIS2_PLACEMENT_3D ( 'NONE', #2431, #3812, #1638 ) ;
#3038 = FACE_OUTER_BOUND ( 'NONE', #1100, .T. ) ;
#3039 = DIRECTION ( 'NONE',  ( -0.000000000000000000, -0.000000000000000000, -1.000000000000000000 ) ) ;
#3040 = EDGE_LOOP ( 'NONE', ( #3443, #2294 ) ) ;
#3041 = EDGE_LOOP ( 'NONE', ( #3860, #3425 ) ) ;
#3042 = ADVANCED_FACE ( 'NONE', ( #587 ), #3393, .F. ) ;
#3043 =( REPRESENTATION_RELATIONSHIP ('NONE','NONE', #1896, #52 ) REPRESENTATION_RELATIONSHIP_WITH_TRANSFORMATION ( #1719 )SHAPE_REPRESENTATION_RELATIONSHIP( ) );
#3044 = EDGE_CURVE ( 'NONE', #3150, #1780, #1261, .T. ) ;
#3045 = PRODUCT_DEFINITION_SHAPE ( 'NONE', 'NONE',  #4516 ) ;
#3046 = DIRECTION ( 'NONE',  ( -1.000000000000000000, 0.000000000000000000, 0.000000000000000000 ) ) ;
#3047 = DIRECTION ( 'NONE',  ( 1.000000000000000000, 0.000000000000000000, 0.000000000000000000 ) ) ;
#3048 = AXIS2_PLACEMENT_3D ( 'NONE', #1283, #4366, #1224 ) ;
#3049 = FACE_OUTER_BOUND ( 'NONE', #41, .T. ) ;
#3050 = CIRCLE ( 'NONE', #62, 2.125000000000000000 ) ;
#3051 = EDGE_LOOP ( 'NONE', ( #3975, #3193 ) ) ;
#3052 = FACE_OUTER_BOUND ( 'NONE', #237, .T. ) ;
#3053 = VECTOR ( 'NONE', #4346, 39.37007874015748143 ) ;
#3054 = FACE_OUTER_BOUND ( 'NONE', #56, .T. ) ;
#3055 = FACE_OUTER_BOUND ( 'NONE', #3608, .T. ) ;
#3056 = VERTEX_POINT ( 'NONE', #4416 ) ;
#3057 = DIRECTION ( 'NONE',  ( -0.000000000000000000, -1.000000000000000000, -0.000000000000000000 ) ) ;
#3058 = CARTESIAN_POINT ( 'NONE',  ( -1.233441488821026555, 0.3786565859741894413, 0.000000000000000000 ) ) ;
#3059 = CIRCLE ( 'NONE', #860, 0.3750000000000000555 ) ;
#3060 = CARTESIAN_POINT ( 'NONE',  ( 1.500000000000000222, 1.500000000000000222, 2.000000000000000000 ) ) ;
#3061 = ORIENTED_EDGE ( 'NONE', *, *, #1242, .F. ) ;
#3062 = VERTEX_POINT ( 'NONE', #3639 ) ;
#3063 = VECTOR ( 'NONE', #3091, 39.37007874015748143 ) ;
#3064 = CARTESIAN_POINT ( 'NONE',  ( 2.826998797522894069, -0.5979102385652538265, 0.5000000000000000000 ) ) ;
#3065 = ADVANCED_FACE ( 'NONE', ( #3693 ), #4082, .F. ) ;
#3066 = EDGE_CURVE ( 'NONE', #4384, #3898, #2552, .T. ) ;
#3067 = APPLICATION_CONTEXT ( 'automotive_design' ) ;
#3068 = CIRCLE ( 'NONE', #3219, 0.3799999999999999489 ) ;
#3069 = EDGE_CURVE ( 'NONE', #1113, #282, #212, .T. ) ;
#3070 = CARTESIAN_POINT ( 'NONE',  ( 0.3799999999999999489, 3.446620445535691581E-16, 0.000000000000000000 ) ) ;
#3071 = VECTOR ( 'NONE', #275, 39.37007874015748143 ) ;
#3072 = EDGE_CURVE ( 'NONE', #231, #1897, #3852, .T. ) ;
#3073 = CONTEXT_DEPENDENT_SHAPE_REPRESENTATION ( #3441, #3083 ) ;
#3074 = CLOSED_SHELL ( 'NONE', ( #1636, #3290, #3013, #1157, #3796, #2862 ) ) ;
#3075 = AXIS2_PLACEMENT_3D ( 'NONE', #4099, #1305, #2718 ) ;
#3076 = CIRCLE ( 'NONE', #2425, 0.5100000000000000089 ) ;
#3077 = LINE ( 'NONE', #4143, #3174 ) ;
#3078 = DIRECTION ( 'NONE',  ( 1.000000000000000000, 0.000000000000000000, -0.000000000000000000 ) ) ;
#3079 = PRESENTATION_STYLE_ASSIGNMENT (( #2303 ) ) ;
#3080 = ORIENTED_EDGE ( 'NONE', *, *, #1891, .F. ) ;
#3081 = CARTESIAN_POINT ( 'NONE',  ( -0.5303300858899063774, 0.7071067811865557884, -3.496765431890256920E-14 ) ) ;
#3082 =( GEOMETRIC_REPRESENTATION_CONTEXT ( 3 ) GLOBAL_UNCERTAINTY_ASSIGNED_CONTEXT ( ( #3463 ) ) GLOBAL_UNIT_ASSIGNED_CONTEXT ( ( #2165, #55, #425 ) ) REPRESENTATION_CONTEXT ( 'NONE', 'WORKASPACE' ) );
#3083 = PRODUCT_DEFINITION_SHAPE ( 'NONE', 'NONE',  #4511 ) ;
#3084 = CYLINDRICAL_SURFACE ( 'NONE', #3624, 2.500000000000000000 ) ;
#3085 = VERTEX_POINT ( 'NONE', #3664 ) ;
#3086 = CARTESIAN_POINT ( 'NONE',  ( 0.000000000000000000, 2.981254661859697406E-16, 0.000000000000000000 ) ) ;
#3087 = CYLINDRICAL_SURFACE ( 'NONE', #1057, 2.500000000000000000 ) ;
#3088 = EDGE_LOOP ( 'NONE', ( #2150, #681, #314, #2915 ) ) ;
#3089 = ORIENTED_EDGE ( 'NONE', *, *, #2315, .T. ) ;
#3090 = AXIS2_PLACEMENT_3D ( 'NONE', #665, #2870, #2823 ) ;
#3091 = DIRECTION ( 'NONE',  ( -0.000000000000000000, -0.000000000000000000, -1.000000000000000000 ) ) ;
#3092 =( GEOMETRIC_REPRESENTATION_CONTEXT ( 3 ) GLOBAL_UNCERTAINTY_ASSIGNED_CONTEXT ( ( #3094 ) ) GLOBAL_UNIT_ASSIGNED_CONTEXT ( ( #1209, #2228, #1529 ) ) REPRESENTATION_CONTEXT ( 'NONE', 'WORKASPACE' ) );
#3093 = CARTESIAN_POINT ( 'NONE',  ( -1.500000000000000222, -1.500000000000000444, 2.000000000000000000 ) ) ;
#3094 = UNCERTAINTY_MEASURE_WITH_UNIT (LENGTH_MEASURE( 1.000000000000000082E-05 ), #1209, 'distance_accuracy_value', 'NONE');
#3095 = SURFACE_STYLE_USAGE ( .BOTH. , #2804 ) ;
#3096 = DIRECTION ( 'NONE',  ( 0.000000000000000000, 0.000000000000000000, 1.000000000000000000 ) ) ;
#3097 = CARTESIAN_POINT ( 'NONE',  ( 0.3799999999999999489, 3.446620445535691581E-16, 4.500000000000000000 ) ) ;
#3098 = DIRECTION ( 'NONE',  ( 0.000000000000000000, 1.000000000000000000, 0.000000000000000000 ) ) ;
#3099 = VERTEX_POINT ( 'NONE', #3738 ) ;
#3100 = CYLINDRICAL_SURFACE ( 'NONE', #1094, 0.5150000000000003464 ) ;
#3101 = AXIS2_PLACEMENT_3D ( 'NONE', #1597, #2340, #1908 ) ;
#3102 = CIRCLE ( 'NONE', #3539, 0.1250000000000000278 ) ;
#3103 = CARTESIAN_POINT ( 'NONE',  ( 0.000000000000000000, 2.981254661859697406E-16, 0.000000000000000000 ) ) ;
#3104 = EDGE_LOOP ( 'NONE', ( #4193, #4002, #3772, #1678 ) ) ;
#3105 = DIRECTION ( 'NONE',  ( 0.000000000000000000, 0.000000000000000000, 1.000000000000000000 ) ) ;
#3106 = CARTESIAN_POINT ( 'NONE',  ( 0.9849999999999999867, 0.000000000000000000, 0.5000000000000000000 ) ) ;
#3107 = CARTESIAN_POINT ( 'NONE',  ( 7.317984918925073856, 17.60380349051792237, 23.13904764649036849 ) ) ;
#3108 = EDGE_LOOP ( 'NONE', ( #3310, #4332, #3840, #4321 ) ) ;
#3109 = ORIENTED_EDGE ( 'NONE', *, *, #2973, .T. ) ;
#3110 = AXIS2_PLACEMENT_3D ( 'NONE', #815, #2217, #1889 ) ;
#3111 = FACE_OUTER_BOUND ( 'NONE', #3358, .T. ) ;
#3112 = AXIS2_PLACEMENT_3D ( 'NONE', #1476, #1850, #3582 ) ;
#3113 = LINE ( 'NONE', #2113, #3071 ) ;
#3114 = CARTESIAN_POINT ( 'NONE',  ( 0.000000000000000000, 0.000000000000000000, 0.5000000000000000000 ) ) ;
#3115 = PRODUCT_DEFINITION_SHAPE ( 'NONE', 'NONE',  #3657 ) ;
#3116 = CLOSED_SHELL ( 'NONE', ( #2072, #3990, #1691, #2231, #4130, #418 ) ) ;
#3117 =( NAMED_UNIT ( * ) SI_UNIT ( $, .STERADIAN. ) SOLID_ANGLE_UNIT ( ) );
#3118 = EDGE_CURVE ( 'NONE', #2433, #1874, #1582, .T. ) ;
#3119 = DIRECTION ( 'NONE',  ( 0.000000000000000000, 0.000000000000000000, -1.000000000000000000 ) ) ;
#3120 = FACE_BOUND ( 'NONE', #3041, .T. ) ;
#3121 =( CONVERSION_BASED_UNIT ( 'INCH', #1726 ) LENGTH_UNIT ( ) NAMED_UNIT ( #3588 ) );
#3122 = ORIENTED_EDGE ( 'NONE', *, *, #419, .F. ) ;
#3123 = ADVANCED_FACE ( 'NONE', ( #4057 ), #3030, .F. ) ;
#3124 = DIRECTION ( 'NONE',  ( 1.000000000000000000, 0.000000000000000000, 0.000000000000000000 ) ) ;
#3125 = PRESENTATION_LAYER_ASSIGNMENT (  '', '', ( #2323 ) ) ;
#3126 = ADVANCED_FACE ( 'NONE', ( #1627 ), #2985, .F. ) ;
#3127 = EDGE_CURVE ( 'NONE', #1738, #2773, #1667, .T. ) ;
#3128 = DIRECTION ( 'NONE',  ( 0.000000000000000000, 0.000000000000000000, 1.000000000000000000 ) ) ;
#3129 = ORIENTED_EDGE ( 'NONE', *, *, #213, .F. ) ;
#3130 = CARTESIAN_POINT ( 'NONE',  ( 0.000000000000000000, 0.000000000000000000, 0.000000000000000000 ) ) ;
#3131 = DIRECTION ( 'NONE',  ( 1.000000000000000000, 0.000000000000000000, 0.000000000000000000 ) ) ;
#3132 = APPLICATION_CONTEXT ( 'automotive_design' ) ;
#3133 = DIRECTION ( 'NONE',  ( 0.000000000000000000, -1.000000000000000000, -3.491481338843133355E-15 ) ) ;
#3134 = FACE_BOUND ( 'NONE', #3051, .T. ) ;
#3135 = EDGE_LOOP ( 'NONE', ( #3206, #3002, #3168, #3723 ) ) ;
#3136 = ORIENTED_EDGE ( 'NONE', *, *, #2795, .T. ) ;
#3137 = PRODUCT_RELATED_PRODUCT_CATEGORY ( 'part', '', ( #4169 ) ) ;
#3138 = DIRECTION ( 'NONE',  ( 1.000000000000000000, 0.000000000000000000, 0.000000000000000000 ) ) ;
#3139 = CARTESIAN_POINT ( 'NONE',  ( 1.199999999999999956, 0.000000000000000000, 0.000000000000000000 ) ) ;
#3140 = CARTESIAN_POINT ( 'NONE',  ( 0.000000000000000000, 0.2500000000000000000, -2.500000000000000000 ) ) ;
#3141 = FILL_AREA_STYLE_COLOUR ( '', #3457 ) ;
#3142 = CYLINDRICAL_SURFACE ( 'NONE', #2748, 0.5150000000000001243 ) ;
#3143 = DIRECTION ( 'NONE',  ( -1.000000000000000000, 0.000000000000000000, 0.000000000000000000 ) ) ;
#3144 = CIRCLE ( 'NONE', #4088, 0.1299999999999999767 ) ;
#3145 = ORIENTED_EDGE ( 'NONE', *, *, #3879, .T. ) ;
#3146 = CARTESIAN_POINT ( 'NONE',  ( 0.000000000000000000, 0.000000000000000000, 0.1320000000000000062 ) ) ;
#3147 = PRESENTATION_LAYER_ASSIGNMENT (  '', '', ( #592 ) ) ;
#3148 = AXIS2_PLACEMENT_3D ( 'NONE', #4084, #1352, #3354 ) ;
#3149 = CARTESIAN_POINT ( 'NONE',  ( -0.3799999999999999489, 2.981254661859697406E-16, 4.000000000000000000 ) ) ;
#3150 = VERTEX_POINT ( 'NONE', #1239 ) ;
#3151 = DIRECTION ( 'NONE',  ( 0.000000000000000000, 0.000000000000000000, 1.000000000000000000 ) ) ;
#3152 = AXIS2_PLACEMENT_3D ( 'NONE', #1966, #214, #4417 ) ;
#3153 = ORIENTED_EDGE ( 'NONE', *, *, #1557, .T. ) ;
#3154 = EDGE_LOOP ( 'NONE', ( #525, #1032 ) ) ;
#3155 = PRODUCT_DEFINITION_SHAPE ( 'NONE', 'NONE',  #364 ) ;
#3156 = EDGE_CURVE ( 'NONE', #2618, #310, #2700, .T. ) ;
#3157 = FACE_OUTER_BOUND ( 'NONE', #1329, .T. ) ;
#3158 =( CONVERSION_BASED_UNIT ( 'INCH', #1761 ) LENGTH_UNIT ( ) NAMED_UNIT ( #1944 ) );
#3159 =( GEOMETRIC_REPRESENTATION_CONTEXT ( 3 ) GLOBAL_UNCERTAINTY_ASSIGNED_CONTEXT ( ( #4457 ) ) GLOBAL_UNIT_ASSIGNED_CONTEXT ( ( #3158, #2437, #4179 ) ) REPRESENTATION_CONTEXT ( 'NONE', 'WORKASPACE' ) );
#3160 = ORIENTED_EDGE ( 'NONE', *, *, #2411, .T. ) ;
#3161 = CARTESIAN_POINT ( 'NONE',  ( 1.199999999999999956, 4.688496155794079738E-18, 0.000000000000000000 ) ) ;
#3162 = FACE_BOUND ( 'NONE', #122, .T. ) ;
#3163 = DIRECTION ( 'NONE',  ( -1.000000000000000000, 0.000000000000000000, 0.000000000000000000 ) ) ;
#3164 = DIRECTION ( 'NONE',  ( -1.000000000000000000, 0.000000000000000000, 0.000000000000000000 ) ) ;
#3165 = MECHANICAL_DESIGN_GEOMETRIC_PRESENTATION_REPRESENTATION (  '', ( #612 ), #22 ) ;
#3166 =( LENGTH_UNIT ( ) NAMED_UNIT ( * ) SI_UNIT ( $, .METRE. ) );
#3167 = PRODUCT_DEFINITION_FORMATION_WITH_SPECIFIED_SOURCE ( 'ANY', '', #4497, .NOT_KNOWN. ) ;
#3168 = ORIENTED_EDGE ( 'NONE', *, *, #1609, .T. ) ;
#3169 = DIRECTION ( 'NONE',  ( -0.000000000000000000, -0.000000000000000000, -1.000000000000000000 ) ) ;
#3170 = FILL_AREA_STYLE ('',( #4261 ) ) ;
#3171 = VERTEX_POINT ( 'NONE', #2300 ) ;
#3172 = DIRECTION ( 'NONE',  ( 1.000000000000000000, 0.000000000000000000, 0.000000000000000000 ) ) ;
#3173 = CARTESIAN_POINT ( 'NONE',  ( 0.000000000000000000, 0.000000000000000000, 0.5000000000000000000 ) ) ;
#3174 = VECTOR ( 'NONE', #941, 39.37007874015748143 ) ;
#3175 = EDGE_LOOP ( 'NONE', ( #4263, #570 ) ) ;
#3176 = ORIENTED_EDGE ( 'NONE', *, *, #3680, .T. ) ;
#3177 = AXIS2_PLACEMENT_3D ( 'NONE', #1564, #2654, #2965 ) ;
#3178 = DIRECTION ( 'NONE',  ( -0.000000000000000000, -0.000000000000000000, -1.000000000000000000 ) ) ;
#3179 = EDGE_CURVE ( 'NONE', #2399, #1225, #3989, .T. ) ;
#3180 = SHAPE_REPRESENTATION ( 'Reusable Pipe - Evap', ( #1846 ), #4030 ) ;
#3181 = VERTEX_POINT ( 'NONE', #1217 ) ;
#3182 = ORIENTED_EDGE ( 'NONE', *, *, #937, .T. ) ;
#3183 = CIRCLE ( 'NONE', #1198, 2.500000000000000000 ) ;
#3184 = EDGE_CURVE ( 'NONE', #2227, #3923, #2030, .T. ) ;
#3185 = ADVANCED_FACE ( 'NONE', ( #1941 ), #4490, .T. ) ;
#3186 = CARTESIAN_POINT ( 'NONE',  ( -0.5100000000000000089, 0.000000000000000000, 4.000000000000000000 ) ) ;
#3187 = ITEM_DEFINED_TRANSFORMATION ( 'NONE', 'NONE', #1921,  #1846 ) ;
#3188 = CARTESIAN_POINT ( 'NONE',  ( 1.500000000000000222, 1.500000000000000222, 2.000000000000000000 ) ) ;
#3189 = FACE_OUTER_BOUND ( 'NONE', #4322, .T. ) ;
#3190 = AXIS2_PLACEMENT_3D ( 'NONE', #3244, #42, #111 ) ;
#3191 = EDGE_CURVE ( 'NONE', #1287, #2817, #3050, .T. ) ;
#3192 =( LENGTH_UNIT ( ) NAMED_UNIT ( * ) SI_UNIT ( $, .METRE. ) );
#3193 = ORIENTED_EDGE ( 'NONE', *, *, #2912, .F. ) ;
#3194 = LINE ( 'NONE', #1450, #839 ) ;
#3195 = DIRECTION ( 'NONE',  ( -0.000000000000000000, -0.000000000000000000, -1.000000000000000000 ) ) ;
#3196 = PRODUCT ( 'Reusable Pipe - Cond', 'Reusable Pipe - Cond', '', ( #1981 ) ) ;
#3197 = DIRECTION ( 'NONE',  ( 0.000000000000000000, 0.000000000000000000, 1.000000000000000000 ) ) ;
#3198 = ORIENTED_EDGE ( 'NONE', *, *, #1274, .T. ) ;
#3199 = LINE ( 'NONE', #3947, #1824 ) ;
#3200 = CIRCLE ( 'NONE', #266, 0.1249999999999999029 ) ;
#3201 = VECTOR ( 'NONE', #4422, 39.37007874015748143 ) ;
#3202 = CARTESIAN_POINT ( 'NONE',  ( 0.000000000000000000, 0.000000000000000000, 0.5000000000000000000 ) ) ;
#3203 = ORIENTED_EDGE ( 'NONE', *, *, #828, .T. ) ;
#3204 = CARTESIAN_POINT ( 'NONE',  ( 1.015900093385915248, -6.456639969244308830, -1.134877526538479175 ) ) ;
#3205 = VERTEX_POINT ( 'NONE', #3058 ) ;
#3206 = ORIENTED_EDGE ( 'NONE', *, *, #1753, .F. ) ;
#3207 = DIRECTION ( 'NONE',  ( 1.000000000000000000, 0.000000000000000000, 0.000000000000000000 ) ) ;
#3208 = ADVANCED_FACE ( 'NONE', ( #2354 ), #3084, .T. ) ;
#3209 = EDGE_CURVE ( 'NONE', #1389, #3558, #53, .T. ) ;
#3210 = DIRECTION ( 'NONE',  ( 1.000000000000000000, 0.000000000000000000, 0.000000000000000000 ) ) ;
#3211 = CARTESIAN_POINT ( 'NONE',  ( 0.000000000000000000, 2.981254661859697406E-16, 2.500000000000000000 ) ) ;
#3212 = EDGE_CURVE ( 'NONE', #1113, #458, #3059, .T. ) ;
#3213 =( LENGTH_UNIT ( ) NAMED_UNIT ( * ) SI_UNIT ( $, .METRE. ) );
#3214 = ORIENTED_EDGE ( 'NONE', *, *, #1496, .T. ) ;
#3215 =( NAMED_UNIT ( * ) SI_UNIT ( $, .STERADIAN. ) SOLID_ANGLE_UNIT ( ) );
#3216 = CARTESIAN_POINT ( 'NONE',  ( 0.000000000000000000, 2.981254661859697406E-16, 0.000000000000000000 ) ) ;
#3217 = CYLINDRICAL_SURFACE ( 'NONE', #1021, 2.125000000000000000 ) ;
#3218 =( REPRESENTATION_RELATIONSHIP ('NONE','NONE', #1896, #2867 ) REPRESENTATION_RELATIONSHIP_WITH_TRANSFORMATION ( #3780 )SHAPE_REPRESENTATION_RELATIONSHIP( ) );
#3219 = AXIS2_PLACEMENT_3D ( 'NONE', #4492, #745, #2151 ) ;
#3220 = PLANE ( 'NONE',  #2698 ) ;
#3221 = ORIENTED_EDGE ( 'NONE', *, *, #2983, .F. ) ;
#3222 = LINE ( 'NONE', #1844, #1016 ) ;
#3223 = CIRCLE ( 'NONE', #2570, 0.1249999999999999029 ) ;
#3224 = DIMENSIONAL_EXPONENTS ( 1.000000000000000000, 0.000000000000000000, 0.000000000000000000, 0.000000000000000000, 0.000000000000000000, 0.000000000000000000, 0.000000000000000000 ) ;
#3225 = DIRECTION ( 'NONE',  ( 0.000000000000000000, 1.000000000000000000, 0.000000000000000000 ) ) ;
#3226 = DIRECTION ( 'NONE',  ( 1.000000000000000000, 0.000000000000000000, 0.000000000000000000 ) ) ;
#3227 = ORIENTED_EDGE ( 'NONE', *, *, #3593, .T. ) ;
#3228 = ORIENTED_EDGE ( 'NONE', *, *, #2986, .F. ) ;
#3229 = CYLINDRICAL_SURFACE ( 'NONE', #748, 0.5124999999999999556 ) ;
#3230 = FACE_OUTER_BOUND ( 'NONE', #1809, .T. ) ;
#3231 = VECTOR ( 'NONE', #1182, 39.37007874015748143 ) ;
#3232 = FACE_BOUND ( 'NONE', #4150, .T. ) ;
#3233 = DIRECTION ( 'NONE',  ( 2.714003487537525804E-15, 1.000000000000000000, -4.213137287470324590E-16 ) ) ;
#3234 = VERTEX_POINT ( 'NONE', #2402 ) ;
#3235 = DIRECTION ( 'NONE',  ( 0.000000000000000000, 0.000000000000000000, 1.000000000000000000 ) ) ;
#3236 = ORIENTED_EDGE ( 'NONE', *, *, #496, .T. ) ;
#3237 = LINE ( 'NONE', #2251, #2136 ) ;
#3238 = EDGE_CURVE ( 'NONE', #4333, #435, #1080, .T. ) ;
#3239 = DIRECTION ( 'NONE',  ( -1.000000000000000000, 0.000000000000000000, 0.000000000000000000 ) ) ;
#3240 = ORIENTED_EDGE ( 'NONE', *, *, #2316, .F. ) ;
#3241 = FACE_OUTER_BOUND ( 'NONE', #3108, .T. ) ;
#3242 = EDGE_CURVE ( 'NONE', #2015, #338, #3958, .T. ) ;
#3243 = DIRECTION ( 'NONE',  ( -0.000000000000000000, 0.000000000000000000, 1.000000000000000000 ) ) ;
#3244 = CARTESIAN_POINT ( 'NONE',  ( 0.000000000000000000, 2.981254661859697406E-16, 4.000000000000000000 ) ) ;
#3245 = VECTOR ( 'NONE', #2489, 39.37007874015748143 ) ;
#3246 = AXIS2_PLACEMENT_3D ( 'NONE', #2762, #257, #3433 ) ;
#3247 = EDGE_LOOP ( 'NONE', ( #919, #2995, #2562, #2086 ) ) ;
#3248 = VERTEX_POINT ( 'NONE', #1356 ) ;
#3249 = CIRCLE ( 'NONE', #3681, 0.1249999999999999029 ) ;
#3250 = AXIS2_PLACEMENT_3D ( 'NONE', #2682, #2990, #2922 ) ;
#3251 = DIRECTION ( 'NONE',  ( 0.000000000000000000, 0.000000000000000000, 1.000000000000000000 ) ) ;
#3252 = AXIS2_PLACEMENT_3D ( 'NONE', #107, #2942, #1499 ) ;
#3253 = DIRECTION ( 'NONE',  ( 0.000000000000000000, 0.000000000000000000, 1.000000000000000000 ) ) ;
#3254 = DIRECTION ( 'NONE',  ( 0.000000000000000000, 0.000000000000000000, 1.000000000000000000 ) ) ;
#3255 = ORIENTED_EDGE ( 'NONE', *, *, #4012, .T. ) ;
#3256 = EDGE_CURVE ( 'NONE', #2381, #2686, #1808, .T. ) ;
#3257 = SHAPE_DEFINITION_REPRESENTATION ( #1993, #3637 ) ;
#3258 = ORIENTED_EDGE ( 'NONE', *, *, #3209, .F. ) ;
#3259 = CIRCLE ( 'NONE', #4414, 0.1320000000000000062 ) ;
#3260 = CARTESIAN_POINT ( 'NONE',  ( -1.500000000000000222, 1.499999999999999778, 0.5000000000000000000 ) ) ;
#3261 = ORIENTED_EDGE ( 'NONE', *, *, #1697, .F. ) ;
#3262 = DIRECTION ( 'NONE',  ( -1.000000000000000000, 0.000000000000000000, 0.000000000000000000 ) ) ;
#3263 = EDGE_CURVE ( 'NONE', #3085, #4496, #4216, .T. ) ;
#3264 = EDGE_CURVE ( 'NONE', #1361, #416, #4149, .T. ) ;
#3265 = CARTESIAN_POINT ( 'NONE',  ( 1.712499999999999911, 6.276314845630182999E-17, 0.000000000000000000 ) ) ;
#3266 = CLOSED_SHELL ( 'NONE', ( #3878, #968, #1297, #2549, #3308, #2094 ) ) ;
#3267 = EDGE_CURVE ( 'NONE', #4496, #3085, #2622, .T. ) ;
#3268 = LINE ( 'NONE', #1516, #842 ) ;
#3269 = VERTEX_POINT ( 'NONE', #3419 ) ;
#3270 = ORIENTED_EDGE ( 'NONE', *, *, #3883, .T. ) ;
#3271 = DIRECTION ( 'NONE',  ( 0.000000000000000000, 1.000000000000000000, 0.000000000000000000 ) ) ;
#3272 = APPLICATION_CONTEXT ( 'automotive_design' ) ;
#3273 = FACE_BOUND ( 'NONE', #894, .T. ) ;
#3274 = FACE_BOUND ( 'NONE', #2910, .T. ) ;
#3275 = ORIENTED_EDGE ( 'NONE', *, *, #749, .F. ) ;
#3276 = ORIENTED_EDGE ( 'NONE', *, *, #18, .T. ) ;
#3277 = CARTESIAN_POINT ( 'NONE',  ( 0.7071067811865492381, 0.7071067811865481278, 1.749999999999964695 ) ) ;
#3278 = CARTESIAN_POINT ( 'NONE',  ( -1.233441488821108711, 0.3786565859748453611, -3.456639969244295063 ) ) ;
#3279 = CIRCLE ( 'NONE', #4233, 0.5124999999999999556 ) ;
#3280 = CARTESIAN_POINT ( 'NONE',  ( 0.5124999999999999556, 3.608886146422715829E-16, 0.000000000000000000 ) ) ;
#3281 = CIRCLE ( 'NONE', #4443, 0.1249999999999999029 ) ;
#3282 = CYLINDRICAL_SURFACE ( 'NONE', #4408, 0.1249999999999999029 ) ;
#3283 = AXIS2_PLACEMENT_3D ( 'NONE', #3659, #2003, #3024 ) ;
#3284 = CYLINDRICAL_SURFACE ( 'NONE', #482, 2.500000000000000000 ) ;
#3285 = CARTESIAN_POINT ( 'NONE',  ( -0.5303300858899108183, 0.7071067811865481278, 1.749999999999964695 ) ) ;
#3286 = AXIS2_PLACEMENT_3D ( 'NONE', #2959, #4005, #873 ) ;
#3287 = VECTOR ( 'NONE', #4350, 39.37007874015748143 ) ;
#3288 = ORIENTED_EDGE ( 'NONE', *, *, #1833, .F. ) ;
#3289 = EDGE_LOOP ( 'NONE', ( #3618, #2059, #277, #4475 ) ) ;
#3290 = ADVANCED_FACE ( 'NONE', ( #2749 ), #4131, .T. ) ;
#3291 = DIRECTION ( 'NONE',  ( 0.000000000000000000, 0.000000000000000000, 1.000000000000000000 ) ) ;
#3292 = LINE ( 'NONE', #3590, #837 ) ;
#3293 = CARTESIAN_POINT ( 'NONE',  ( 1.530900093385936911, 0.4999999999999996114, -1.134877526538481840 ) ) ;
#3294 = APPLICATION_CONTEXT ( 'automotive_design' ) ;
#3295 = VERTEX_POINT ( 'NONE', #3786 ) ;
#3296 = SHAPE_DEFINITION_REPRESENTATION ( #1767, #2049 ) ;
#3297 = VERTEX_POINT ( 'NONE', #2101 ) ;
#3298 =( GEOMETRIC_REPRESENTATION_CONTEXT ( 3 ) GLOBAL_UNCERTAINTY_ASSIGNED_CONTEXT ( ( #3033 ) ) GLOBAL_UNIT_ASSIGNED_CONTEXT ( ( #3121, #2445, #3482 ) ) REPRESENTATION_CONTEXT ( 'NONE', 'WORKASPACE' ) );
#3299 = LINE ( 'NONE', #2628, #3800 ) ;
#3300 = CIRCLE ( 'NONE', #672, 0.5150000000000027889 ) ;
#3301 = CARTESIAN_POINT ( 'NONE',  ( -1.233441488821110044, 0.8936565859748593077, 0.5000000000000001110 ) ) ;
#3302 =( GEOMETRIC_REPRESENTATION_CONTEXT ( 3 ) GLOBAL_UNCERTAINTY_ASSIGNED_CONTEXT ( ( #985 ) ) GLOBAL_UNIT_ASSIGNED_CONTEXT ( ( #2176, #1852, #502 ) ) REPRESENTATION_CONTEXT ( 'NONE', 'WORKASPACE' ) );
#3303 = DIRECTION ( 'NONE',  ( 0.000000000000000000, 0.000000000000000000, 1.000000000000000000 ) ) ;
#3304 = CARTESIAN_POINT ( 'NONE',  ( 0.5124999999999999556, 3.608886146422715829E-16, 4.500000000000000000 ) ) ;
#3305 = PRODUCT_DEFINITION_FORMATION_WITH_SPECIFIED_SOURCE ( 'ANY', '', #1433, .NOT_KNOWN. ) ;
#3306 = DIRECTION ( 'NONE',  ( 0.000000000000000000, 1.000000000000000000, 0.000000000000000000 ) ) ;
#3307 = CARTESIAN_POINT ( 'NONE',  ( -0.5100000000000000089, 0.000000000000000000, 4.000000000000000000 ) ) ;
#3308 = ADVANCED_FACE ( 'NONE', ( #653 ), #974, .T. ) ;
#3309 = VERTEX_POINT ( 'NONE', #2428 ) ;
#3310 = ORIENTED_EDGE ( 'NONE', *, *, #271, .F. ) ;
#3311 = AXIS2_PLACEMENT_3D ( 'NONE', #3561, #1063, #3884 ) ;
#3312 = CARTESIAN_POINT ( 'NONE',  ( 0.000000000000000000, 2.981254661859697406E-16, 3.500000000000000000 ) ) ;
#3313 = CARTESIAN_POINT ( 'NONE',  ( 0.000000000000000000, 0.000000000000000000, 0.000000000000000000 ) ) ;
#3314 = ADVANCED_FACE ( 'NONE', ( #993 ), #2785, .F. ) ;
#3315 = ADVANCED_FACE ( 'NONE', ( #309 ), #674, .F. ) ;
#3316 = ADVANCED_FACE ( 'NONE', ( #1034 ), #2449, .T. ) ;
#3317 = VECTOR ( 'NONE', #3569, 39.37007874015748143 ) ;
#3318 = FACE_BOUND ( 'NONE', #1975, .T. ) ;
#3319 = DIRECTION ( 'NONE',  ( 1.000000000000000000, 0.000000000000000000, -0.000000000000000000 ) ) ;
#3320 = VERTEX_POINT ( 'NONE', #1128 ) ;
#3321 = ORIENTED_EDGE ( 'NONE', *, *, #1186, .T. ) ;
#3322 = PRODUCT_CONTEXT ( 'NONE', #2670, 'mechanical' ) ;
#3323 = DIRECTION ( 'NONE',  ( -0.000000000000000000, -0.000000000000000000, -1.000000000000000000 ) ) ;
#3324 = FILL_AREA_STYLE_COLOUR ( '', #3506 ) ;
#3325 = CIRCLE ( 'NONE', #2822, 0.5150000000000003464 ) ;
#3326 = ADVANCED_FACE ( 'NONE', ( #3859 ), #58, .F. ) ;
#3327 = CYLINDRICAL_SURFACE ( 'NONE', #1291, 2.500000000000000000 ) ;
#3328 = DIRECTION ( 'NONE',  ( -1.000000000000000000, 0.000000000000000000, 0.000000000000000000 ) ) ;
#3329 = ORIENTED_EDGE ( 'NONE', *, *, #2651, .T. ) ;
#3330 = DIRECTION ( 'NONE',  ( 0.000000000000000000, 0.000000000000000000, 1.000000000000000000 ) ) ;
#3331 = AXIS2_PLACEMENT_3D ( 'NONE', #1341, #4498, #2775 ) ;
#3332 = DIRECTION ( 'NONE',  ( -0.000000000000000000, -0.000000000000000000, -1.000000000000000000 ) ) ;
#3333 = CARTESIAN_POINT ( 'NONE',  ( 0.000000000000000000, 0.000000000000000000, 0.000000000000000000 ) ) ;
#3334 = CARTESIAN_POINT ( 'NONE',  ( 0.000000000000000000, 2.981254661859697406E-16, 3.500000000000000000 ) ) ;
#3335 = DIMENSIONAL_EXPONENTS ( 1.000000000000000000, 0.000000000000000000, 0.000000000000000000, 0.000000000000000000, 0.000000000000000000, 0.000000000000000000, 0.000000000000000000 ) ;
#3336 = ORIENTED_EDGE ( 'NONE', *, *, #2655, .F. ) ;
#3337 = ORIENTED_EDGE ( 'NONE', *, *, #3932, .F. ) ;
#3338 = UNCERTAINTY_MEASURE_WITH_UNIT (LENGTH_MEASURE( 1.000000000000000082E-05 ), #3576, 'distance_accuracy_value', 'NONE');
#3339 =( NAMED_UNIT ( * ) SI_UNIT ( $, .STERADIAN. ) SOLID_ANGLE_UNIT ( ) );
#3340 = AXIS2_PLACEMENT_3D ( 'NONE', #1107, #1426, #3509 ) ;
#3341 = CARTESIAN_POINT ( 'NONE',  ( 3.061616997868383141E-16, 0.000000000000000000, 2.500000000000000000 ) ) ;
#3342 = CARTESIAN_POINT ( 'NONE',  ( 0.000000000000000000, 0.000000000000000000, 0.5000000000000000000 ) ) ;
#3343 = MANIFOLD_SOLID_BREP ( 'Boss-Extrude1', #485 ) ;
#3344 = EDGE_CURVE ( 'NONE', #790, #1427, #787, .T. ) ;
#3345 = ORIENTED_EDGE ( 'NONE', *, *, #2369, .F. ) ;
#3346 = EDGE_LOOP ( 'NONE', ( #675, #727, #4341, #4385 ) ) ;
#3347 = APPLICATION_PROTOCOL_DEFINITION ( 'draft international standard', 'automotive_design', 1998, #230 ) ;
#3348 = CARTESIAN_POINT ( 'NONE',  ( 6.245698675651502318E-17, 8.699999999999999289, 0.5100000000000000089 ) ) ;
#3349 = PLANE ( 'NONE',  #440 ) ;
#3350 = EDGE_CURVE ( 'NONE', #4300, #1295, #1363, .T. ) ;
#3351 = DIRECTION ( 'NONE',  ( 0.000000000000000000, 1.000000000000000000, -0.000000000000000000 ) ) ;
#3352 = DIRECTION ( 'NONE',  ( -0.000000000000000000, -0.000000000000000000, -1.000000000000000000 ) ) ;
#3353 = ORIENTED_EDGE ( 'NONE', *, *, #4489, .T. ) ;
#3354 = DIRECTION ( 'NONE',  ( 0.000000000000000000, -1.000000000000000000, 2.652279605499264792E-15 ) ) ;
#3355 = CARTESIAN_POINT ( 'NONE',  ( 1.015900093385932790, 0.000000000000000000, -1.134877526538481840 ) ) ;
#3356 = PLANE ( 'NONE',  #1429 ) ;
#3357 = PLANE ( 'NONE',  #2608 ) ;
#3358 = EDGE_LOOP ( 'NONE', ( #3665, #830, #2978, #1180 ) ) ;
#3359 = ORIENTED_EDGE ( 'NONE', *, *, #269, .T. ) ;
#3360 = APPLICATION_CONTEXT ( 'automotive_design' ) ;
#3361 = AXIS2_PLACEMENT_3D ( 'NONE', #1047, #622, #2760 ) ;
#3362 = CYLINDRICAL_SURFACE ( 'NONE', #959, 0.1250000000000000278 ) ;
#3363 =( GEOMETRIC_REPRESENTATION_CONTEXT ( 3 ) GLOBAL_UNCERTAINTY_ASSIGNED_CONTEXT ( ( #2971 ) ) GLOBAL_UNIT_ASSIGNED_CONTEXT ( ( #3924, #1511, #1170 ) ) REPRESENTATION_CONTEXT ( 'NONE', 'WORKASPACE' ) );
#3364 = LINE ( 'NONE', #4076, #1311 ) ;
#3365 = PRODUCT_DEFINITION_SHAPE ( 'NONE', 'NONE',  #4515 ) ;
#3366 = EDGE_LOOP ( 'NONE', ( #1509, #4090 ) ) ;
#3367 = APPLICATION_PROTOCOL_DEFINITION ( 'draft international standard', 'automotive_design', 1998, #413 ) ;
#3368 = DIRECTION ( 'NONE',  ( -0.000000000000000000, -0.000000000000000000, -1.000000000000000000 ) ) ;
#3369 = SURFACE_SIDE_STYLE ('',( #3005 ) ) ;
#3370 = DIRECTION ( 'NONE',  ( -0.000000000000000000, -1.000000000000000000, -0.000000000000000000 ) ) ;
#3371 = DIRECTION ( 'NONE',  ( -1.000000000000000000, 0.000000000000000000, -0.000000000000000000 ) ) ;
#3372 = ORIENTED_EDGE ( 'NONE', *, *, #1547, .T. ) ;
#3373 = EDGE_CURVE ( 'NONE', #1467, #1602, #405, .T. ) ;
#3374 = DIRECTION ( 'NONE',  ( 1.000000000000000000, 0.000000000000000000, -0.000000000000000000 ) ) ;
#3375 = EDGE_CURVE ( 'NONE', #2173, #2773, #1083, .T. ) ;
#3376 = FACE_OUTER_BOUND ( 'NONE', #96, .T. ) ;
#3377 = DIRECTION ( 'NONE',  ( 0.000000000000000000, 0.000000000000000000, 1.000000000000000000 ) ) ;
#3378 = LENGTH_MEASURE_WITH_UNIT ( LENGTH_MEASURE( 0.02539999999999999897 ), #4039 );
#3379 = FACE_OUTER_BOUND ( 'NONE', #1614, .T. ) ;
#3380 = PRODUCT_DEFINITION_CONTEXT ( 'detailed design', #1161, 'design' ) ;
#3381 = AXIS2_PLACEMENT_3D ( 'NONE', #4153, #1818, #3770 ) ;
#3382 = EDGE_LOOP ( 'NONE', ( #3236, #1758, #2220, #3600 ) ) ;
#3383 = VERTEX_POINT ( 'NONE', #2545 ) ;
#3384 = PRODUCT_DEFINITION ( 'UNKNOWN', '', #3167, #1591 ) ;
#3385 =( CONVERSION_BASED_UNIT ( 'INCH', #1252 ) LENGTH_UNIT ( ) NAMED_UNIT ( #4348 ) );
#3386 = DIRECTION ( 'NONE',  ( -0.000000000000000000, -1.000000000000000000, -0.000000000000000000 ) ) ;
#3387 = EDGE_LOOP ( 'NONE', ( #3018, #158, #3136, #1187 ) ) ;
#3388 = ITEM_DEFINED_TRANSFORMATION ( 'NONE', 'NONE', #3965,  #1846 ) ;
#3389 = STYLED_ITEM ( 'NONE', ( #302 ), #1918 ) ;
#3390 = AXIS2_PLACEMENT_3D ( 'NONE', #4415, #3895, #3210 ) ;
#3391 = CARTESIAN_POINT ( 'NONE',  ( 2.125000000000000000, 5.583629110047823249E-16, 2.500000000000000000 ) ) ;
#3392 = DIRECTION ( 'NONE',  ( 0.000000000000000000, 0.000000000000000000, 1.000000000000000000 ) ) ;
#3393 = PLANE ( 'NONE',  #270 ) ;
#3394 =( CONVERSION_BASED_UNIT ( 'INCH', #3783 ) LENGTH_UNIT ( ) NAMED_UNIT ( #175 ) );
#3395 = VERTEX_POINT ( 'NONE', #1820 ) ;
#3396 = LINE ( 'NONE', #260, #442 ) ;
#3397 = DIRECTION ( 'NONE',  ( 0.000000000000000000, 0.000000000000000000, 1.000000000000000000 ) ) ;
#3398 = EDGE_CURVE ( 'NONE', #712, #775, #3993, .T. ) ;
#3399 = AXIS2_PLACEMENT_3D ( 'NONE', #4471, #3468, #656 ) ;
#3400 = EDGE_CURVE ( 'NONE', #3763, #3898, #1452, .T. ) ;
#3401 = CARTESIAN_POINT ( 'NONE',  ( -1.625000000000000000, 1.499999999999999778, 2.000000000000000000 ) ) ;
#3402 = ADVANCED_FACE ( 'NONE', ( #1471 ), #3557, .T. ) ;
#3403 = DIRECTION ( 'NONE',  ( 1.000000000000000000, 0.000000000000000000, 0.000000000000000000 ) ) ;
#3404 = ORIENTED_EDGE ( 'NONE', *, *, #221, .T. ) ;
#3405 = EDGE_LOOP ( 'NONE', ( #1739, #819, #3145, #1799 ) ) ;
#3406 = AXIS2_PLACEMENT_3D ( 'NONE', #87, #2137, #1434 ) ;
#3407 = ADVANCED_FACE ( 'NONE', ( #428 ), #3220, .F. ) ;
#3408 = DIRECTION ( 'NONE',  ( 1.000000000000000000, 0.000000000000000000, -0.000000000000000000 ) ) ;
#3409 = LINE ( 'NONE', #3476, #2923 ) ;
#3410 = AXIS2_PLACEMENT_3D ( 'NONE', #236, #942, #1988 ) ;
#3411 = UNCERTAINTY_MEASURE_WITH_UNIT (LENGTH_MEASURE( 1.000000000000000082E-05 ), #1806, 'distance_accuracy_value', 'NONE');
#3412 = ORIENTED_EDGE ( 'NONE', *, *, #3512, .F. ) ;
#3413 =( NAMED_UNIT ( * ) PLANE_ANGLE_UNIT ( ) SI_UNIT ( $, .RADIAN. ) );
#3414 = VECTOR ( 'NONE', #2169, 39.37007874015748143 ) ;
#3415 = DIRECTION ( 'NONE',  ( 1.000000000000000000, 0.000000000000000000, 0.000000000000000000 ) ) ;
#3416 = CARTESIAN_POINT ( 'NONE',  ( -2.500000000000000000, 2.981254661859697406E-16, 2.500000000000000000 ) ) ;
#3417 = EDGE_LOOP ( 'NONE', ( #4284, #910, #2494, #3182 ) ) ;
#3418 = DIRECTION ( 'NONE',  ( 2.714003487537525804E-15, 1.000000000000000000, -4.213137287470324590E-16 ) ) ;
#3419 = CARTESIAN_POINT ( 'NONE',  ( 2.125000000000000000, 5.583629110047823249E-16, 0.000000000000000000 ) ) ;
#3420 = EDGE_LOOP ( 'NONE', ( #4311, #306, #3198, #244 ) ) ;
#3421 = DIRECTION ( 'NONE',  ( -0.000000000000000000, -0.000000000000000000, -1.000000000000000000 ) ) ;
#3422 = CARTESIAN_POINT ( 'NONE',  ( -0.3750000000000000555, 0.000000000000000000, 4.000000000000000000 ) ) ;
#3423 = DIRECTION ( 'NONE',  ( 0.3195403512189414208, -4.213137287470324590E-16, 0.9475726694786397175 ) ) ;
#3424 = LINE ( 'NONE', #3146, #4183 ) ;
#3425 = ORIENTED_EDGE ( 'NONE', *, *, #494, .F. ) ;
#3426 = ORIENTED_EDGE ( 'NONE', *, *, #3451, .T. ) ;
#3427 = MANIFOLD_SOLID_BREP ( 'Cut-Extrude1', #1138 ) ;
#3428 = DIRECTION ( 'NONE',  ( 1.000000000000000000, 0.000000000000000000, 0.000000000000000000 ) ) ;
#3429 = AXIS2_PLACEMENT_3D ( 'NONE', #3130, #1085, #3105 ) ;
#3430 = DIRECTION ( 'NONE',  ( -0.000000000000000000, -0.000000000000000000, -1.000000000000000000 ) ) ;
#3431 = AXIS2_PLACEMENT_3D ( 'NONE', #1277, #2624, #4320 ) ;
#3432 = ITEM_DEFINED_TRANSFORMATION ( 'NONE', 'NONE', #1698,  #1846 ) ;
#3433 = DIRECTION ( 'NONE',  ( 1.000000000000000000, 0.000000000000000000, 0.000000000000000000 ) ) ;
#3434 = CARTESIAN_POINT ( 'NONE',  ( -1.233441488821110044, 1.408656585974862319, 0.000000000000000000 ) ) ;
#3435 = EDGE_LOOP ( 'NONE', ( #2829, #1866 ) ) ;
#3436 = DIRECTION ( 'NONE',  ( 1.000000000000000000, 0.000000000000000000, 0.000000000000000000 ) ) ;
#3437 = DIRECTION ( 'NONE',  ( -1.000000000000000000, 0.000000000000000000, 0.000000000000000000 ) ) ;
#3438 = ORIENTED_EDGE ( 'NONE', *, *, #412, .F. ) ;
#3439 = DIRECTION ( 'NONE',  ( -0.000000000000000000, -0.000000000000000000, -1.000000000000000000 ) ) ;
#3440 = CARTESIAN_POINT ( 'NONE',  ( 3.496765431890256920E-14, 0.1767766952966373095, 2.185478394931410575E-15 ) ) ;
#3441 =( REPRESENTATION_RELATIONSHIP ('NONE','NONE', #1896, #2049 ) REPRESENTATION_RELATIONSHIP_WITH_TRANSFORMATION ( #1282 )SHAPE_REPRESENTATION_RELATIONSHIP( ) );
#3442 = DIRECTION ( 'NONE',  ( -2.402145465206902263E-15, 0.9999999999999998890, 1.149085403505706088E-15 ) ) ;
#3443 = ORIENTED_EDGE ( 'NONE', *, *, #751, .T. ) ;
#3444 = ORIENTED_EDGE ( 'NONE', *, *, #1725, .T. ) ;
#3445 = CARTESIAN_POINT ( 'NONE',  ( 0.000000000000000000, 0.000000000000000000, 0.5150000000000001243 ) ) ;
#3446 = EDGE_CURVE ( 'NONE', #1125, #1248, #855, .T. ) ;
#3447 = PRODUCT_DEFINITION_FORMATION_WITH_SPECIFIED_SOURCE ( 'ANY', '', #262, .NOT_KNOWN. ) ;
#3448 = DIRECTION ( 'NONE',  ( 1.000000000000000000, 0.000000000000000000, -0.000000000000000000 ) ) ;
#3449 = EDGE_CURVE ( 'NONE', #3099, #1065, #345, .T. ) ;
#3450 = LINE ( 'NONE', #1718, #382 ) ;
#3451 = EDGE_CURVE ( 'NONE', #4249, #43, #4073, .T. ) ;
#3452 = ITEM_DEFINED_TRANSFORMATION ( 'NONE', 'NONE', #1254,  #1846 ) ;
#3453 = EDGE_CURVE ( 'NONE', #2527, #2278, #1661, .T. ) ;
#3454 = CARTESIAN_POINT ( 'NONE',  ( 2.500000000000000000, 6.042871659728080054E-16, 0.000000000000000000 ) ) ;
#3455 = CARTESIAN_POINT ( 'NONE',  ( 0.000000000000000000, 2.981254661859697406E-16, 2.500000000000000000 ) ) ;
#3456 = PRESENTATION_STYLE_ASSIGNMENT (( #353 ) ) ;
#3457 = COLOUR_RGB ( '',0.7921568627450980005, 0.8196078431372548767, 0.9333333333333333481 ) ;
#3458 = AXIS2_PLACEMENT_3D ( 'NONE', #1284, #326, #4396 ) ;
#3459 = ORIENTED_EDGE ( 'NONE', *, *, #4460, .T. ) ;
#3460 = LINE ( 'NONE', #768, #3875 ) ;
#3461 = EDGE_CURVE ( 'NONE', #3056, #113, #1940, .T. ) ;
#3462 = VECTOR ( 'NONE', #4281, 39.37007874015748143 ) ;
#3463 = UNCERTAINTY_MEASURE_WITH_UNIT (LENGTH_MEASURE( 1.000000000000000082E-05 ), #2165, 'distance_accuracy_value', 'NONE');
#3464 = VECTOR ( 'NONE', #3988, 39.37007874015748143 ) ;
#3465 = DIRECTION ( 'NONE',  ( 1.000000000000000000, 0.000000000000000000, 0.000000000000000000 ) ) ;
#3466 = ORIENTED_EDGE ( 'NONE', *, *, #106, .F. ) ;
#3467 = CARTESIAN_POINT ( 'NONE',  ( 0.5303300858899108183, 0.7071067811865481278, 1.749999999999999556 ) ) ;
#3468 = DIRECTION ( 'NONE',  ( -3.781238829332528222E-16, 2.476382006277284779E-15, 1.000000000000000000 ) ) ;
#3469 = CARTESIAN_POINT ( 'NONE',  ( 7.317735428987218071, 23.81091027170455021, 22.76860807109503426 ) ) ;
#3470 = DIRECTION ( 'NONE',  ( -0.000000000000000000, -0.000000000000000000, -1.000000000000000000 ) ) ;
#3471 = VERTEX_POINT ( 'NONE', #833 ) ;
#3472 = ORIENTED_EDGE ( 'NONE', *, *, #2526, .T. ) ;
#3473 = CIRCLE ( 'NONE', #2091, 0.1299999999999999767 ) ;
#3474 = LINE ( 'NONE', #682, #1278 ) ;
#3475 = AXIS2_PLACEMENT_3D ( 'NONE', #4273, #1805, #2550 ) ;
#3476 = CARTESIAN_POINT ( 'NONE',  ( 2.566998797522893838, -0.5979102385652538265, 0.5000000000000000000 ) ) ;
#3477 = DIRECTION ( 'NONE',  ( -0.000000000000000000, -1.000000000000000000, -0.000000000000000000 ) ) ;
#3478 = PRODUCT ( 'Evap-top plate', 'Evap-top plate', '', ( #2249 ) ) ;
#3479 = DIRECTION ( 'NONE',  ( 1.000000000000000000, 0.000000000000000000, 0.000000000000000000 ) ) ;
#3480 = CYLINDRICAL_SURFACE ( 'NONE', #2949, 2.125000000000000000 ) ;
#3481 = ADVANCED_FACE ( 'NONE', ( #4006 ), #3327, .T. ) ;
#3482 =( NAMED_UNIT ( * ) SI_UNIT ( $, .STERADIAN. ) SOLID_ANGLE_UNIT ( ) );
#3483 = VERTEX_POINT ( 'NONE', #3966 ) ;
#3484 = DIRECTION ( 'NONE',  ( -0.000000000000000000, -0.000000000000000000, -1.000000000000000000 ) ) ;
#3485 = MECHANICAL_DESIGN_GEOMETRIC_PRESENTATION_REPRESENTATION (  '', ( #2323 ), #3707 ) ;
#3486 = EDGE_CURVE ( 'NONE', #3471, #577, #1141, .T. ) ;
#3487 = SURFACE_STYLE_FILL_AREA ( #3170 ) ;
#3488 = EDGE_LOOP ( 'NONE', ( #2890, #2671 ) ) ;
#3489 = LINE ( 'NONE', #676, #2339 ) ;
#3490 = CARTESIAN_POINT ( 'NONE',  ( 0.000000000000000000, 0.000000000000000000, 0.000000000000000000 ) ) ;
#3491 = FACE_OUTER_BOUND ( 'NONE', #2916, .T. ) ;
#3492 = VERTEX_POINT ( 'NONE', #3277 ) ;
#3493 = VERTEX_POINT ( 'NONE', #1887 ) ;
#3494 = CARTESIAN_POINT ( 'NONE',  ( 2.762480618433564850, 0.000000000000000000, 0.5000000000000000000 ) ) ;
#3495 =( NAMED_UNIT ( * ) SI_UNIT ( $, .STERADIAN. ) SOLID_ANGLE_UNIT ( ) );
#3496 = VERTEX_POINT ( 'NONE', #875 ) ;
#3497 = AXIS2_PLACEMENT_3D ( 'NONE', #3752, #2110, #3046 ) ;
#3498 = DIRECTION ( 'NONE',  ( -0.000000000000000000, -0.000000000000000000, -1.000000000000000000 ) ) ;
#3499 = LINE ( 'NONE', #3846, #1770 ) ;
#3500 = VECTOR ( 'NONE', #3498, 39.37007874015748143 ) ;
#3501 = DIRECTION ( 'NONE',  ( 0.000000000000000000, 1.000000000000000000, 0.000000000000000000 ) ) ;
#3502 = CARTESIAN_POINT ( 'NONE',  ( 0.000000000000000000, 0.000000000000000000, 0.000000000000000000 ) ) ;
#3503 = AXIS2_PLACEMENT_3D ( 'NONE', #4478, #344, #2045 ) ;
#3504 =( CONVERSION_BASED_UNIT ( 'INCH', #2119 ) LENGTH_UNIT ( ) NAMED_UNIT ( #88 ) );
#3505 = EDGE_LOOP ( 'NONE', ( #3575, #480, #83, #3724 ) ) ;
#3506 = COLOUR_RGB ( '',0.7921568627450980005, 0.8196078431372548767, 0.9333333333333333481 ) ;
#3507 = AXIS2_PLACEMENT_3D ( 'NONE', #3666, #902, #571 ) ;
#3508 = DIRECTION ( 'NONE',  ( -0.000000000000000000, -0.000000000000000000, -1.000000000000000000 ) ) ;
#3509 = DIRECTION ( 'NONE',  ( 1.000000000000000000, 0.000000000000000000, 0.000000000000000000 ) ) ;
#3510 = ORIENTED_EDGE ( 'NONE', *, *, #4157, .F. ) ;
#3511 = PLANE ( 'NONE',  #3798 ) ;
#3512 = EDGE_CURVE ( 'NONE', #3961, #1999, #714, .T. ) ;
#3513 = ADVANCED_FACE ( 'NONE', ( #4324 ), #138, .T. ) ;
#3514 = CARTESIAN_POINT ( 'NONE',  ( -1.500000000000000222, -1.500000000000000444, 0.5000000000000000000 ) ) ;
#3515 = ORIENTED_EDGE ( 'NONE', *, *, #2207, .F. ) ;
#3516 = ORIENTED_EDGE ( 'NONE', *, *, #4296, .F. ) ;
#3517 = PRODUCT_DEFINITION_SHAPE ( 'NONE', 'NONE',  #4518 ) ;
#3518 = CYLINDRICAL_SURFACE ( 'NONE', #3190, 0.3799999999999999489 ) ;
#3519 = SHAPE_REPRESENTATION_RELATIONSHIP ( 'NONE' , 'NONE' ,  #2049, #3820 ) ;
#3520 = AXIS2_PLACEMENT_3D ( 'NONE', #228, #248, #1617 ) ;
#3521 = ORIENTED_EDGE ( 'NONE', *, *, #1215, .T. ) ;
#3522 = ORIENTED_EDGE ( 'NONE', *, *, #125, .T. ) ;
#3523 = PRODUCT_DEFINITION ( 'UNKNOWN', '', #1545, #3016 ) ;
#3524 = AXIS2_PLACEMENT_3D ( 'NONE', #2897, #1336, #2167 ) ;
#3525 = DIRECTION ( 'NONE',  ( -0.000000000000000000, -0.000000000000000000, -1.000000000000000000 ) ) ;
#3526 =( CONVERSION_BASED_UNIT ( 'INCH', #1418 ) LENGTH_UNIT ( ) NAMED_UNIT ( #2198 ) );
#3527 = CARTESIAN_POINT ( 'NONE',  ( 0.7071067811865492381, 0.7071067811865481278, 1.749999999999964695 ) ) ;
#3528 = FACE_OUTER_BOUND ( 'NONE', #376, .T. ) ;
#3529 = CARTESIAN_POINT ( 'NONE',  ( 6.306931015608871075E-17, 0.000000000000000000, 0.5150000000000001243 ) ) ;
#3530 = ORIENTED_EDGE ( 'NONE', *, *, #4072, .T. ) ;
#3531 = DIRECTION ( 'NONE',  ( 0.000000000000000000, 0.000000000000000000, 1.000000000000000000 ) ) ;
#3532 = DIRECTION ( 'NONE',  ( 0.000000000000000000, 0.000000000000000000, 1.000000000000000000 ) ) ;
#3533 = APPLICATION_CONTEXT ( 'automotive_design' ) ;
#3534 =( NAMED_UNIT ( * ) PLANE_ANGLE_UNIT ( ) SI_UNIT ( $, .RADIAN. ) );
#3535 = ORIENTED_EDGE ( 'NONE', *, *, #4397, .T. ) ;
#3536 = CYLINDRICAL_SURFACE ( 'NONE', #2996, 0.1249999999999999029 ) ;
#3537 = CARTESIAN_POINT ( 'NONE',  ( 0.000000000000000000, 0.000000000000000000, 0.5000000000000000000 ) ) ;
#3538 = AXIS2_PLACEMENT_3D ( 'NONE', #3342, #1207, #203 ) ;
#3539 = AXIS2_PLACEMENT_3D ( 'NONE', #443, #1394, #1834 ) ;
#3540 = ORIENTED_EDGE ( 'NONE', *, *, #358, .F. ) ;
#3541 = EDGE_CURVE ( 'NONE', #2565, #1780, #3858, .T. ) ;
#3542 = EDGE_CURVE ( 'NONE', #338, #2015, #2484, .T. ) ;
#3543 = CARTESIAN_POINT ( 'NONE',  ( 0.000000000000000000, 0.000000000000000000, 0.5000000000000000000 ) ) ;
#3544 = AXIS2_PLACEMENT_3D ( 'NONE', #1709, #2771, #3720 ) ;
#3545 = ORIENTED_EDGE ( 'NONE', *, *, #2376, .T. ) ;
#3546 = ORIENTED_EDGE ( 'NONE', *, *, #3453, .T. ) ;
#3547 = EDGE_CURVE ( 'NONE', #3248, #4392, #1533, .T. ) ;
#3548 = DIRECTION ( 'NONE',  ( 0.000000000000000000, 0.000000000000000000, -1.000000000000000000 ) ) ;
#3549 =( CONVERSION_BASED_UNIT ( 'INCH', #70 ) LENGTH_UNIT ( ) NAMED_UNIT ( #2557 ) );
#3550 = CARTESIAN_POINT ( 'NONE',  ( -0.9999999999999996669, 1.500000000000000222, 0.5000000000000000000 ) ) ;
#3551 = DIRECTION ( 'NONE',  ( 2.958228394578799525E-31, 6.310887241768105654E-30, -1.000000000000000000 ) ) ;
#3552 = LENGTH_MEASURE_WITH_UNIT ( LENGTH_MEASURE( 0.02539999999999999897 ), #3166 );
#3553 = ORIENTED_EDGE ( 'NONE', *, *, #1326, .T. ) ;
#3554 = DIRECTION ( 'NONE',  ( 0.2181962750586185495, -5.972588900345639098E-16, 0.9759049059977841223 ) ) ;
#3555 = DIRECTION ( 'NONE',  ( 0.000000000000000000, 0.000000000000000000, 1.000000000000000000 ) ) ;
#3556 = CARTESIAN_POINT ( 'NONE',  ( 2.696998797522893732, -0.5979102385652538265, 0.5000000000000000000 ) ) ;
#3557 = PLANE ( 'NONE',  #928 ) ;
#3558 = VERTEX_POINT ( 'NONE', #2649 ) ;
#3559 = CARTESIAN_POINT ( 'NONE',  ( 1.500000000000000222, 0.000000000000000000, 0.000000000000000000 ) ) ;
#3560 = AXIS2_PLACEMENT_3D ( 'NONE', #2832, #769, #4286 ) ;
#3561 = CARTESIAN_POINT ( 'NONE',  ( 0.000000000000000000, 2.981254661859697406E-16, 0.000000000000000000 ) ) ;
#3562 = ORIENTED_EDGE ( 'NONE', *, *, #3936, .T. ) ;
#3563 = CYLINDRICAL_SURFACE ( 'NONE', #3112, 0.3799999999999999489 ) ;
#3564 = DIMENSIONAL_EXPONENTS ( 1.000000000000000000, 0.000000000000000000, 0.000000000000000000, 0.000000000000000000, 0.000000000000000000, 0.000000000000000000, 0.000000000000000000 ) ;
#3565 = ORIENTED_EDGE ( 'NONE', *, *, #2991, .F. ) ;
#3566 = ORIENTED_EDGE ( 'NONE', *, *, #1548, .T. ) ;
#3567 = ADVANCED_FACE ( 'NONE', ( #4031 ), #3804, .T. ) ;
#3568 = ITEM_DEFINED_TRANSFORMATION ( 'NONE', 'NONE', #4319,  #1846 ) ;
#3569 = DIRECTION ( 'NONE',  ( -0.000000000000000000, -0.000000000000000000, -1.000000000000000000 ) ) ;
#3570 = DIRECTION ( 'NONE',  ( 0.000000000000000000, 0.000000000000000000, 1.000000000000000000 ) ) ;
#3571 = CARTESIAN_POINT ( 'NONE',  ( 3.061616997868383141E-16, 0.2500000000000000000, 2.500000000000000000 ) ) ;
#3572 = VERTEX_POINT ( 'NONE', #2699 ) ;
#3573 = ORIENTED_EDGE ( 'NONE', *, *, #3850, .T. ) ;
#3574 =( CONVERSION_BASED_UNIT ( 'INCH', #2772 ) LENGTH_UNIT ( ) NAMED_UNIT ( #4033 ) );
#3575 = ORIENTED_EDGE ( 'NONE', *, *, #297, .F. ) ;
#3576 =( CONVERSION_BASED_UNIT ( 'INCH', #3945 ) LENGTH_UNIT ( ) NAMED_UNIT ( #2905 ) );
#3577 = VERTEX_POINT ( 'NONE', #1306 ) ;
#3578 = CARTESIAN_POINT ( 'NONE',  ( 0.000000000000000000, 0.000000000000000000, 0.5000000000000000000 ) ) ;
#3579 = COLOUR_RGB ( '',0.7921568627450980005, 0.8196078431372548767, 0.9333333333333333481 ) ;
#3580 = VECTOR ( 'NONE', #3508, 39.37007874015748143 ) ;
#3581 = PLANE ( 'NONE',  #2537 ) ;
#3582 = DIRECTION ( 'NONE',  ( -1.000000000000000000, 0.000000000000000000, 0.000000000000000000 ) ) ;
#3583 = VERTEX_POINT ( 'NONE', #966 ) ;
#3584 = ORIENTED_EDGE ( 'NONE', *, *, #415, .F. ) ;
#3585 = EDGE_CURVE ( 'NONE', #259, #3297, #4046, .T. ) ;
#3586 = DIRECTION ( 'NONE',  ( 0.000000000000000000, 0.000000000000000000, -1.000000000000000000 ) ) ;
#3587 = APPLICATION_CONTEXT ( 'automotive_design' ) ;
#3588 = DIMENSIONAL_EXPONENTS ( 1.000000000000000000, 0.000000000000000000, 0.000000000000000000, 0.000000000000000000, 0.000000000000000000, 0.000000000000000000, 0.000000000000000000 ) ;
#3589 = EDGE_CURVE ( 'NONE', #3572, #548, #3077, .T. ) ;
#3590 = CARTESIAN_POINT ( 'NONE',  ( -1.124999999999999556, -1.500000000000000222, 2.000000000000000000 ) ) ;
#3591 = CIRCLE ( 'NONE', #2801, 3.000000000000000444 ) ;
#3592 = DIRECTION ( 'NONE',  ( 0.000000000000000000, 0.000000000000000000, 1.000000000000000000 ) ) ;
#3593 = EDGE_CURVE ( 'NONE', #2482, #36, #4192, .T. ) ;
#3594 = ADVANCED_FACE ( 'NONE', ( #1005 ), #3737, .F. ) ;
#3595 = ORIENTED_EDGE ( 'NONE', *, *, #1385, .T. ) ;
#3596 = VERTEX_POINT ( 'NONE', #280 ) ;
#3597 = APPLICATION_PROTOCOL_DEFINITION ( 'draft international standard', 'automotive_design', 1998, #1161 ) ;
#3598 = EDGE_LOOP ( 'NONE', ( #1577, #2869, #933, #2606 ) ) ;
#3599 = FILL_AREA_STYLE ('',( #3324 ) ) ;
#3600 = ORIENTED_EDGE ( 'NONE', *, *, #1521, .F. ) ;
#3601 = DIRECTION ( 'NONE',  ( -0.000000000000000000, 1.000000000000000000, -0.000000000000000000 ) ) ;
#3602 = ORIENTED_EDGE ( 'NONE', *, *, #72, .F. ) ;
#3603 = PRODUCT_RELATED_PRODUCT_CATEGORY ( 'part', '', ( #1433 ) ) ;
#3604 = LINE ( 'NONE', #1848, #1343 ) ;
#3605 = CARTESIAN_POINT ( 'NONE',  ( -0.9999999999999996669, -1.500000000000000222, 2.000000000000000000 ) ) ;
#3606 =( LENGTH_UNIT ( ) NAMED_UNIT ( * ) SI_UNIT ( $, .METRE. ) );
#3607 = AXIS2_PLACEMENT_3D ( 'NONE', #648, #667, #2370 ) ;
#3608 = EDGE_LOOP ( 'NONE', ( #1593, #4026, #872, #3545 ) ) ;
#3609 = ORIENTED_EDGE ( 'NONE', *, *, #3816, .F. ) ;
#3610 = AXIS2_PLACEMENT_3D ( 'NONE', #847, #531, #4318 ) ;
#3611 = DIRECTION ( 'NONE',  ( 1.000000000000000000, 0.000000000000000000, -0.000000000000000000 ) ) ;
#3612 = MECHANICAL_DESIGN_GEOMETRIC_PRESENTATION_REPRESENTATION (  '', ( #1053 ), #252 ) ;
#3613 = FACE_OUTER_BOUND ( 'NONE', #3088, .T. ) ;
#3614 = DIRECTION ( 'NONE',  ( 0.000000000000000000, 0.000000000000000000, 1.000000000000000000 ) ) ;
#3615 = EDGE_LOOP ( 'NONE', ( #1453, #1362 ) ) ;
#3616 = ORIENTED_EDGE ( 'NONE', *, *, #85, .F. ) ;
#3617 = APPLICATION_PROTOCOL_DEFINITION ( 'draft international standard', 'automotive_design', 1998, #2051 ) ;
#3618 = ORIENTED_EDGE ( 'NONE', *, *, #4271, .F. ) ;
#3619 = VECTOR ( 'NONE', #1825, 39.37007874015748143 ) ;
#3620 = CARTESIAN_POINT ( 'NONE',  ( -1.500000000000000222, -1.500000000000000444, 2.000000000000000000 ) ) ;
#3621 = CARTESIAN_POINT ( 'NONE',  ( -1.500000000000000222, -3.155443620884052126E-30, 0.5000000000000000000 ) ) ;
#3622 = CARTESIAN_POINT ( 'NONE',  ( 2.500000000000000000, 3.061616997868383141E-16, 0.5000000000000000000 ) ) ;
#3623 = VECTOR ( 'NONE', #2262, 39.37007874015748854 ) ;
#3624 = AXIS2_PLACEMENT_3D ( 'NONE', #1681, #1312, #948 ) ;
#3625 = DIRECTION ( 'NONE',  ( 0.000000000000000000, 1.000000000000000000, 0.000000000000000000 ) ) ;
#3626 = CARTESIAN_POINT ( 'NONE',  ( -1.375000000000000222, 1.499999999999999778, 2.000000000000000000 ) ) ;
#3627 = COLOUR_RGB ( '',0.7921568627450980005, 0.8196078431372548767, 0.9333333333333333481 ) ;
#3628 = ORIENTED_EDGE ( 'NONE', *, *, #2691, .F. ) ;
#3629 = ORIENTED_EDGE ( 'NONE', *, *, #884, .T. ) ;
#3630 = DIRECTION ( 'NONE',  ( -0.000000000000000000, -0.000000000000000000, -1.000000000000000000 ) ) ;
#3631 = DIRECTION ( 'NONE',  ( -0.000000000000000000, -1.000000000000000000, -0.000000000000000000 ) ) ;
#3632 = CARTESIAN_POINT ( 'NONE',  ( 0.000000000000000000, 0.2500000000000000000, 0.000000000000000000 ) ) ;
#3633 = EDGE_LOOP ( 'NONE', ( #4287, #436, #3609, #2403 ) ) ;
#3634 = APPLICATION_PROTOCOL_DEFINITION ( 'draft international standard', 'automotive_design', 1998, #1395 ) ;
#3635 = ORIENTED_EDGE ( 'NONE', *, *, #213, .T. ) ;
#3636 = DIRECTION ( 'NONE',  ( -0.000000000000000000, -0.000000000000000000, -1.000000000000000000 ) ) ;
#3637 = SHAPE_REPRESENTATION ( 'Conduit pipe- cond top', ( #1846 ), #2286 ) ;
#3638 = DIRECTION ( 'NONE',  ( 0.000000000000000000, 0.000000000000000000, 1.000000000000000000 ) ) ;
#3639 = CARTESIAN_POINT ( 'NONE',  ( -1.124999999999999556, -1.500000000000000222, 0.5000000000000000000 ) ) ;
#3640 = CIRCLE ( 'NONE', #1518, 2.500000000000000000 ) ;
#3641 = EDGE_CURVE ( 'NONE', #40, #799, #2673, .T. ) ;
#3642 = CARTESIAN_POINT ( 'NONE',  ( 0.000000000000000000, 0.000000000000000000, 0.000000000000000000 ) ) ;
#3643 = AXIS2_PLACEMENT_3D ( 'NONE', #3789, #2404, #655 ) ;
#3644 = FACE_OUTER_BOUND ( 'NONE', #2927, .T. ) ;
#3645 = EDGE_CURVE ( 'NONE', #3062, #3994, #2888, .T. ) ;
#3646 = EDGE_CURVE ( 'NONE', #2774, #2146, #2535, .T. ) ;
#3647 = DIRECTION ( 'NONE',  ( -0.000000000000000000, 1.000000000000000000, -0.000000000000000000 ) ) ;
#3648 = ADVANCED_FACE ( 'NONE', ( #2075 ), #4081, .F. ) ;
#3649 = DIRECTION ( 'NONE',  ( 1.000000000000000000, 0.000000000000000000, 0.000000000000000000 ) ) ;
#3650 = VECTOR ( 'NONE', #3696, 39.37007874015748143 ) ;
#3651 = DIMENSIONAL_EXPONENTS ( 1.000000000000000000, 0.000000000000000000, 0.000000000000000000, 0.000000000000000000, 0.000000000000000000, 0.000000000000000000, 0.000000000000000000 ) ;
#3652 = ORIENTED_EDGE ( 'NONE', *, *, #1443, .F. ) ;
#3653 = ORIENTED_EDGE ( 'NONE', *, *, #1111, .T. ) ;
#3654 = UNCERTAINTY_MEASURE_WITH_UNIT (LENGTH_MEASURE( 1.000000000000000082E-05 ), #2222, 'distance_accuracy_value', 'NONE');
#3655 = DIRECTION ( 'NONE',  ( 1.000000000000000000, 0.000000000000000000, 0.000000000000000000 ) ) ;
#3656 = CARTESIAN_POINT ( 'NONE',  ( 1.000000000000000222, 1.500000000000000444, 2.000000000000000000 ) ) ;
#3657 = PRODUCT_DEFINITION ( 'UNKNOWN', '', #3305, #2334 ) ;
#3658 = DIRECTION ( 'NONE',  ( -0.000000000000000000, -0.000000000000000000, -1.000000000000000000 ) ) ;
#3659 = CARTESIAN_POINT ( 'NONE',  ( 1.199999999999999956, 0.000000000000000000, 0.5000000000000000000 ) ) ;
#3660 = ORIENTED_EDGE ( 'NONE', *, *, #688, .T. ) ;
#3661 = ORIENTED_EDGE ( 'NONE', *, *, #2116, .F. ) ;
#3662 = CYLINDRICAL_SURFACE ( 'NONE', #2719, 0.1299999999999999767 ) ;
#3663 = CIRCLE ( 'NONE', #89, 0.5150000000000027889 ) ;
#3664 = CARTESIAN_POINT ( 'NONE',  ( 2.500000000000000000, 3.061616997868383141E-16, 0.5000000000000000000 ) ) ;
#3665 = ORIENTED_EDGE ( 'NONE', *, *, #3547, .F. ) ;
#3666 = CARTESIAN_POINT ( 'NONE',  ( 0.000000000000000000, 2.981254661859697406E-16, 2.500000000000000000 ) ) ;
#3667 = DIRECTION ( 'NONE',  ( -1.000000000000000000, 0.000000000000000000, 0.000000000000000000 ) ) ;
#3668 = PLANE ( 'NONE',  #336 ) ;
#3669 =( CONVERSION_BASED_UNIT ( 'INCH', #4444 ) LENGTH_UNIT ( ) NAMED_UNIT ( #530 ) );
#3670 = CARTESIAN_POINT ( 'NONE',  ( 0.000000000000000000, 0.09999999999999947820, 0.000000000000000000 ) ) ;
#3671 = ORIENTED_EDGE ( 'NONE', *, *, #2912, .T. ) ;
#3672 = VERTEX_POINT ( 'NONE', #3454 ) ;
#3673 = EDGE_CURVE ( 'NONE', #3672, #4403, #3829, .T. ) ;
#3674 =( REPRESENTATION_RELATIONSHIP ('NONE','NONE', #1896, #2244 ) REPRESENTATION_RELATIONSHIP_WITH_TRANSFORMATION ( #1672 )SHAPE_REPRESENTATION_RELATIONSHIP( ) );
#3675 = EDGE_CURVE ( 'NONE', #2579, #3181, #1266, .T. ) ;
#3676 = AXIS2_PLACEMENT_3D ( 'NONE', #431, #1756, #1737 ) ;
#3677 = DIRECTION ( 'NONE',  ( -0.000000000000000000, -0.000000000000000000, -1.000000000000000000 ) ) ;
#3678 = SHAPE_REPRESENTATION_RELATIONSHIP ( 'NONE' , 'NONE' ,  #814, #4262 ) ;
#3679 = ADVANCED_FACE ( 'NONE', ( #3054 ), #988, .T. ) ;
#3680 = EDGE_CURVE ( 'NONE', #2201, #1980, #1714, .T. ) ;
#3681 = AXIS2_PLACEMENT_3D ( 'NONE', #94, #484, #423 ) ;
#3682 = AXIS2_PLACEMENT_3D ( 'NONE', #1229, #3253, #890 ) ;
#3683 = DIMENSIONAL_EXPONENTS ( 1.000000000000000000, 0.000000000000000000, 0.000000000000000000, 0.000000000000000000, 0.000000000000000000, 0.000000000000000000, 0.000000000000000000 ) ;
#3684 = DIRECTION ( 'NONE',  ( -0.7071067811865466846, -0.7071067811865484609, 3.469446951953612956E-17 ) ) ;
#3685 = CARTESIAN_POINT ( 'NONE',  ( 2.500000000000000000, 3.061616997868383141E-16, 0.000000000000000000 ) ) ;
#3686 = EDGE_LOOP ( 'NONE', ( #128, #2838, #3880, #3261, #2241, #1249 ) ) ;
#3687 = ORIENTED_EDGE ( 'NONE', *, *, #3541, .T. ) ;
#3688 = APPLICATION_PROTOCOL_DEFINITION ( 'draft international standard', 'automotive_design', 1998, #2111 ) ;
#3689 = CARTESIAN_POINT ( 'NONE',  ( 0.5124999999999999556, 3.608886146422715829E-16, 4.000000000000000000 ) ) ;
#3690 = LINE ( 'NONE', #3391, #219 ) ;
#3691 = AXIS2_PLACEMENT_3D ( 'NONE', #2446, #242, #2061 ) ;
#3692 = DIRECTION ( 'NONE',  ( -0.000000000000000000, -0.000000000000000000, -1.000000000000000000 ) ) ;
#3693 = FACE_OUTER_BOUND ( 'NONE', #3505, .T. ) ;
#3694 = AXIS2_PLACEMENT_3D ( 'NONE', #1235, #1258, #3712 ) ;
#3695 = ORIENTED_EDGE ( 'NONE', *, *, #1978, .F. ) ;
#3696 = DIRECTION ( 'NONE',  ( -0.000000000000000000, 1.000000000000000000, -0.000000000000000000 ) ) ;
#3697 = CIRCLE ( 'NONE', #2237, 3.000000000000000444 ) ;
#3698 = FACE_OUTER_BOUND ( 'NONE', #1657, .T. ) ;
#3699 = FACE_OUTER_BOUND ( 'NONE', #3420, .T. ) ;
#3700 = CLOSED_SHELL ( 'NONE', ( #825, #4481, #1868, #3567, #1106, #2349, #915, #3983 ) ) ;
#3701 = CARTESIAN_POINT ( 'NONE',  ( 2.125000000000000000, 5.583629110047823249E-16, 3.500000000000000000 ) ) ;
#3702 = PRODUCT_DEFINITION_CONTEXT ( 'detailed design', #1871, 'design' ) ;
#3703 = ORIENTED_EDGE ( 'NONE', *, *, #1489, .T. ) ;
#3704 = ORIENTED_EDGE ( 'NONE', *, *, #1380, .T. ) ;
#3705 = PLANE ( 'NONE',  #3520 ) ;
#3706 =( NAMED_UNIT ( * ) PLANE_ANGLE_UNIT ( ) SI_UNIT ( $, .RADIAN. ) );
#3707 =( GEOMETRIC_REPRESENTATION_CONTEXT ( 3 ) GLOBAL_UNCERTAINTY_ASSIGNED_CONTEXT ( ( #4334 ) ) GLOBAL_UNIT_ASSIGNED_CONTEXT ( ( #3006, #1512, #469 ) ) REPRESENTATION_CONTEXT ( 'NONE', 'WORKASPACE' ) );
#3708 = DIRECTION ( 'NONE',  ( 0.000000000000000000, 0.000000000000000000, -1.000000000000000000 ) ) ;
#3709 = EDGE_CURVE ( 'NONE', #4077, #1543, #1634, .T. ) ;
#3710 = ORIENTED_EDGE ( 'NONE', *, *, #3729, .T. ) ;
#3711 = APPLICATION_PROTOCOL_DEFINITION ( 'draft international standard', 'automotive_design', 1998, #4061 ) ;
#3712 = DIRECTION ( 'NONE',  ( 1.000000000000000000, 0.000000000000000000, 0.000000000000000000 ) ) ;
#3713 = DIRECTION ( 'NONE',  ( 0.000000000000000000, 0.000000000000000000, -1.000000000000000000 ) ) ;
#3714 = CARTESIAN_POINT ( 'NONE',  ( -0.9999999999999996669, -1.500000000000000222, 0.5000000000000000000 ) ) ;
#3715 = DIRECTION ( 'NONE',  ( 0.000000000000000000, 0.000000000000000000, -1.000000000000000000 ) ) ;
#3716 = ORIENTED_EDGE ( 'NONE', *, *, #1892, .F. ) ;
#3717 = CARTESIAN_POINT ( 'NONE',  ( 0.000000000000000000, 8.699999999999999289, 0.000000000000000000 ) ) ;
#3718 = EDGE_CURVE ( 'NONE', #226, #4113, #1857, .T. ) ;
#3719 = DIRECTION ( 'NONE',  ( 0.000000000000000000, 0.000000000000000000, 1.000000000000000000 ) ) ;
#3720 = DIRECTION ( 'NONE',  ( 0.000000000000000000, -0.000000000000000000, 1.000000000000000000 ) ) ;
#3721 = VECTOR ( 'NONE', #4288, 39.37007874015748143 ) ;
#3722 = CYLINDRICAL_SURFACE ( 'NONE', #1435, 2.500000000000000000 ) ;
#3723 = ORIENTED_EDGE ( 'NONE', *, *, #1833, .T. ) ;
#3724 = ORIENTED_EDGE ( 'NONE', *, *, #3739, .F. ) ;
#3725 = AXIS2_PLACEMENT_3D ( 'NONE', #3093, #2020, #4140 ) ;
#3726 =( NAMED_UNIT ( * ) PLANE_ANGLE_UNIT ( ) SI_UNIT ( $, .RADIAN. ) );
#3727 = MECHANICAL_DESIGN_GEOMETRIC_PRESENTATION_REPRESENTATION (  '', ( #592 ), #1337 ) ;
#3728 = AXIS2_PLACEMENT_3D ( 'NONE', #330, #81, #3532 ) ;
#3729 = EDGE_CURVE ( 'NONE', #435, #4333, #4405, .T. ) ;
#3730 = FACE_OUTER_BOUND ( 'NONE', #3773, .T. ) ;
#3731 = MECHANICAL_DESIGN_GEOMETRIC_PRESENTATION_REPRESENTATION (  '', ( #4456 ), #3082 ) ;
#3732 = PRODUCT ( 'Accumulator tube', 'Accumulator tube', '', ( #562 ) ) ;
#3733 = ORIENTED_EDGE ( 'NONE', *, *, #3400, .F. ) ;
#3734 = SHAPE_DEFINITION_REPRESENTATION ( #742, #814 ) ;
#3735 = EDGE_CURVE ( 'NONE', #1935, #282, #472, .T. ) ;
#3736 = EDGE_CURVE ( 'NONE', #1295, #4300, #3907, .T. ) ;
#3737 = PLANE ( 'NONE',  #3028 ) ;
#3738 = CARTESIAN_POINT ( 'NONE',  ( -1.375000000000000222, 1.499999999999999778, 0.5000000000000000000 ) ) ;
#3739 = EDGE_CURVE ( 'NONE', #1233, #744, #30, .T. ) ;
#3740 = ORIENTED_EDGE ( 'NONE', *, *, #500, .T. ) ;
#3741 = FACE_BOUND ( 'NONE', #3974, .T. ) ;
#3742 = CIRCLE ( 'NONE', #2070, 0.1299999999999999767 ) ;
#3743 = DIRECTION ( 'NONE',  ( -0.000000000000000000, -0.000000000000000000, -1.000000000000000000 ) ) ;
#3744 = AXIS2_PLACEMENT_3D ( 'NONE', #313, #1710, #1379 ) ;
#3745 = DIRECTION ( 'NONE',  ( -1.000000000000000000, 0.000000000000000000, 0.000000000000000000 ) ) ;
#3746 = SHAPE_REPRESENTATION_RELATIONSHIP ( 'NONE' , 'NONE' ,  #1930, #2415 ) ;
#3747 = PLANE ( 'NONE',  #3967 ) ;
#3748 = ORIENTED_EDGE ( 'NONE', *, *, #349, .T. ) ;
#3749 = ORIENTED_EDGE ( 'NONE', *, *, #2983, .T. ) ;
#3750 = PRESENTATION_LAYER_ASSIGNMENT (  '', '', ( #3020 ) ) ;
#3751 = PRODUCT_DEFINITION_FORMATION_WITH_SPECIFIED_SOURCE ( 'ANY', '', #47, .NOT_KNOWN. ) ;
#3752 = CARTESIAN_POINT ( 'NONE',  ( 1.500000000000000222, -1.500000000000000222, 2.000000000000000000 ) ) ;
#3753 = DIRECTION ( 'NONE',  ( 0.000000000000000000, 0.000000000000000000, 1.000000000000000000 ) ) ;
#3754 = ORIENTED_EDGE ( 'NONE', *, *, #3673, .F. ) ;
#3755 = PRODUCT_CONTEXT ( 'NONE', #557, 'mechanical' ) ;
#3756 = VECTOR ( 'NONE', #327, 39.37007874015748143 ) ;
#3757 = AXIS2_PLACEMENT_3D ( 'NONE', #2442, #3825, #3163 ) ;
#3758 = PRESENTATION_STYLE_ASSIGNMENT (( #4080 ) ) ;
#3759 = DIRECTION ( 'NONE',  ( 1.000000000000000000, 0.000000000000000000, 0.000000000000000000 ) ) ;
#3760 = DIRECTION ( 'NONE',  ( 1.000000000000000000, 0.000000000000000000, 0.000000000000000000 ) ) ;
#3761 = VECTOR ( 'NONE', #3332, 39.37007874015748143 ) ;
#3762 =( LENGTH_UNIT ( ) NAMED_UNIT ( * ) SI_UNIT ( $, .METRE. ) );
#3763 = VERTEX_POINT ( 'NONE', #1075 ) ;
#3764 = LINE ( 'NONE', #1264, #3650 ) ;
#3765 = AXIS2_PLACEMENT_3D ( 'NONE', #2593, #3039, #4356 ) ;
#3766 = DIRECTION ( 'NONE',  ( 1.000000000000000000, 0.000000000000000000, 0.000000000000000000 ) ) ;
#3767 = ORIENTED_EDGE ( 'NONE', *, *, #553, .F. ) ;
#3768 = ADVANCED_FACE ( 'NONE', ( #3528 ), #1483, .T. ) ;
#3769 = DIRECTION ( 'NONE',  ( 0.000000000000000000, 1.000000000000000000, -0.000000000000000000 ) ) ;
#3770 = DIRECTION ( 'NONE',  ( 1.000000000000000000, 0.000000000000000000, 0.000000000000000000 ) ) ;
#3771 = DIRECTION ( 'NONE',  ( 1.000000000000000000, 0.000000000000000000, -0.000000000000000000 ) ) ;
#3772 = ORIENTED_EDGE ( 'NONE', *, *, #690, .T. ) ;
#3773 = EDGE_LOOP ( 'NONE', ( #3337, #1688, #3214, #2208 ) ) ;
#3774 = PRODUCT_DEFINITION_SHAPE ( 'NONE', 'NONE',  #4138 ) ;
#3775 = CYLINDRICAL_SURFACE ( 'NONE', #2337, 0.1299999999999999767 ) ;
#3776 = VECTOR ( 'NONE', #3323, 39.37007874015748143 ) ;
#3777 = DIRECTION ( 'NONE',  ( 0.000000000000000000, 0.000000000000000000, -1.000000000000000000 ) ) ;
#3778 = AXIS2_PLACEMENT_3D ( 'NONE', #263, #3743, #240 ) ;
#3779 = UNCERTAINTY_MEASURE_WITH_UNIT (LENGTH_MEASURE( 1.000000000000000082E-05 ), #2332, 'distance_accuracy_value', 'NONE');
#3780 = ITEM_DEFINED_TRANSFORMATION ( 'NONE', 'NONE', #3524,  #1846 ) ;
#3781 = CARTESIAN_POINT ( 'NONE',  ( 1.199999999999999956, 0.000000000000000000, 0.5000000000000000000 ) ) ;
#3782 = PLANE ( 'NONE',  #2597 ) ;
#3783 = LENGTH_MEASURE_WITH_UNIT ( LENGTH_MEASURE( 0.02539999999999999897 ), #924 );
#3784 = VERTEX_POINT ( 'NONE', #2143 ) ;
#3785 = DIRECTION ( 'NONE',  ( 0.000000000000000000, 1.000000000000000000, 0.000000000000000000 ) ) ;
#3786 = CARTESIAN_POINT ( 'NONE',  ( 1.125000000000000222, 1.500000000000000444, 0.5000000000000000000 ) ) ;
#3787 = EDGE_CURVE ( 'NONE', #3150, #3234, #1046, .T. ) ;
#3788 = EDGE_LOOP ( 'NONE', ( #385, #4231 ) ) ;
#3789 = CARTESIAN_POINT ( 'NONE',  ( 0.000000000000000000, 2.981254661859697406E-16, 4.000000000000000000 ) ) ;
#3790 = DIRECTION ( 'NONE',  ( 0.000000000000000000, 0.000000000000000000, 1.000000000000000000 ) ) ;
#3791 = CARTESIAN_POINT ( 'NONE',  ( 7.917735428987702662, 15.11091027170454915, 21.36860807109521687 ) ) ;
#3792 = ORIENTED_EDGE ( 'NONE', *, *, #2203, .T. ) ;
#3793 = ORIENTED_EDGE ( 'NONE', *, *, #1729, .T. ) ;
#3794 = EDGE_CURVE ( 'NONE', #2248, #4392, #2815, .T. ) ;
#3795 = ADVANCED_FACE ( 'NONE', ( #2850 ), #1792, .T. ) ;
#3796 = ADVANCED_FACE ( 'NONE', ( #2117, #2805 ), #2826, .F. ) ;
#3797 = CARTESIAN_POINT ( 'NONE',  ( 2.696998797522893732, -0.5979102385652538265, 0.5000000000000000000 ) ) ;
#3798 = AXIS2_PLACEMENT_3D ( 'NONE', #3527, #1036, #2451 ) ;
#3799 = FACE_OUTER_BOUND ( 'NONE', #4228, .T. ) ;
#3800 = VECTOR ( 'NONE', #1190, 39.37007874015748854 ) ;
#3801 = DIRECTION ( 'NONE',  ( 0.000000000000000000, 1.000000000000000000, -0.000000000000000000 ) ) ;
#3802 = ADVANCED_FACE ( 'NONE', ( #1465 ), #4188, .T. ) ;
#3803 = SURFACE_STYLE_FILL_AREA ( #2778 ) ;
#3804 = CYLINDRICAL_SURFACE ( 'NONE', #2159, 2.500000000000000000 ) ;
#3805 = DIRECTION ( 'NONE',  ( -0.000000000000000000, -0.000000000000000000, -1.000000000000000000 ) ) ;
#3806 = ORIENTED_EDGE ( 'NONE', *, *, #1326, .F. ) ;
#3807 = LINE ( 'NONE', #2124, #3580 ) ;
#3808 = PRODUCT_DEFINITION_SHAPE ( 'NONE', 'NONE',  #1995 ) ;
#3809 = CARTESIAN_POINT ( 'NONE',  ( 0.000000000000000000, 0.000000000000000000, 0.5000000000000000000 ) ) ;
#3810 = ORIENTED_EDGE ( 'NONE', *, *, #17, .T. ) ;
#3811 = DIRECTION ( 'NONE',  ( 0.000000000000000000, 0.000000000000000000, 1.000000000000000000 ) ) ;
#3812 = DIRECTION ( 'NONE',  ( 0.000000000000000000, 1.000000000000000000, 0.000000000000000000 ) ) ;
#3813 = EDGE_LOOP ( 'NONE', ( #4301, #3089, #1041, #504 ) ) ;
#3814 = ORIENTED_EDGE ( 'NONE', *, *, #1693, .F. ) ;
#3815 = DIRECTION ( 'NONE',  ( 1.000000000000000000, 0.000000000000000000, 0.000000000000000000 ) ) ;
#3816 = EDGE_CURVE ( 'NONE', #2764, #2618, #1419, .T. ) ;
#3817 = CIRCLE ( 'NONE', #1851, 0.5150000000000001243 ) ;
#3818 = DIRECTION ( 'NONE',  ( 0.000000000000000000, 0.000000000000000000, 1.000000000000000000 ) ) ;
#3819 = CARTESIAN_POINT ( 'NONE',  ( -4.370956789862821150E-15, 0.1767766952966373095, 1.749999999999964695 ) ) ;
#3820 = ADVANCED_BREP_SHAPE_REPRESENTATION ( '', ( #1803, #1846 ), #891 ) ;
#3821 = FACE_OUTER_BOUND ( 'NONE', #61, .T. ) ;
#3822 = EDGE_CURVE ( 'NONE', #1780, #2565, #1482, .T. ) ;
#3823 = ADVANCED_FACE ( 'NONE', ( #3917 ), #3142, .F. ) ;
#3824 = CARTESIAN_POINT ( 'NONE',  ( 2.632480618433564956, 0.000000000000000000, 0.000000000000000000 ) ) ;
#3825 = DIRECTION ( 'NONE',  ( -0.000000000000000000, -0.000000000000000000, -1.000000000000000000 ) ) ;
#3826 = CYLINDRICAL_SURFACE ( 'NONE', #1193, 0.3799999999999999489 ) ;
#3827 = ADVANCED_BREP_SHAPE_REPRESENTATION ( '', ( #397, #1846 ), #2364 ) ;
#3828 = CIRCLE ( 'NONE', #246, 2.125000000000000000 ) ;
#3829 = CIRCLE ( 'NONE', #247, 2.500000000000000000 ) ;
#3830 = EDGE_LOOP ( 'NONE', ( #3345, #1437 ) ) ;
#3831 = PLANE ( 'NONE',  #1604 ) ;
#3832 = AXIS2_PLACEMENT_3D ( 'NONE', #4145, #3853, #1006 ) ;
#3833 = AXIS2_PLACEMENT_3D ( 'NONE', #483, #3684, #2933 ) ;
#3834 = DIRECTION ( 'NONE',  ( 1.000000000000000000, 0.000000000000000000, 0.000000000000000000 ) ) ;
#3835 = ORIENTED_EDGE ( 'NONE', *, *, #1549, .F. ) ;
#3836 = DIRECTION ( 'NONE',  ( 1.000000000000000000, 0.000000000000000000, 0.000000000000000000 ) ) ;
#3837 = DIRECTION ( 'NONE',  ( -1.000000000000000000, 0.000000000000000000, 0.000000000000000000 ) ) ;
#3838 = DIRECTION ( 'NONE',  ( 0.000000000000000000, 0.000000000000000000, 1.000000000000000000 ) ) ;
#3839 = EDGE_LOOP ( 'NONE', ( #3616, #2540, #2947, #1505 ) ) ;
#3840 = ORIENTED_EDGE ( 'NONE', *, *, #3449, .T. ) ;
#3841 = AXIS2_PLACEMENT_3D ( 'NONE', #3642, #3243, #1869 ) ;
#3842 = DIRECTION ( 'NONE',  ( 1.000000000000000000, 0.000000000000000000, 0.000000000000000000 ) ) ;
#3843 = EDGE_LOOP ( 'NONE', ( #2135, #2637, #1651, #4070 ) ) ;
#3844 = CIRCLE ( 'NONE', #705, 2.500000000000000000 ) ;
#3845 = CARTESIAN_POINT ( 'NONE',  ( 1.625000000000000000, 1.500000000000000222, 0.5000000000000000000 ) ) ;
#3846 = CARTESIAN_POINT ( 'NONE',  ( 0.5100000000000000089, 6.245698675651502318E-17, 4.000000000000000000 ) ) ;
#3847 = CONTEXT_DEPENDENT_SHAPE_REPRESENTATION ( #3915, #3517 ) ;
#3848 = CLOSED_SHELL ( 'NONE', ( #3316, #2929, #3185, #4154, #48, #964, #2032, #210, #2982, #3823, #1583, #445, #2041, #3594, #446, #3402, #882, #3314 ) ) ;
#3849 =( LENGTH_UNIT ( ) NAMED_UNIT ( * ) SI_UNIT ( $, .METRE. ) );
#3850 = EDGE_CURVE ( 'NONE', #489, #1738, #4254, .T. ) ;
#3851 = DIRECTION ( 'NONE',  ( 0.000000000000000000, 0.000000000000000000, 1.000000000000000000 ) ) ;
#3852 = CIRCLE ( 'NONE', #2481, 0.1299999999999999767 ) ;
#3853 = DIRECTION ( 'NONE',  ( 0.000000000000000000, 1.000000000000000000, 0.000000000000000000 ) ) ;
#3854 = EDGE_CURVE ( 'NONE', #226, #659, #786, .T. ) ;
#3855 = ORIENTED_EDGE ( 'NONE', *, *, #3593, .F. ) ;
#3856 = DIRECTION ( 'NONE',  ( 1.000000000000000000, 0.000000000000000000, 0.000000000000000000 ) ) ;
#3857 = DIRECTION ( 'NONE',  ( -0.000000000000000000, 1.000000000000000000, -0.000000000000000000 ) ) ;
#3858 = CIRCLE ( 'NONE', #1880, 0.1249999999999999029 ) ;
#3859 = FACE_OUTER_BOUND ( 'NONE', #2833, .T. ) ;
#3860 = ORIENTED_EDGE ( 'NONE', *, *, #4182, .F. ) ;
#3861 = FACE_OUTER_BOUND ( 'NONE', #3981, .T. ) ;
#3862 = PRODUCT_RELATED_PRODUCT_CATEGORY ( 'part', '', ( #1730 ) ) ;
#3863 = ORIENTED_EDGE ( 'NONE', *, *, #2206, .T. ) ;
#3864 = EDGE_LOOP ( 'NONE', ( #3530, #184, #870, #1070, #781, #618 ) ) ;
#3865 = CARTESIAN_POINT ( 'NONE',  ( 0.000000000000000000, 0.000000000000000000, 4.000000000000000000 ) ) ;
#3866 = ORIENTED_EDGE ( 'NONE', *, *, #3238, .F. ) ;
#3867 = AXIS2_PLACEMENT_3D ( 'NONE', #1001, #1666, #3842 ) ;
#3868 = DIRECTION ( 'NONE',  ( 0.000000000000000000, 0.000000000000000000, 1.000000000000000000 ) ) ;
#3869 = CIRCLE ( 'NONE', #1899, 0.5125000000000000666 ) ;
#3870 = DIRECTION ( 'NONE',  ( -0.000000000000000000, -0.000000000000000000, -1.000000000000000000 ) ) ;
#3871 = CARTESIAN_POINT ( 'NONE',  ( -1.500000000000000222, 0.5150000000000003464, 1.410000000000000364 ) ) ;
#3872 = ORIENTED_EDGE ( 'NONE', *, *, #3242, .F. ) ;
#3873 = CARTESIAN_POINT ( 'NONE',  ( 0.000000000000000000, 8.699999999999999289, 0.000000000000000000 ) ) ;
#3874 = AXIS2_PLACEMENT_3D ( 'NONE', #2607, #852, #3982 ) ;
#3875 = VECTOR ( 'NONE', #7, 39.37007874015748143 ) ;
#3876 = EDGE_CURVE ( 'NONE', #1060, #3295, #3102, .T. ) ;
#3877 = CARTESIAN_POINT ( 'NONE',  ( -1.500000000000000222, -0.5150000000000003464, 0.5000000000000000000 ) ) ;
#3878 = ADVANCED_FACE ( 'NONE', ( #3230 ), #93, .F. ) ;
#3879 = EDGE_CURVE ( 'NONE', #1281, #659, #1789, .T. ) ;
#3880 = ORIENTED_EDGE ( 'NONE', *, *, #3373, .F. ) ;
#3881 = CARTESIAN_POINT ( 'NONE',  ( 0.000000000000000000, 0.000000000000000000, 4.000000000000000000 ) ) ;
#3882 = CIRCLE ( 'NONE', #143, 2.125000000000000000 ) ;
#3883 = EDGE_CURVE ( 'NONE', #2201, #1488, #26, .T. ) ;
#3884 = DIRECTION ( 'NONE',  ( 1.000000000000000000, 0.000000000000000000, 0.000000000000000000 ) ) ;
#3885 = VERTEX_POINT ( 'NONE', #2893 ) ;
#3886 = PRODUCT ( 'Accumulator-top plate', 'Accumulator-top plate', '', ( #3322 ) ) ;
#3887 = LINE ( 'NONE', #779, #4420 ) ;
#3888 = LENGTH_MEASURE_WITH_UNIT ( LENGTH_MEASURE( 0.02539999999999999897 ), #1409 );
#3889 = AXIS2_PLACEMENT_3D ( 'NONE', #437, #3586, #3976 ) ;
#3890 = VERTEX_POINT ( 'NONE', #155 ) ;
#3891 = ORIENTED_EDGE ( 'NONE', *, *, #3446, .T. ) ;
#3892 =( GEOMETRIC_REPRESENTATION_CONTEXT ( 3 ) GLOBAL_UNCERTAINTY_ASSIGNED_CONTEXT ( ( #4141 ) ) GLOBAL_UNIT_ASSIGNED_CONTEXT ( ( #3669, #195, #2283 ) ) REPRESENTATION_CONTEXT ( 'NONE', 'WORKASPACE' ) );
#3893 = DIRECTION ( 'NONE',  ( 0.000000000000000000, 0.000000000000000000, 1.000000000000000000 ) ) ;
#3894 = LINE ( 'NONE', #4503, #1555 ) ;
#3895 = DIRECTION ( 'NONE',  ( 0.000000000000000000, 0.000000000000000000, 1.000000000000000000 ) ) ;
#3896 = CARTESIAN_POINT ( 'NONE',  ( 0.000000000000000000, 0.000000000000000000, -0.5100000000000000089 ) ) ;
#3897 = FILL_AREA_STYLE_COLOUR ( '', #4309 ) ;
#3898 = VERTEX_POINT ( 'NONE', #3341 ) ;
#3899 = DIRECTION ( 'NONE',  ( 0.000000000000000000, -1.000000000000000000, -3.491481338843133355E-15 ) ) ;
#3900 = DIRECTION ( 'NONE',  ( -0.000000000000000000, -0.000000000000000000, -1.000000000000000000 ) ) ;
#3901 = CARTESIAN_POINT ( 'NONE',  ( 2.826998797522894069, -0.5979102385652538265, 0.5000000000000000000 ) ) ;
#3902 = ORIENTED_EDGE ( 'NONE', *, *, #1924, .F. ) ;
#3903 = CARTESIAN_POINT ( 'NONE',  ( -1.500000000000000222, 0.5150000000000003464, 3.250106929510577130E-30 ) ) ;
#3904 = CIRCLE ( 'NONE', #2297, 0.1249999999999999029 ) ;
#3905 = CARTESIAN_POINT ( 'NONE',  ( -0.3799999999999999489, 2.981254661859697406E-16, 4.000000000000000000 ) ) ;
#3906 = AXIS2_PLACEMENT_3D ( 'NONE', #1771, #3805, #3164 ) ;
#3907 = CIRCLE ( 'NONE', #3390, 0.1250000000000000278 ) ;
#3908 = VERTEX_POINT ( 'NONE', #1932 ) ;
#3909 = CARTESIAN_POINT ( 'NONE',  ( -1.233441488821026555, 1.408656585974198405, 0.5000000000000001110 ) ) ;
#3910 = CIRCLE ( 'NONE', #1648, 2.500000000000000000 ) ;
#3911 = ORIENTED_EDGE ( 'NONE', *, *, #2741, .F. ) ;
#3912 = ORIENTED_EDGE ( 'NONE', *, *, #3986, .T. ) ;
#3913 = SHAPE_REPRESENTATION ( 'Evap-top plate', ( #1846 ), #20 ) ;
#3914 = CARTESIAN_POINT ( 'NONE',  ( 0.000000000000000000, 8.699999999999999289, -0.5100000000000000089 ) ) ;
#3915 =( REPRESENTATION_RELATIONSHIP ('NONE','NONE', #1896, #2840 ) REPRESENTATION_RELATIONSHIP_WITH_TRANSFORMATION ( #1442 )SHAPE_REPRESENTATION_RELATIONSHIP( ) );
#3916 = AXIS2_PLACEMENT_3D ( 'NONE', #1025, #2436, #3815 ) ;
#3917 = FACE_OUTER_BOUND ( 'NONE', #3247, .T. ) ;
#3918 = CARTESIAN_POINT ( 'NONE',  ( 0.000000000000000000, 0.000000000000000000, 0.000000000000000000 ) ) ;
#3919 = CARTESIAN_POINT ( 'NONE',  ( 0.000000000000000000, 0.000000000000000000, 0.000000000000000000 ) ) ;
#3920 = ORIENTED_EDGE ( 'NONE', *, *, #1695, .T. ) ;
#3921 = EDGE_LOOP ( 'NONE', ( #2343, #1432 ) ) ;
#3922 = DIRECTION ( 'NONE',  ( -0.5281977675832094654, -2.964691453396109499E-15, 0.8491213802043345860 ) ) ;
#3923 = VERTEX_POINT ( 'NONE', #866 ) ;
#3924 =( CONVERSION_BASED_UNIT ( 'INCH', #120 ) LENGTH_UNIT ( ) NAMED_UNIT ( #441 ) );
#3925 =( LENGTH_UNIT ( ) NAMED_UNIT ( * ) SI_UNIT ( $, .METRE. ) );
#3926 = ORIENTED_EDGE ( 'NONE', *, *, #3044, .T. ) ;
#3927 = FACE_BOUND ( 'NONE', #1318, .T. ) ;
#3928 = AXIS2_PLACEMENT_3D ( 'NONE', #4436, #1285, #258 ) ;
#3929 = CARTESIAN_POINT ( 'NONE',  ( 1.000000000000000222, 1.500000000000000444, 2.000000000000000000 ) ) ;
#3930 = ADVANCED_FACE ( 'NONE', ( #3273, #3318, #1206, #3957, #132, #4337 ), #1165, .T. ) ;
#3931 = CYLINDRICAL_SURFACE ( 'NONE', #261, 0.5150000000000028999 ) ;
#3932 = EDGE_CURVE ( 'NONE', #1248, #2250, #2623, .T. ) ;
#3933 = ORIENTED_EDGE ( 'NONE', *, *, #1205, .T. ) ;
#3934 = ORIENTED_EDGE ( 'NONE', *, *, #1132, .F. ) ;
#3935 = ADVANCED_FACE ( 'NONE', ( #1526, #1573 ), #4023, .F. ) ;
#3936 = EDGE_CURVE ( 'NONE', #4380, #4239, #1124, .T. ) ;
#3937 = FACE_OUTER_BOUND ( 'NONE', #479, .T. ) ;
#3938 = CARTESIAN_POINT ( 'NONE',  ( 1.616533774874506044E-17, 0.09999999999999947820, -0.1320000000000000062 ) ) ;
#3939 = CARTESIAN_POINT ( 'NONE',  ( 0.000000000000000000, 2.981254661859697406E-16, 0.000000000000000000 ) ) ;
#3940 = PRODUCT_RELATED_PRODUCT_CATEGORY ( 'part', '', ( #3196 ) ) ;
#3941 = ORIENTED_EDGE ( 'NONE', *, *, #1753, .T. ) ;
#3942 = APPLICATION_PROTOCOL_DEFINITION ( 'draft international standard', 'automotive_design', 1998, #4462 ) ;
#3943 = ORIENTED_EDGE ( 'NONE', *, *, #783, .F. ) ;
#3944 = DIRECTION ( 'NONE',  ( -0.000000000000000000, -0.000000000000000000, -1.000000000000000000 ) ) ;
#3945 = LENGTH_MEASURE_WITH_UNIT ( LENGTH_MEASURE( 0.02539999999999999897 ), #3925 );
#3946 = VERTEX_POINT ( 'NONE', #1550 ) ;
#3947 = CARTESIAN_POINT ( 'NONE',  ( -2.500000000000000000, 0.000000000000000000, 0.5000000000000000000 ) ) ;
#3948 = STYLED_ITEM ( 'NONE', ( #187 ), #1803 ) ;
#3949 = DIMENSIONAL_EXPONENTS ( 1.000000000000000000, 0.000000000000000000, 0.000000000000000000, 0.000000000000000000, 0.000000000000000000, 0.000000000000000000, 0.000000000000000000 ) ;
#3950 = CIRCLE ( 'NONE', #370, 0.1299999999999999767 ) ;
#3951 = DIRECTION ( 'NONE',  ( 0.000000000000000000, 0.000000000000000000, 1.000000000000000000 ) ) ;
#3952 = DIRECTION ( 'NONE',  ( -1.000000000000000000, 0.000000000000000000, 0.000000000000000000 ) ) ;
#3953 = ORIENTED_EDGE ( 'NONE', *, *, #1500, .T. ) ;
#3954 = ORIENTED_EDGE ( 'NONE', *, *, #415, .T. ) ;
#3955 = AXIS2_PLACEMENT_3D ( 'NONE', #4381, #4021, #3655 ) ;
#3956 = FACE_BOUND ( 'NONE', #1203, .T. ) ;
#3957 = FACE_OUTER_BOUND ( 'NONE', #782, .T. ) ;
#3958 = CIRCLE ( 'NONE', #4316, 0.3799999999999999489 ) ;
#3959 = DIRECTION ( 'NONE',  ( 1.000000000000000000, 0.000000000000000000, 0.000000000000000000 ) ) ;
#3960 = ADVANCED_FACE ( 'NONE', ( #1879 ), #508, .T. ) ;
#3961 = VERTEX_POINT ( 'NONE', #1507 ) ;
#3962 = APPLICATION_PROTOCOL_DEFINITION ( 'draft international standard', 'automotive_design', 1998, #4235 ) ;
#3963 = ORIENTED_EDGE ( 'NONE', *, *, #4450, .F. ) ;
#3964 = CARTESIAN_POINT ( 'NONE',  ( 2.696998797522893732, -0.5979102385652538265, 0.000000000000000000 ) ) ;
#3965 = AXIS2_PLACEMENT_3D ( 'NONE', #4135, #3133, #335 ) ;
#3966 = CARTESIAN_POINT ( 'NONE',  ( 0.000000000000000000, 8.699999999999999289, -0.3799999999999999489 ) ) ;
#3967 = AXIS2_PLACEMENT_3D ( 'NONE', #616, #1316, #3771 ) ;
#3968 = DIRECTION ( 'NONE',  ( -0.000000000000000000, 0.000000000000000000, 1.000000000000000000 ) ) ;
#3969 = CARTESIAN_POINT ( 'NONE',  ( 0.5303300858899108183, 0.7071067811865481278, 1.749999999999999556 ) ) ;
#3970 = FACE_OUTER_BOUND ( 'NONE', #3435, .T. ) ;
#3971 = DIRECTION ( 'NONE',  ( 0.000000000000000000, 0.000000000000000000, 1.000000000000000000 ) ) ;
#3972 = DIRECTION ( 'NONE',  ( 2.958228394578796898E-31, 6.310887241768107055E-30, -1.000000000000000000 ) ) ;
#3973 = VECTOR ( 'NONE', #2490, 39.37007874015748854 ) ;
#3974 = EDGE_LOOP ( 'NONE', ( #2594, #2994 ) ) ;
#3975 = ORIENTED_EDGE ( 'NONE', *, *, #3645, .F. ) ;
#3976 = DIRECTION ( 'NONE',  ( -1.000000000000000000, 0.000000000000000000, -0.000000000000000000 ) ) ;
#3977 = CIRCLE ( 'NONE', #38, 0.5124999999999999556 ) ;
#3978 = CARTESIAN_POINT ( 'NONE',  ( 0.000000000000000000, 2.981254661859697406E-16, 4.500000000000000000 ) ) ;
#3979 = DIRECTION ( 'NONE',  ( 0.000000000000000000, 1.000000000000000000, 6.310887241768107055E-30 ) ) ;
#3980 = EDGE_LOOP ( 'NONE', ( #1129, #971 ) ) ;
#3981 = EDGE_LOOP ( 'NONE', ( #3459, #3584, #4486, #4342 ) ) ;
#3982 = DIRECTION ( 'NONE',  ( 1.000000000000000000, 0.000000000000000000, 0.000000000000000000 ) ) ;
#3983 = ADVANCED_FACE ( 'NONE', ( #2913 ), #4361, .F. ) ;
#3984 = ADVANCED_FACE ( 'NONE', ( #3613 ), #4298, .F. ) ;
#3985 = FACE_OUTER_BOUND ( 'NONE', #991, .T. ) ;
#3986 = EDGE_CURVE ( 'NONE', #3885, #608, #1050, .T. ) ;
#3987 = CARTESIAN_POINT ( 'NONE',  ( -1.233441488821110044, 1.408656585974863429, 0.5000000000000001110 ) ) ;
#3988 = DIRECTION ( 'NONE',  ( -0.000000000000000000, -0.000000000000000000, -1.000000000000000000 ) ) ;
#3989 = CIRCLE ( 'NONE', #491, 0.5150000000000042322 ) ;
#3990 = ADVANCED_FACE ( 'NONE', ( #555 ), #1955, .T. ) ;
#3991 = CARTESIAN_POINT ( 'NONE',  ( 0.000000000000000000, 0.000000000000000000, 0.5150000000000001243 ) ) ;
#3992 = DIRECTION ( 'NONE',  ( -0.000000000000000000, -0.000000000000000000, -1.000000000000000000 ) ) ;
#3993 = CIRCLE ( 'NONE', #4223, 0.5150000000000038991 ) ;
#3994 = VERTEX_POINT ( 'NONE', #2954 ) ;
#3995 = EDGE_LOOP ( 'NONE', ( #1232, #3749, #78, #2963 ) ) ;
#3996 = SURFACE_STYLE_FILL_AREA ( #1251 ) ;
#3997 = CARTESIAN_POINT ( 'NONE',  ( 0.000000000000000000, 2.981254661859697406E-16, 2.500000000000000000 ) ) ;
#3998 = AXIS2_PLACEMENT_3D ( 'NONE', #633, #613, #1732 ) ;
#3999 = DIMENSIONAL_EXPONENTS ( 1.000000000000000000, 0.000000000000000000, 0.000000000000000000, 0.000000000000000000, 0.000000000000000000, 0.000000000000000000, 0.000000000000000000 ) ;
#4000 = DIRECTION ( 'NONE',  ( -0.000000000000000000, -1.000000000000000000, -0.000000000000000000 ) ) ;
#4001 = CARTESIAN_POINT ( 'NONE',  ( 1.375000000000000222, -1.500000000000000222, 0.5000000000000000000 ) ) ;
#4002 = ORIENTED_EDGE ( 'NONE', *, *, #4467, .F. ) ;
#4003 = SHAPE_DEFINITION_REPRESENTATION ( #3155, #1896 ) ;
#4004 = ORIENTED_EDGE ( 'NONE', *, *, #4012, .F. ) ;
#4005 = DIRECTION ( 'NONE',  ( 0.000000000000000000, 0.000000000000000000, 1.000000000000000000 ) ) ;
#4006 = FACE_OUTER_BOUND ( 'NONE', #1019, .T. ) ;
#4007 = DIRECTION ( 'NONE',  ( 0.000000000000000000, 1.000000000000000000, 0.000000000000000000 ) ) ;
#4008 = VERTEX_POINT ( 'NONE', #3938 ) ;
#4009 = ADVANCED_FACE ( 'NONE', ( #805 ), #2204, .T. ) ;
#4010 = FACE_OUTER_BOUND ( 'NONE', #2229, .T. ) ;
#4011 = VECTOR ( 'NONE', #3601, 39.37007874015748143 ) ;
#4012 = EDGE_CURVE ( 'NONE', #1169, #3062, #3292, .T. ) ;
#4013 = DIRECTION ( 'NONE',  ( -0.000000000000000000, -0.000000000000000000, -1.000000000000000000 ) ) ;
#4014 = CIRCLE ( 'NONE', #2501, 0.1299999999999999767 ) ;
#4015 = EDGE_CURVE ( 'NONE', #2373, #1361, #1858, .T. ) ;
#4016 = CARTESIAN_POINT ( 'NONE',  ( 1.500000000000000222, 1.500000000000000222, 2.000000000000000000 ) ) ;
#4017 = DIRECTION ( 'NONE',  ( 0.000000000000000000, -1.000000000000000000, 2.121823684399410571E-15 ) ) ;
#4018 = ORIENTED_EDGE ( 'NONE', *, *, #3212, .F. ) ;
#4019 = ORIENTED_EDGE ( 'NONE', *, *, #3787, .T. ) ;
#4020 = UNCERTAINTY_MEASURE_WITH_UNIT (LENGTH_MEASURE( 1.000000000000000082E-05 ), #864, 'distance_accuracy_value', 'NONE');
#4021 = DIRECTION ( 'NONE',  ( 0.000000000000000000, 0.000000000000000000, 1.000000000000000000 ) ) ;
#4022 =( CONVERSION_BASED_UNIT ( 'INCH', #4047 ) LENGTH_UNIT ( ) NAMED_UNIT ( #569 ) );
#4023 = PLANE ( 'NONE',  #1561 ) ;
#4024 = DIRECTION ( 'NONE',  ( 1.000000000000000000, 0.000000000000000000, 0.000000000000000000 ) ) ;
#4025 = EDGE_LOOP ( 'NONE', ( #1118, #1519, #3025, #831 ) ) ;
#4026 = ORIENTED_EDGE ( 'NONE', *, *, #150, .F. ) ;
#4027 = SHAPE_DEFINITION_REPRESENTATION ( #955, #3913 ) ;
#4028 = ORIENTED_EDGE ( 'NONE', *, *, #2824, .T. ) ;
#4029 = DIRECTION ( 'NONE',  ( -0.000000000000000000, -0.000000000000000000, -1.000000000000000000 ) ) ;
#4030 =( GEOMETRIC_REPRESENTATION_CONTEXT ( 3 ) GLOBAL_UNCERTAINTY_ASSIGNED_CONTEXT ( ( #1227 ) ) GLOBAL_UNIT_ASSIGNED_CONTEXT ( ( #3023, #4360, #3495 ) ) REPRESENTATION_CONTEXT ( 'NONE', 'WORKASPACE' ) );
#4031 = FACE_OUTER_BOUND ( 'NONE', #362, .T. ) ;
#4032 = CARTESIAN_POINT ( 'NONE',  ( 2.503657696024160106, -1.167474757054767664, 0.2500000000000000000 ) ) ;
#4033 = DIMENSIONAL_EXPONENTS ( 1.000000000000000000, 0.000000000000000000, 0.000000000000000000, 0.000000000000000000, 0.000000000000000000, 0.000000000000000000, 0.000000000000000000 ) ;
#4034 = ORIENTED_EDGE ( 'NONE', *, *, #4208, .T. ) ;
#4035 = CARTESIAN_POINT ( 'NONE',  ( 2.696998797522893732, -0.5979102385652538265, 0.5000000000000000000 ) ) ;
#4036 = CARTESIAN_POINT ( 'NONE',  ( -0.8749999999999997780, 1.500000000000000222, 2.000000000000000000 ) ) ;
#4037 = DIRECTION ( 'NONE',  ( -0.000000000000000000, -0.000000000000000000, -1.000000000000000000 ) ) ;
#4038 = DIRECTION ( 'NONE',  ( -1.000000000000000000, 0.000000000000000000, 0.000000000000000000 ) ) ;
#4039 =( LENGTH_UNIT ( ) NAMED_UNIT ( * ) SI_UNIT ( $, .METRE. ) );
#4040 = CARTESIAN_POINT ( 'NONE',  ( -1.500000000000000222, 0.000000000000000000, 0.000000000000000000 ) ) ;
#4041 = ORIENTED_EDGE ( 'NONE', *, *, #4121, .F. ) ;
#4042 = ORIENTED_EDGE ( 'NONE', *, *, #2010, .T. ) ;
#4043 = ADVANCED_FACE ( 'NONE', ( #1596 ), #3000, .T. ) ;
#4044 = ADVANCED_BREP_SHAPE_REPRESENTATION ( '', ( #287, #1846 ), #1403 ) ;
#4045 = AXIS2_PLACEMENT_3D ( 'NONE', #3929, #3470, #337 ) ;
#4046 = CIRCLE ( 'NONE', #3607, 0.5150000000000001243 ) ;
#4047 = LENGTH_MEASURE_WITH_UNIT ( LENGTH_MEASURE( 0.02539999999999999897 ), #4094 );
#4048 = CIRCLE ( 'NONE', #3101, 0.5500000000000000444 ) ;
#4049 = DIRECTION ( 'NONE',  ( 0.7071067811865483499, -0.7071067811865465735, 0.000000000000000000 ) ) ;
#4050 = CARTESIAN_POINT ( 'NONE',  ( 0.000000000000000000, 2.981254661859697406E-16, 0.000000000000000000 ) ) ;
#4051 = ORIENTED_EDGE ( 'NONE', *, *, #2315, .F. ) ;
#4052 = CONTEXT_DEPENDENT_SHAPE_REPRESENTATION ( #1722, #2392 ) ;
#4053 = ORIENTED_EDGE ( 'NONE', *, *, #3256, .T. ) ;
#4054 = DIRECTION ( 'NONE',  ( 1.000000000000000000, 0.000000000000000000, 0.000000000000000000 ) ) ;
#4055 = CIRCLE ( 'NONE', #478, 0.5100000000000000089 ) ;
#4056 = DIRECTION ( 'NONE',  ( 1.000000000000000000, 0.000000000000000000, 0.000000000000000000 ) ) ;
#4057 = FACE_OUTER_BOUND ( 'NONE', #1664, .T. ) ;
#4058 = SURFACE_SIDE_STYLE ('',( #2327 ) ) ;
#4059 = EDGE_LOOP ( 'NONE', ( #1372, #887 ) ) ;
#4060 = FACE_OUTER_BOUND ( 'NONE', #448, .T. ) ;
#4061 = APPLICATION_CONTEXT ( 'automotive_design' ) ;
#4062 = AXIS2_PLACEMENT_3D ( 'NONE', #1153, #2569, #1223 ) ;
#4063 = PRODUCT_DEFINITION_SHAPE ( 'NONE', 'NONE',  #4514 ) ;
#4064 = CARTESIAN_POINT ( 'NONE',  ( 0.7071067811865492381, 0.7071067811865481278, 1.749999999999964695 ) ) ;
#4065 = DIRECTION ( 'NONE',  ( 0.000000000000000000, 0.000000000000000000, 1.000000000000000000 ) ) ;
#4066 = DIRECTION ( 'NONE',  ( 1.000000000000000000, 0.000000000000000000, 0.000000000000000000 ) ) ;
#4067 = ADVANCED_FACE ( 'NONE', ( #3644, #2943 ), #1267, .F. ) ;
#4068 = PRODUCT_DEFINITION_CONTEXT ( 'detailed design', #646, 'design' ) ;
#4069 = ORIENTED_EDGE ( 'NONE', *, *, #911, .F. ) ;
#4070 = ORIENTED_EDGE ( 'NONE', *, *, #3883, .F. ) ;
#4071 = CARTESIAN_POINT ( 'NONE',  ( 0.000000000000000000, 2.981254661859697406E-16, 4.500000000000000000 ) ) ;
#4072 = EDGE_CURVE ( 'NONE', #1361, #3492, #4395, .T. ) ;
#4073 = CIRCLE ( 'NONE', #2034, 0.5150000000000001243 ) ;
#4074 = ADVANCED_FACE ( 'NONE', ( #3970, #4373 ), #1221, .F. ) ;
#4075 = ADVANCED_FACE ( 'NONE', ( #857 ), #3282, .T. ) ;
#4076 = CARTESIAN_POINT ( 'NONE',  ( 0.000000000000000000, 8.699999999999999289, -0.3799999999999999489 ) ) ;
#4077 = VERTEX_POINT ( 'NONE', #572 ) ;
#4078 = CONTEXT_DEPENDENT_SHAPE_REPRESENTATION ( #868, #2761 ) ;
#4079 = DIRECTION ( 'NONE',  ( -0.000000000000000000, -1.000000000000000000, -0.000000000000000000 ) ) ;
#4080 = SURFACE_STYLE_USAGE ( .BOTH. , #2697 ) ;
#4081 = CYLINDRICAL_SURFACE ( 'NONE', #2455, 0.5150000000000001243 ) ;
#4082 = CYLINDRICAL_SURFACE ( 'NONE', #279, 0.5124999999999999556 ) ;
#4083 = EDGE_LOOP ( 'NONE', ( #2877, #91 ) ) ;
#4084 = CARTESIAN_POINT ( 'NONE',  ( -1.233441488821025667, 0.8936565859741897322, -1.456639969244299948 ) ) ;
#4085 = CIRCLE ( 'NONE', #3867, 0.1299999999999999767 ) ;
#4086 = DIRECTION ( 'NONE',  ( -0.000000000000000000, -0.000000000000000000, -1.000000000000000000 ) ) ;
#4087 = PLANE ( 'NONE',  #3037 ) ;
#4088 = AXIS2_PLACEMENT_3D ( 'NONE', #1390, #2800, #2463 ) ;
#4089 = VERTEX_POINT ( 'NONE', #2330 ) ;
#4090 = ORIENTED_EDGE ( 'NONE', *, *, #439, .F. ) ;
#4091 = CLOSED_SHELL ( 'NONE', ( #67, #3011, #4210, #154, #1213, #3123, #2657, #3930, #4267, #1989, #638, #3065, #1788, #3042, #1074 ) ) ;
#4092 = DIRECTION ( 'NONE',  ( -0.000000000000000000, -0.000000000000000000, -1.000000000000000000 ) ) ;
#4093 = AXIS2_PLACEMENT_3D ( 'NONE', #1556, #1492, #2899 ) ;
#4094 =( LENGTH_UNIT ( ) NAMED_UNIT ( * ) SI_UNIT ( $, .METRE. ) );
#4095 = AXIS2_PLACEMENT_3D ( 'NONE', #1103, #3857, #722 ) ;
#4096 = DIRECTION ( 'NONE',  ( 0.000000000000000000, 1.000000000000000000, 0.000000000000000000 ) ) ;
#4097 = ORIENTED_EDGE ( 'NONE', *, *, #3069, .F. ) ;
#4098 = APPLICATION_PROTOCOL_DEFINITION ( 'draft international standard', 'automotive_design', 1998, #1632 ) ;
#4099 = CARTESIAN_POINT ( 'NONE',  ( 0.000000000000000000, 2.981254661859697406E-16, 3.500000000000000000 ) ) ;
#4100 = CARTESIAN_POINT ( 'NONE',  ( 0.000000000000000000, 0.5000000000000000000, 0.000000000000000000 ) ) ;
#4101 = EDGE_CURVE ( 'NONE', #577, #3471, #2459, .T. ) ;
#4102 = PLANE ( 'NONE',  #396 ) ;
#4103 = FILL_AREA_STYLE_COLOUR ( '', #1620 ) ;
#4104 = STYLED_ITEM ( 'NONE', ( #888 ), #434 ) ;
#4105 = ORIENTED_EDGE ( 'NONE', *, *, #3794, .F. ) ;
#4106 = DIRECTION ( 'NONE',  ( -0.000000000000000000, -0.000000000000000000, -1.000000000000000000 ) ) ;
#4107 = CIRCLE ( 'NONE', #4248, 0.1249999999999999029 ) ;
#4108 = CARTESIAN_POINT ( 'NONE',  ( 0.000000000000000000, 0.09999999999999947820, 0.000000000000000000 ) ) ;
#4109 = FACE_BOUND ( 'NONE', #159, .T. ) ;
#4110 = LENGTH_MEASURE_WITH_UNIT ( LENGTH_MEASURE( 0.02539999999999999897 ), #1972 );
#4111 = CARTESIAN_POINT ( 'NONE',  ( -2.500000000000000000, 0.000000000000000000, 0.5000000000000000000 ) ) ;
#4112 = ORIENTED_EDGE ( 'NONE', *, *, #468, .F. ) ;
#4113 = VERTEX_POINT ( 'NONE', #1947 ) ;
#4114 = ORIENTED_EDGE ( 'NONE', *, *, #3212, .T. ) ;
#4115 = SHAPE_REPRESENTATION ( 'Conduit pipe', ( #1846 ), #3302 ) ;
#4116 = LINE ( 'NONE', #2460, #1304 ) ;
#4117 = DIRECTION ( 'NONE',  ( 0.000000000000000000, 0.000000000000000000, 1.000000000000000000 ) ) ;
#4118 = SHAPE_DEFINITION_REPRESENTATION ( #1392, #2867 ) ;
#4119 = AXIS2_PLACEMENT_3D ( 'NONE', #2026, #1098, #1835 ) ;
#4120 = FACE_BOUND ( 'NONE', #1240, .T. ) ;
#4121 = EDGE_CURVE ( 'NONE', #3234, #2565, #2633, .T. ) ;
#4122 = DIRECTION ( 'NONE',  ( 0.000000000000000000, 0.000000000000000000, 1.000000000000000000 ) ) ;
#4123 = DIRECTION ( 'NONE',  ( 0.000000000000000000, -0.000000000000000000, 1.000000000000000000 ) ) ;
#4124 = CARTESIAN_POINT ( 'NONE',  ( 1.500000000000000222, -1.500000000000000222, 2.000000000000000000 ) ) ;
#4125 = ORIENTED_EDGE ( 'NONE', *, *, #1023, .F. ) ;
#4126 = EDGE_CURVE ( 'NONE', #4300, #197, #2281, .T. ) ;
#4127 = CIRCLE ( 'NONE', #1948, 2.500000000000000000 ) ;
#4128 = CARTESIAN_POINT ( 'NONE',  ( -1.233441488821110044, 0.8936565859748580865, 0.000000000000000000 ) ) ;
#4129 = EDGE_CURVE ( 'NONE', #3295, #1060, #474, .T. ) ;
#4130 = ADVANCED_FACE ( 'NONE', ( #1994 ), #520, .T. ) ;
#4131 = CYLINDRICAL_SURFACE ( 'NONE', #1963, 0.5500000000000000444 ) ;
#4132 = VERTEX_POINT ( 'NONE', #3622 ) ;
#4133 = DIRECTION ( 'NONE',  ( -0.000000000000000000, -0.000000000000000000, -1.000000000000000000 ) ) ;
#4134 = CYLINDRICAL_SURFACE ( 'NONE', #3399, 0.5150000000000041211 ) ;
#4135 = CARTESIAN_POINT ( 'NONE',  ( 7.317735428987232282, 27.31091027170447205, 22.76860807109512663 ) ) ;
#4136 = ORIENTED_EDGE ( 'NONE', *, *, #4121, .T. ) ;
#4137 = ORIENTED_EDGE ( 'NONE', *, *, #2794, .F. ) ;
#4138 = PRODUCT_DEFINITION ( 'UNKNOWN', '', #3447, #3702 ) ;
#4139 = FACE_OUTER_BOUND ( 'NONE', #3864, .T. ) ;
#4140 = DIRECTION ( 'NONE',  ( -1.000000000000000000, 0.000000000000000000, 0.000000000000000000 ) ) ;
#4141 = UNCERTAINTY_MEASURE_WITH_UNIT (LENGTH_MEASURE( 1.000000000000000082E-05 ), #3669, 'distance_accuracy_value', 'NONE');
#4142 = CARTESIAN_POINT ( 'NONE',  ( 1.712500000000000133, 6.745164461209593284E-17, 0.5000000000000000000 ) ) ;
#4143 = CARTESIAN_POINT ( 'NONE',  ( 2.633657696024160000, -1.167474757054767664, 0.5000000000000000000 ) ) ;
#4144 =( REPRESENTATION_RELATIONSHIP ('NONE','NONE', #1896, #2401 ) REPRESENTATION_RELATIONSHIP_WITH_TRANSFORMATION ( #3568 )SHAPE_REPRESENTATION_RELATIONSHIP( ) );
#4145 = CARTESIAN_POINT ( 'NONE',  ( 0.000000000000000000, 0.5000000000000000000, 0.000000000000000000 ) ) ;
#4146 = ORIENTED_EDGE ( 'NONE', *, *, #4208, .F. ) ;
#4147 = DIRECTION ( 'NONE',  ( -0.000000000000000000, -0.000000000000000000, -1.000000000000000000 ) ) ;
#4148 = UNCERTAINTY_MEASURE_WITH_UNIT (LENGTH_MEASURE( 1.000000000000000082E-05 ), #265, 'distance_accuracy_value', 'NONE');
#4149 = LINE ( 'NONE', #4468, #3201 ) ;
#4150 = EDGE_LOOP ( 'NONE', ( #925, #3912 ) ) ;
#4151 = CARTESIAN_POINT ( 'NONE',  ( -1.233441488821110044, 0.3786565859748540763, 0.000000000000000000 ) ) ;
#4152 = DIRECTION ( 'NONE',  ( 0.000000000000000000, 0.000000000000000000, 1.000000000000000000 ) ) ;
#4153 = CARTESIAN_POINT ( 'NONE',  ( 7.317735428987217183, 27.31091027170455732, 22.76860807109503426 ) ) ;
#4154 = ADVANCED_FACE ( 'NONE', ( #3376 ), #1174, .T. ) ;
#4155 = ORIENTED_EDGE ( 'NONE', *, *, #4345, .T. ) ;
#4156 = VERTEX_POINT ( 'NONE', #541 ) ;
#4157 = EDGE_CURVE ( 'NONE', #1980, #3890, #2236, .T. ) ;
#4158 = CARTESIAN_POINT ( 'NONE',  ( -1.625000000000000000, -1.500000000000000444, 0.5000000000000000000 ) ) ;
#4159 = AXIS2_PLACEMENT_3D ( 'NONE', #995, #3421, #286 ) ;
#4160 = FACE_OUTER_BOUND ( 'NONE', #2948, .T. ) ;
#4161 = COLOUR_RGB ( '',0.7921568627450980005, 0.8196078431372548767, 0.9333333333333333481 ) ;
#4162 = AXIS2_PLACEMENT_3D ( 'NONE', #2400, #1288, #2375 ) ;
#4163 = FACE_OUTER_BOUND ( 'NONE', #2515, .T. ) ;
#4164 = CARTESIAN_POINT ( 'NONE',  ( 1.500000000000000222, 0.000000000000000000, 0.5000000000000000000 ) ) ;
#4165 = CYLINDRICAL_SURFACE ( 'NONE', #109, 0.5150000000000038991 ) ;
#4166 =( NAMED_UNIT ( * ) PLANE_ANGLE_UNIT ( ) SI_UNIT ( $, .RADIAN. ) );
#4167 = EDGE_LOOP ( 'NONE', ( #901, #2263, #148, #451 ) ) ;
#4168 = DIRECTION ( 'NONE',  ( 0.000000000000000000, 0.000000000000000000, 1.000000000000000000 ) ) ;
#4169 = PRODUCT ( 'Plug', 'Plug', '', ( #2073 ) ) ;
#4170 = DIRECTION ( 'NONE',  ( -1.000000000000000000, 0.000000000000000000, 0.000000000000000000 ) ) ;
#4171 = ORIENTED_EDGE ( 'NONE', *, *, #272, .T. ) ;
#4172 = DIRECTION ( 'NONE',  ( 1.000000000000000000, 0.000000000000000000, 0.000000000000000000 ) ) ;
#4173 = CYLINDRICAL_SURFACE ( 'NONE', #2465, 0.1249999999999999029 ) ;
#4174 = DIRECTION ( 'NONE',  ( -0.000000000000000000, -0.000000000000000000, -1.000000000000000000 ) ) ;
#4175 = VERTEX_POINT ( 'NONE', #1243 ) ;
#4176 = EDGE_LOOP ( 'NONE', ( #4041, #1143, #3926, #862 ) ) ;
#4177 = AXIS2_PLACEMENT_3D ( 'NONE', #3656, #1523, #506 ) ;
#4178 = CARTESIAN_POINT ( 'NONE',  ( 0.000000000000000000, 2.981254661859697406E-16, 0.000000000000000000 ) ) ;
#4179 =( NAMED_UNIT ( * ) SI_UNIT ( $, .STERADIAN. ) SOLID_ANGLE_UNIT ( ) );
#4180 = EDGE_CURVE ( 'NONE', #59, #3004, #907, .T. ) ;
#4181 = ORIENTED_EDGE ( 'NONE', *, *, #1831, .F. ) ;
#4182 = EDGE_CURVE ( 'NONE', #3205, #604, #621, .T. ) ;
#4183 = VECTOR ( 'NONE', #4194, 39.37007874015748143 ) ;
#4184 = FACE_OUTER_BOUND ( 'NONE', #2898, .T. ) ;
#4185 = DIRECTION ( 'NONE',  ( -0.000000000000000000, -0.000000000000000000, -1.000000000000000000 ) ) ;
#4186 = DIRECTION ( 'NONE',  ( 1.000000000000000000, 0.000000000000000000, -0.000000000000000000 ) ) ;
#4187 = FILL_AREA_STYLE_COLOUR ( '', #2454 ) ;
#4188 = PLANE ( 'NONE',  #2952 ) ;
#4189 = DIRECTION ( 'NONE',  ( -1.000000000000000000, 0.000000000000000000, 0.000000000000000000 ) ) ;
#4190 = LINE ( 'NONE', #4256, #2729 ) ;
#4191 = CIRCLE ( 'NONE', #759, 3.000000000000000444 ) ;
#4192 = CIRCLE ( 'NONE', #402, 0.1249999999999999029 ) ;
#4193 = ORIENTED_EDGE ( 'NONE', *, *, #2849, .F. ) ;
#4194 = DIRECTION ( 'NONE',  ( -0.000000000000000000, 1.000000000000000000, -0.000000000000000000 ) ) ;
#4195 = CARTESIAN_POINT ( 'NONE',  ( 0.000000000000000000, 2.981254661859697406E-16, 2.500000000000000000 ) ) ;
#4196 = AXIS2_PLACEMENT_3D ( 'NONE', #880, #4013, #1970 ) ;
#4197 = DIRECTION ( 'NONE',  ( 1.000000000000000000, 0.000000000000000000, -0.000000000000000000 ) ) ;
#4198 = VERTEX_POINT ( 'NONE', #218 ) ;
#4199 = DIRECTION ( 'NONE',  ( 1.000000000000000000, -7.726832965963590075E-16, -1.387778780781442132E-17 ) ) ;
#4200 = PRESENTATION_LAYER_ASSIGNMENT (  '', '', ( #1053 ) ) ;
#4201 = FACE_BOUND ( 'NONE', #44, .T. ) ;
#4202 = ORIENTED_EDGE ( 'NONE', *, *, #2956, .T. ) ;
#4203 = ORIENTED_EDGE ( 'NONE', *, *, #1549, .T. ) ;
#4204 = AXIS2_PLACEMENT_3D ( 'NONE', #1038, #703, #3837 ) ;
#4205 = CARTESIAN_POINT ( 'NONE',  ( 2.500000000000000000, 6.042871659728080054E-16, 0.000000000000000000 ) ) ;
#4206 = SHAPE_REPRESENTATION_RELATIONSHIP ( 'NONE' , 'NONE' ,  #3637, #2422 ) ;
#4207 = ORIENTED_EDGE ( 'NONE', *, *, #1380, .F. ) ;
#4208 = EDGE_CURVE ( 'NONE', #2839, #2648, #192, .T. ) ;
#4209 = CARTESIAN_POINT ( 'NONE',  ( 0.9849999999999999867, 0.000000000000000000, 0.000000000000000000 ) ) ;
#4210 = ADVANCED_FACE ( 'NONE', ( #3698 ), #1611, .F. ) ;
#4211 = PRODUCT_DEFINITION_SHAPE ( 'NONE', 'NONE',  #4508 ) ;
#4212 = EDGE_CURVE ( 'NONE', #1602, #416, #3450, .T. ) ;
#4213 = SURFACE_SIDE_STYLE ('',( #758 ) ) ;
#4214 = AXIS2_PLACEMENT_3D ( 'NONE', #1567, #196, #2636 ) ;
#4215 = CARTESIAN_POINT ( 'NONE',  ( -0.5124999999999999556, 2.981254661859697406E-16, 4.500000000000000000 ) ) ;
#4216 = CIRCLE ( 'NONE', #2694, 2.500000000000000000 ) ;
#4217 = DIRECTION ( 'NONE',  ( 0.000000000000000000, 0.000000000000000000, 1.000000000000000000 ) ) ;
#4218 = ADVANCED_FACE ( 'NONE', ( #2160 ), #689, .F. ) ;
#4219 = FILL_AREA_STYLE ('',( #3897 ) ) ;
#4220 = ORIENTED_EDGE ( 'NONE', *, *, #3646, .T. ) ;
#4221 = CARTESIAN_POINT ( 'NONE',  ( 2.500000000000000000, 6.042871659728080054E-16, 2.500000000000000000 ) ) ;
#4222 = LINE ( 'NONE', #1211, #4451 ) ;
#4223 = AXIS2_PLACEMENT_3D ( 'NONE', #1798, #3197, #2191 ) ;
#4224 = CARTESIAN_POINT ( 'NONE',  ( 1.000000000000000222, -1.500000000000000444, 2.000000000000000000 ) ) ;
#4225 = ORIENTED_EDGE ( 'NONE', *, *, #3263, .T. ) ;
#4226 = PLANE ( 'NONE',  #2126 ) ;
#4227 = DIRECTION ( 'NONE',  ( 1.000000000000000000, 0.000000000000000000, 0.000000000000000000 ) ) ;
#4228 = EDGE_LOOP ( 'NONE', ( #3602, #3240, #3153, #1449 ) ) ;
#4229 = CARTESIAN_POINT ( 'NONE',  ( 1.712499999999999911, 6.276314845630182999E-17, 0.5000000000000000000 ) ) ;
#4230 =( NAMED_UNIT ( * ) SI_UNIT ( $, .STERADIAN. ) SOLID_ANGLE_UNIT ( ) );
#4231 = ORIENTED_EDGE ( 'NONE', *, *, #2042, .T. ) ;
#4232 = ORIENTED_EDGE ( 'NONE', *, *, #2469, .F. ) ;
#4233 = AXIS2_PLACEMENT_3D ( 'NONE', #273, #2757, #2018 ) ;
#4234 = CARTESIAN_POINT ( 'NONE',  ( -1.375000000000000222, -1.500000000000000444, 2.000000000000000000 ) ) ;
#4235 = APPLICATION_CONTEXT ( 'automotive_design' ) ;
#4236 = DIRECTION ( 'NONE',  ( -1.000000000000000000, 0.000000000000000000, 0.000000000000000000 ) ) ;
#4237 = LINE ( 'NONE', #3871, #3462 ) ;
#4238 = CIRCLE ( 'NONE', #2057, 0.3799999999999999489 ) ;
#4239 = VERTEX_POINT ( 'NONE', #1790 ) ;
#4240 = LENGTH_MEASURE_WITH_UNIT ( LENGTH_MEASURE( 0.02539999999999999897 ), #1796 );
#4241 = DIRECTION ( 'NONE',  ( 0.000000000000000000, 0.000000000000000000, 1.000000000000000000 ) ) ;
#4242 = DIRECTION ( 'NONE',  ( 0.000000000000000000, 0.000000000000000000, 1.000000000000000000 ) ) ;
#4243 = EDGE_LOOP ( 'NONE', ( #1461, #878 ) ) ;
#4244 = DIRECTION ( 'NONE',  ( 0.000000000000000000, 0.000000000000000000, 1.000000000000000000 ) ) ;
#4245 = DIRECTION ( 'NONE',  ( 0.000000000000000000, 0.000000000000000000, 1.000000000000000000 ) ) ;
#4246 = ORIENTED_EDGE ( 'NONE', *, *, #3645, .T. ) ;
#4247 = DIRECTION ( 'NONE',  ( -0.000000000000000000, -0.000000000000000000, -1.000000000000000000 ) ) ;
#4248 = AXIS2_PLACEMENT_3D ( 'NONE', #2931, #2556, #1571 ) ;
#4249 = VERTEX_POINT ( 'NONE', #4209 ) ;
#4250 = ORIENTED_EDGE ( 'NONE', *, *, #4292, .F. ) ;
#4251 = AXIS2_PLACEMENT_3D ( 'NONE', #2356, #3235, #206 ) ;
#4252 = DIRECTION ( 'NONE',  ( -1.000000000000000000, 0.000000000000000000, 0.000000000000000000 ) ) ;
#4253 = CONTEXT_DEPENDENT_SHAPE_REPRESENTATION ( #4144, #2065 ) ;
#4254 = LINE ( 'NONE', #1121, #619 ) ;
#4255 = PLANE ( 'NONE',  #1340 ) ;
#4256 = CARTESIAN_POINT ( 'NONE',  ( 0.6875000000000000000, 0.000000000000000000, 0.5000000000000000000 ) ) ;
#4257 = EDGE_LOOP ( 'NONE', ( #3329, #466 ) ) ;
#4258 = EDGE_CURVE ( 'NONE', #4469, #3583, #3591, .T. ) ;
#4259 = VERTEX_POINT ( 'NONE', #1766 ) ;
#4260 =( LENGTH_UNIT ( ) NAMED_UNIT ( * ) SI_UNIT ( $, .METRE. ) );
#4261 = FILL_AREA_STYLE_COLOUR ( '', #1289 ) ;
#4262 = ADVANCED_BREP_SHAPE_REPRESENTATION ( '', ( #434, #1846 ), #2216 ) ;
#4263 = ORIENTED_EDGE ( 'NONE', *, *, #1986, .F. ) ;
#4264 = FACE_OUTER_BOUND ( 'NONE', #2434, .T. ) ;
#4265 = CIRCLE ( 'NONE', #3311, 0.5124999999999999556 ) ;
#4266 = DIMENSIONAL_EXPONENTS ( 1.000000000000000000, 0.000000000000000000, 0.000000000000000000, 0.000000000000000000, 0.000000000000000000, 0.000000000000000000, 0.000000000000000000 ) ;
#4267 = ADVANCED_FACE ( 'NONE', ( #3162, #4163, #420, #1027, #2071 ), #715, .F. ) ;
#4268 = EDGE_CURVE ( 'NONE', #3558, #3596, #2441, .T. ) ;
#4269 = DIRECTION ( 'NONE',  ( 0.000000000000000000, 0.000000000000000000, 1.000000000000000000 ) ) ;
#4270 = AXIS2_PLACEMENT_3D ( 'NONE', #1979, #2601, #2247 ) ;
#4271 = EDGE_CURVE ( 'NONE', #4113, #1281, #1440, .T. ) ;
#4272 = AXIS2_PLACEMENT_3D ( 'NONE', #2050, #3096, #3759 ) ;
#4273 = CARTESIAN_POINT ( 'NONE',  ( 1.500000000000000222, 1.500000000000000222, 2.000000000000000000 ) ) ;
#4274 = VECTOR ( 'NONE', #453, 39.37007874015748143 ) ;
#4275 = ORIENTED_EDGE ( 'NONE', *, *, #15, .T. ) ;
#4276 = EDGE_LOOP ( 'NONE', ( #794, #651 ) ) ;
#4277 = PRODUCT_RELATED_PRODUCT_CATEGORY ( 'part', '', ( #3478 ) ) ;
#4278 = DIRECTION ( 'NONE',  ( -0.000000000000000000, 1.000000000000000000, -0.000000000000000000 ) ) ;
#4279 = VECTOR ( 'NONE', #1268, 39.37007874015748143 ) ;
#4280 = CARTESIAN_POINT ( 'NONE',  ( 0.000000000000000000, 0.000000000000000000, 0.000000000000000000 ) ) ;
#4281 = DIRECTION ( 'NONE',  ( 2.958228394578799525E-31, 6.310887241768105654E-30, -1.000000000000000000 ) ) ;
#4282 = VECTOR ( 'NONE', #3368, 39.37007874015748143 ) ;
#4283 = ORIENTED_EDGE ( 'NONE', *, *, #2257, .T. ) ;
#4284 = ORIENTED_EDGE ( 'NONE', *, *, #2930, .F. ) ;
#4285 = FACE_OUTER_BOUND ( 'NONE', #457, .T. ) ;
#4286 = DIRECTION ( 'NONE',  ( 1.000000000000000000, 7.726832965963313974E-16, -1.387778780781442132E-17 ) ) ;
#4287 = ORIENTED_EDGE ( 'NONE', *, *, #1077, .T. ) ;
#4288 = DIRECTION ( 'NONE',  ( -3.781238829332528715E-16, 2.476382006277284779E-15, 1.000000000000000000 ) ) ;
#4289 = AXIS2_PLACEMENT_3D ( 'NONE', #211, #1558, #4056 ) ;
#4290 = DIRECTION ( 'NONE',  ( 0.000000000000000000, 0.000000000000000000, 1.000000000000000000 ) ) ;
#4291 =( REPRESENTATION_RELATIONSHIP ('NONE','NONE', #1896, #2528 ) REPRESENTATION_RELATIONSHIP_WITH_TRANSFORMATION ( #3432 )SHAPE_REPRESENTATION_RELATIONSHIP( ) );
#4292 = EDGE_CURVE ( 'NONE', #3248, #980, #3742, .T. ) ;
#4293 = DIRECTION ( 'NONE',  ( -3.781238829331807400E-16, 2.476382006277290301E-15, 1.000000000000000000 ) ) ;
#4294 = EDGE_LOOP ( 'NONE', ( #4051, #3521, #588, #4427 ) ) ;
#4295 = VERTEX_POINT ( 'NONE', #320 ) ;
#4296 = EDGE_CURVE ( 'NONE', #98, #3577, #2092, .T. ) ;
#4297 = CARTESIAN_POINT ( 'NONE',  ( -3.000000000000000444, 0.000000000000000000, 0.5000000000000000000 ) ) ;
#4298 = PLANE ( 'NONE',  #3833 ) ;
#4299 = CARTESIAN_POINT ( 'NONE',  ( 2.566998797522893838, -0.5979102385652538265, 0.5000000000000000000 ) ) ;
#4300 = VERTEX_POINT ( 'NONE', #1416 ) ;
#4301 = ORIENTED_EDGE ( 'NONE', *, *, #3709, .T. ) ;
#4302 = EDGE_LOOP ( 'NONE', ( #2781, #359, #617, #1438 ) ) ;
#4303 = AXIS2_PLACEMENT_3D ( 'NONE', #935, #157, #4024 ) ;
#4304 = DIRECTION ( 'NONE',  ( -0.000000000000000000, -0.000000000000000000, -1.000000000000000000 ) ) ;
#4305 = FACE_OUTER_BOUND ( 'NONE', #1843, .T. ) ;
#4306 = CIRCLE ( 'NONE', #3728, 0.1320000000000000062 ) ;
#4307 = LINE ( 'NONE', #2964, #3287 ) ;
#4308 = DIRECTION ( 'NONE',  ( 0.000000000000000000, 0.000000000000000000, 1.000000000000000000 ) ) ;
#4309 = COLOUR_RGB ( '',0.7921568627450980005, 0.8196078431372548767, 0.9333333333333333481 ) ;
#4310 = CARTESIAN_POINT ( 'NONE',  ( -0.5303300858899108183, 0.7071067811865481278, 1.749999999999964695 ) ) ;
#4311 = ORIENTED_EDGE ( 'NONE', *, *, #3263, .F. ) ;
#4312 = ORIENTED_EDGE ( 'NONE', *, *, #3184, .T. ) ;
#4313 =( GEOMETRIC_REPRESENTATION_CONTEXT ( 3 ) GLOBAL_UNCERTAINTY_ASSIGNED_CONTEXT ( ( #4020 ) ) GLOBAL_UNIT_ASSIGNED_CONTEXT ( ( #864, #3726, #3339 ) ) REPRESENTATION_CONTEXT ( 'NONE', 'WORKASPACE' ) );
#4314 = PLANE ( 'NONE',  #4387 ) ;
#4315 = ADVANCED_FACE ( 'NONE', ( #3821 ), #2142, .T. ) ;
#4316 = AXIS2_PLACEMENT_3D ( 'NONE', #3313, #785, #3251 ) ;
#4317 = EDGE_CURVE ( 'NONE', #253, #2410, #3663, .T. ) ;
#4318 = DIRECTION ( 'NONE',  ( 0.000000000000000000, 0.000000000000000000, 1.000000000000000000 ) ) ;
#4319 = AXIS2_PLACEMENT_3D ( 'NONE', #2790, #3899, #2210 ) ;
#4320 = DIRECTION ( 'NONE',  ( 1.000000000000000000, 0.000000000000000000, 0.000000000000000000 ) ) ;
#4321 = ORIENTED_EDGE ( 'NONE', *, *, #1557, .F. ) ;
#4322 = EDGE_LOOP ( 'NONE', ( #3943, #4125, #2572, #429 ) ) ;
#4323 = DIRECTION ( 'NONE',  ( 0.000000000000000000, 0.000000000000000000, 1.000000000000000000 ) ) ;
#4324 = FACE_OUTER_BOUND ( 'NONE', #3387, .T. ) ;
#4325 = DIRECTION ( 'NONE',  ( 0.000000000000000000, 0.000000000000000000, 1.000000000000000000 ) ) ;
#4326 = CARTESIAN_POINT ( 'NONE',  ( 1.125000000000000222, -1.500000000000000444, 2.000000000000000000 ) ) ;
#4327 = STYLED_ITEM ( 'NONE', ( #1369 ), #1913 ) ;
#4328 = DIRECTION ( 'NONE',  ( -1.000000000000000000, 0.000000000000000000, 0.000000000000000000 ) ) ;
#4329 = DIRECTION ( 'NONE',  ( 1.000000000000000000, 0.000000000000000000, 0.000000000000000000 ) ) ;
#4330 = CARTESIAN_POINT ( 'NONE',  ( 1.712500000000000133, 6.745164461209592051E-17, 0.5000000000000000000 ) ) ;
#4331 = VECTOR ( 'NONE', #2643, 39.37007874015748143 ) ;
#4332 = ORIENTED_EDGE ( 'NONE', *, *, #72, .T. ) ;
#4333 = VERTEX_POINT ( 'NONE', #3140 ) ;
#4334 = UNCERTAINTY_MEASURE_WITH_UNIT (LENGTH_MEASURE( 1.000000000000000082E-05 ), #3006, 'distance_accuracy_value', 'NONE');
#4335 = FACE_OUTER_BOUND ( 'NONE', #225, .T. ) ;
#4336 = CIRCLE ( 'NONE', #409, 0.1249999999999999029 ) ;
#4337 = FACE_BOUND ( 'NONE', #1127, .T. ) ;
#4338 = DIRECTION ( 'NONE',  ( -1.000000000000000000, 0.000000000000000000, 0.000000000000000000 ) ) ;
#4339 = EDGE_CURVE ( 'NONE', #4403, #3672, #1538, .T. ) ;
#4340 = EDGE_CURVE ( 'NONE', #3784, #197, #2940, .T. ) ;
#4341 = ORIENTED_EDGE ( 'NONE', *, *, #4484, .T. ) ;
#4342 = ORIENTED_EDGE ( 'NONE', *, *, #3264, .T. ) ;
#4343 = VERTEX_POINT ( 'NONE', #1391 ) ;
#4344 = CARTESIAN_POINT ( 'NONE',  ( 0.000000000000000000, 0.000000000000000000, -2.500000000000000000 ) ) ;
#4345 = EDGE_CURVE ( 'NONE', #435, #2351, #734, .T. ) ;
#4346 = DIRECTION ( 'NONE',  ( -0.000000000000000000, -0.000000000000000000, -1.000000000000000000 ) ) ;
#4347 = DIRECTION ( 'NONE',  ( 0.000000000000000000, 0.000000000000000000, -1.000000000000000000 ) ) ;
#4348 = DIMENSIONAL_EXPONENTS ( 1.000000000000000000, 0.000000000000000000, 0.000000000000000000, 0.000000000000000000, 0.000000000000000000, 0.000000000000000000, 0.000000000000000000 ) ;
#4349 = ORIENTED_EDGE ( 'NONE', *, *, #2467, .T. ) ;
#4350 = DIRECTION ( 'NONE',  ( -0.000000000000000000, -1.000000000000000000, -0.000000000000000000 ) ) ;
#4351 = DIRECTION ( 'NONE',  ( 1.000000000000000000, 0.000000000000000000, -0.000000000000000000 ) ) ;
#4352 = CIRCLE ( 'NONE', #2620, 2.125000000000000000 ) ;
#4353 = AXIS2_PLACEMENT_3D ( 'NONE', #2767, #2704, #3437 ) ;
#4354 = CYLINDRICAL_SURFACE ( 'NONE', #45, 0.1249999999999999029 ) ;
#4355 =( NAMED_UNIT ( * ) SI_UNIT ( $, .STERADIAN. ) SOLID_ANGLE_UNIT ( ) );
#4356 = DIRECTION ( 'NONE',  ( -1.000000000000000000, 0.000000000000000000, 0.000000000000000000 ) ) ;
#4357 = ORIENTED_EDGE ( 'NONE', *, *, #2467, .F. ) ;
#4358 = ORIENTED_EDGE ( 'NONE', *, *, #3264, .F. ) ;
#4359 = DIRECTION ( 'NONE',  ( 1.000000000000000000, 0.000000000000000000, 0.000000000000000000 ) ) ;
#4360 =( NAMED_UNIT ( * ) PLANE_ANGLE_UNIT ( ) SI_UNIT ( $, .RADIAN. ) );
#4361 = CYLINDRICAL_SURFACE ( 'NONE', #1196, 0.5150000000000028999 ) ;
#4362 = DIRECTION ( 'NONE',  ( -0.000000000000000000, -0.000000000000000000, -1.000000000000000000 ) ) ;
#4363 = ORIENTED_EDGE ( 'NONE', *, *, #3585, .F. ) ;
#4364 = ORIENTED_EDGE ( 'NONE', *, *, #1351, .T. ) ;
#4365 = APPLICATION_PROTOCOL_DEFINITION ( 'draft international standard', 'automotive_design', 1998, #1335 ) ;
#4366 = DIRECTION ( 'NONE',  ( -0.000000000000000000, -0.000000000000000000, -1.000000000000000000 ) ) ;
#4367 = DIRECTION ( 'NONE',  ( 0.000000000000000000, 0.000000000000000000, 1.000000000000000000 ) ) ;
#4368 = DIRECTION ( 'NONE',  ( 1.000000000000000000, 0.000000000000000000, 0.000000000000000000 ) ) ;
#4369 = DIRECTION ( 'NONE',  ( -1.000000000000000000, 0.000000000000000000, 0.000000000000000000 ) ) ;
#4370 = VERTEX_POINT ( 'NONE', #2802 ) ;
#4371 = CARTESIAN_POINT ( 'NONE',  ( 6.306931015608871075E-17, 0.2500000000000000000, 0.5150000000000001243 ) ) ;
#4372 = AXIS2_PLACEMENT_3D ( 'NONE', #3578, #452, #60 ) ;
#4373 = FACE_BOUND ( 'NONE', #205, .T. ) ;
#4374 = CIRCLE ( 'NONE', #2783, 0.5125000000000000666 ) ;
#4375 = CARTESIAN_POINT ( 'NONE',  ( 0.5303300858899108183, 0.7071067811865481278, 0.000000000000000000 ) ) ;
#4376 = CARTESIAN_POINT ( 'NONE',  ( 2.015000000000000124, 6.306931015608869843E-17, 0.5000000000000000000 ) ) ;
#4377 = PRODUCT_DEFINITION_CONTEXT ( 'detailed design', #4462, 'design' ) ;
#4378 = DIMENSIONAL_EXPONENTS ( 1.000000000000000000, 0.000000000000000000, 0.000000000000000000, 0.000000000000000000, 0.000000000000000000, 0.000000000000000000, 0.000000000000000000 ) ;
#4379 = ORIENTED_EDGE ( 'NONE', *, *, #4398, .F. ) ;
#4380 = VERTEX_POINT ( 'NONE', #1048 ) ;
#4381 = CARTESIAN_POINT ( 'NONE',  ( 0.000000000000000000, 0.000000000000000000, 0.000000000000000000 ) ) ;
#4382 = CARTESIAN_POINT ( 'NONE',  ( 0.000000000000000000, 0.000000000000000000, 0.000000000000000000 ) ) ;
#4383 = DIRECTION ( 'NONE',  ( 1.000000000000000000, 0.000000000000000000, 0.000000000000000000 ) ) ;
#4384 = VERTEX_POINT ( 'NONE', #2466 ) ;
#4385 = ORIENTED_EDGE ( 'NONE', *, *, #1500, .F. ) ;
#4386 = FACE_OUTER_BOUND ( 'NONE', #2792, .T. ) ;
#4387 = AXIS2_PLACEMENT_3D ( 'NONE', #3997, #1546, #3611 ) ;
#4388 = CARTESIAN_POINT ( 'NONE',  ( 1.500000000000000222, 0.000000000000000000, 0.000000000000000000 ) ) ;
#4389 = CARTESIAN_POINT ( 'NONE',  ( 0.000000000000000000, 0.000000000000000000, 0.000000000000000000 ) ) ;
#4390 = EDGE_CURVE ( 'NONE', #2957, #315, #3499, .T. ) ;
#4391 = FILL_AREA_STYLE ('',( #990 ) ) ;
#4392 = VERTEX_POINT ( 'NONE', #2243 ) ;
#4393 = FACE_BOUND ( 'NONE', #267, .T. ) ;
#4394 = AXIS2_PLACEMENT_3D ( 'NONE', #1677, #3098, #1349 ) ;
#4395 = LINE ( 'NONE', #4064, #693 ) ;
#4396 = DIRECTION ( 'NONE',  ( 1.000000000000000000, 0.000000000000000000, 0.000000000000000000 ) ) ;
#4397 = EDGE_CURVE ( 'NONE', #3961, #2579, #1479, .T. ) ;
#4398 = EDGE_CURVE ( 'NONE', #36, #2482, #4107, .T. ) ;
#4399 = DIRECTION ( 'NONE',  ( -1.000000000000000000, 0.000000000000000000, 0.000000000000000000 ) ) ;
#4400 = ADVANCED_FACE ( 'NONE', ( #2596, #3956 ), #4314, .T. ) ;
#4401 = DIRECTION ( 'NONE',  ( 1.000000000000000000, 0.000000000000000000, 0.000000000000000000 ) ) ;
#4402 = ORIENTED_EDGE ( 'NONE', *, *, #106, .T. ) ;
#4403 = VERTEX_POINT ( 'NONE', #1832 ) ;
#4404 = CIRCLE ( 'NONE', #1633, 0.5150000000000001243 ) ;
#4405 = CIRCLE ( 'NONE', #2302, 2.500000000000000000 ) ;
#4406 = CARTESIAN_POINT ( 'NONE',  ( -1.233441488821026111, 0.8936565859741932849, 0.000000000000000000 ) ) ;
#4407 = PRODUCT_RELATED_PRODUCT_CATEGORY ( 'part', '', ( #2511 ) ) ;
#4408 = AXIS2_PLACEMENT_3D ( 'NONE', #1890, #3012, #4328 ) ;
#4409 = CARTESIAN_POINT ( 'NONE',  ( 1.375000000000000222, 1.500000000000000222, 2.000000000000000000 ) ) ;
#4410 = ORIENTED_EDGE ( 'NONE', *, *, #644, .F. ) ;
#4411 = ITEM_DEFINED_TRANSFORMATION ( 'NONE', 'NONE', #3381,  #1846 ) ;
#4412 = FACE_OUTER_BOUND ( 'NONE', #2016, .T. ) ;
#4413 = LENGTH_MEASURE_WITH_UNIT ( LENGTH_MEASURE( 0.02539999999999999897 ), #1581 );
#4414 = AXIS2_PLACEMENT_3D ( 'NONE', #574, #858, #522 ) ;
#4415 = CARTESIAN_POINT ( 'NONE',  ( 1.000000000000000222, -1.500000000000000444, 2.000000000000000000 ) ) ;
#4416 = CARTESIAN_POINT ( 'NONE',  ( 2.892480618433564743, 1.592040838891558109E-17, 0.5000000000000000000 ) ) ;
#4417 = DIRECTION ( 'NONE',  ( 1.000000000000000000, 0.000000000000000000, 0.000000000000000000 ) ) ;
#4418 = ORIENTED_EDGE ( 'NONE', *, *, #9, .F. ) ;
#4419 = CARTESIAN_POINT ( 'NONE',  ( 0.000000000000000000, 0.09999999999999947820, 0.1320000000000000062 ) ) ;
#4420 = VECTOR ( 'NONE', #3178, 39.37007874015748143 ) ;
#4421 = PRODUCT_DEFINITION_SHAPE ( 'NONE', 'NONE',  #4505 ) ;
#4422 = DIRECTION ( 'NONE',  ( -1.387778780781442132E-17, 1.232595164407827968E-30, -1.000000000000000000 ) ) ;
#4423 = DIRECTION ( 'NONE',  ( -1.000000000000000000, 0.000000000000000000, 0.000000000000000000 ) ) ;
#4424 =( NAMED_UNIT ( * ) SI_UNIT ( $, .STERADIAN. ) SOLID_ANGLE_UNIT ( ) );
#4425 = CARTESIAN_POINT ( 'NONE',  ( 1.530900093385935801, 0.000000000000000000, -1.134877526538481840 ) ) ;
#4426 = ORIENTED_EDGE ( 'NONE', *, *, #2847, .T. ) ;
#4427 = ORIENTED_EDGE ( 'NONE', *, *, #2469, .T. ) ;
#4428 = AXIS2_PLACEMENT_3D ( 'NONE', #2676, #537, #3007 ) ;
#4429 = CARTESIAN_POINT ( 'NONE',  ( 1.375000000000000222, -1.500000000000000222, 2.000000000000000000 ) ) ;
#4430 = AXIS2_PLACEMENT_3D ( 'NONE', #1605, #4304, #2961 ) ;
#4431 = EDGE_CURVE ( 'NONE', #1389, #4089, #1877, .T. ) ;
#4432 = DIRECTION ( 'NONE',  ( -1.000000000000000000, 0.000000000000000000, 0.000000000000000000 ) ) ;
#4433 = EDGE_LOOP ( 'NONE', ( #1623, #183 ) ) ;
#4434 = CONTEXT_DEPENDENT_SHAPE_REPRESENTATION ( #2584, #227 ) ;
#4435 = DIRECTION ( 'NONE',  ( -0.000000000000000000, -1.000000000000000000, -0.000000000000000000 ) ) ;
#4436 = CARTESIAN_POINT ( 'NONE',  ( 0.000000000000000000, 0.000000000000000000, 0.000000000000000000 ) ) ;
#4437 = DIRECTION ( 'NONE',  ( 1.000000000000000000, 0.000000000000000000, 0.000000000000000000 ) ) ;
#4438 = ORIENTED_EDGE ( 'NONE', *, *, #1298, .F. ) ;
#4439 = LINE ( 'NONE', #2724, #1984 ) ;
#4440 = CIRCLE ( 'NONE', #2493, 2.125000000000000000 ) ;
#4441 = DIRECTION ( 'NONE',  ( -0.000000000000000000, -0.000000000000000000, -1.000000000000000000 ) ) ;
#4442 = FACE_OUTER_BOUND ( 'NONE', #2881, .T. ) ;
#4443 = AXIS2_PLACEMENT_3D ( 'NONE', #1376, #2103, #1333 ) ;
#4444 = LENGTH_MEASURE_WITH_UNIT ( LENGTH_MEASURE( 0.02539999999999999897 ), #930 );
#4445 = DIRECTION ( 'NONE',  ( -0.000000000000000000, -0.000000000000000000, -1.000000000000000000 ) ) ;
#4446 = VERTEX_POINT ( 'NONE', #3914 ) ;
#4447 = VERTEX_POINT ( 'NONE', #1506 ) ;
#4448 = VECTOR ( 'NONE', #2319, 39.37007874015748143 ) ;
#4449 = LINE ( 'NONE', #1320, #726 ) ;
#4450 = EDGE_CURVE ( 'NONE', #3923, #2227, #529, .T. ) ;
#4451 = VECTOR ( 'NONE', #2563, 39.37007874015748143 ) ;
#4452 =( NAMED_UNIT ( * ) SI_UNIT ( $, .STERADIAN. ) SOLID_ANGLE_UNIT ( ) );
#4453 = VECTOR ( 'NONE', #3484, 39.37007874015748143 ) ;
#4454 = DIRECTION ( 'NONE',  ( -0.000000000000000000, -1.000000000000000000, -0.000000000000000000 ) ) ;
#4455 = ADVANCED_FACE ( 'NONE', ( #1119 ), #1929, .F. ) ;
#4456 = STYLED_ITEM ( 'NONE', ( #1007 ), #397 ) ;
#4457 = UNCERTAINTY_MEASURE_WITH_UNIT (LENGTH_MEASURE( 1.000000000000000082E-05 ), #3158, 'distance_accuracy_value', 'NONE');
#4458 = ADVANCED_FACE ( 'NONE', ( #3937 ), #3229, .T. ) ;
#4459 = PRODUCT_DEFINITION_SHAPE ( 'NONE', 'NONE',  #3384 ) ;
#4460 = EDGE_CURVE ( 'NONE', #416, #3493, #2951, .T. ) ;
#4461 = DIRECTION ( 'NONE',  ( 0.000000000000000000, 0.000000000000000000, 1.000000000000000000 ) ) ;
#4462 = APPLICATION_CONTEXT ( 'automotive_design' ) ;
#4463 = CARTESIAN_POINT ( 'NONE',  ( -0.5124999999999999556, 2.981254661859697406E-16, 0.000000000000000000 ) ) ;
#4464 =( NAMED_UNIT ( * ) SI_UNIT ( $, .STERADIAN. ) SOLID_ANGLE_UNIT ( ) );
#4465 = VERTEX_POINT ( 'NONE', #2892 ) ;
#4466 = PLANE ( 'NONE',  #2925 ) ;
#4467 = EDGE_CURVE ( 'NONE', #896, #354, #456, .T. ) ;
#4468 = CARTESIAN_POINT ( 'NONE',  ( -3.496765431890256920E-14, 0.000000000000000000, 1.749999999999986455 ) ) ;
#4469 = VERTEX_POINT ( 'NONE', #4297 ) ;
#4470 = LINE ( 'NONE', #1734, #2858 ) ;
#4471 = CARTESIAN_POINT ( 'NONE',  ( -1.233441488821108711, 0.8936565859748495377, -3.456639969244295951 ) ) ;
#4472 = DIRECTION ( 'NONE',  ( -2.332258810014539470E-15, 0.9999999999999998890, 9.143382060091318842E-16 ) ) ;
#4473 = PRODUCT_DEFINITION_FORMATION_WITH_SPECIFIED_SOURCE ( 'ANY', '', #4169, .NOT_KNOWN. ) ;
#4474 = EDGE_LOOP ( 'NONE', ( #464, #2322 ) ) ;
#4475 = ORIENTED_EDGE ( 'NONE', *, *, #1986, .T. ) ;
#4476 = CYLINDRICAL_SURFACE ( 'NONE', #131, 0.1299999999999999767 ) ;
#4477 = AXIS2_PLACEMENT_3D ( 'NONE', #1396, #1675, #2443 ) ;
#4478 = CARTESIAN_POINT ( 'NONE',  ( 1.199999999999999956, 4.688496155794079738E-18, 0.5000000000000000000 ) ) ;
#4479 = VECTOR ( 'NONE', #1446, 39.37007874015748143 ) ;
#4480 = SURFACE_STYLE_FILL_AREA ( #2074 ) ;
#4481 = ADVANCED_FACE ( 'NONE', ( #4335 ), #823, .F. ) ;
#4482 = DIRECTION ( 'NONE',  ( 1.000000000000000000, 0.000000000000000000, 0.000000000000000000 ) ) ;
#4483 = CARTESIAN_POINT ( 'NONE',  ( -1.233441488821025667, 0.8936565859741897322, -1.456639969244299948 ) ) ;
#4484 = EDGE_CURVE ( 'NONE', #2410, #253, #3300, .T. ) ;
#4485 =( NAMED_UNIT ( * ) SI_UNIT ( $, .STERADIAN. ) SOLID_ANGLE_UNIT ( ) );
#4486 = ORIENTED_EDGE ( 'NONE', *, *, #4072, .F. ) ;
#4487 = CIRCLE ( 'NONE', #1497, 2.500000000000000000 ) ;
#4488 = CARTESIAN_POINT ( 'NONE',  ( -2.500000000000000000, 2.981254661859697406E-16, 0.000000000000000000 ) ) ;
#4489 = EDGE_CURVE ( 'NONE', #2221, #2028, #2587, .T. ) ;
#4490 = CYLINDRICAL_SURFACE ( 'NONE', #643, 0.1250000000000000278 ) ;
#4491 = EDGE_LOOP ( 'NONE', ( #4019, #4028 ) ) ;
#4492 = CARTESIAN_POINT ( 'NONE',  ( 0.000000000000000000, 2.981254661859697406E-16, 4.000000000000000000 ) ) ;
#4493 = FACE_OUTER_BOUND ( 'NONE', #1382, .T. ) ;
#4494 = DIRECTION ( 'NONE',  ( 0.2202820375306715484, -3.781238829332527236E-16, 0.9754362223853161318 ) ) ;
#4495 = ORIENTED_EDGE ( 'NONE', *, *, #2255, .T. ) ;
#4496 = VERTEX_POINT ( 'NONE', #2536 ) ;
#4497 = PRODUCT ( 'Melter_evaportor_pipe', 'Melter_evaportor_pipe', '', ( #1188 ) ) ;
#4498 = DIRECTION ( 'NONE',  ( 0.000000000000000000, 0.000000000000000000, 1.000000000000000000 ) ) ;
#4499 =( CONVERSION_BASED_UNIT ( 'INCH', #2506 ) LENGTH_UNIT ( ) NAMED_UNIT ( #4378 ) );
#4500 = CARTESIAN_POINT ( 'NONE',  ( 0.000000000000000000, 0.000000000000000000, 0.000000000000000000 ) ) ;
#4501 = AXIS2_PLACEMENT_3D ( 'NONE', #2252, #2650, #189 ) ;
#4502 = DIRECTION ( 'NONE',  ( 1.000000000000000000, 0.000000000000000000, 0.000000000000000000 ) ) ;
#4503 = CARTESIAN_POINT ( 'NONE',  ( 2.632480618433564956, 0.000000000000000000, 0.5000000000000000000 ) ) ;
#4504 = CIRCLE ( 'NONE', #1906, 2.125000000000000000 ) ;
#4505 = NEXT_ASSEMBLY_USAGE_OCCURRENCE ( 'NAUO1', ' ', ' ', #364, #2533, $ ) ;
#4506 = NEXT_ASSEMBLY_USAGE_OCCURRENCE ( 'NAUO2', ' ', ' ', #364, #1222, $ ) ;
#4507 = NEXT_ASSEMBLY_USAGE_OCCURRENCE ( 'NAUO3', ' ', ' ', #364, #1028, $ ) ;
#4508 = NEXT_ASSEMBLY_USAGE_OCCURRENCE ( 'NAUO4', ' ', ' ', #364, #1903, $ ) ;
#4509 = NEXT_ASSEMBLY_USAGE_OCCURRENCE ( 'NAUO5', ' ', ' ', #364, #1764, $ ) ;
#4510 = NEXT_ASSEMBLY_USAGE_OCCURRENCE ( 'NAUO6', ' ', ' ', #364, #1847, $ ) ;
#4511 = NEXT_ASSEMBLY_USAGE_OCCURRENCE ( 'NAUO7', ' ', ' ', #364, #2667, $ ) ;
#4512 = NEXT_ASSEMBLY_USAGE_OCCURRENCE ( 'NAUO8', ' ', ' ', #364, #4138, $ ) ;
#4513 = NEXT_ASSEMBLY_USAGE_OCCURRENCE ( 'NAUO9', ' ', ' ', #364, #699, $ ) ;
#4514 = NEXT_ASSEMBLY_USAGE_OCCURRENCE ( 'NAUO10', ' ', ' ', #364, #1995, $ ) ;
#4515 = NEXT_ASSEMBLY_USAGE_OCCURRENCE ( 'NAUO11', ' ', ' ', #364, #3657, $ ) ;
#4516 = NEXT_ASSEMBLY_USAGE_OCCURRENCE ( 'NAUO12', ' ', ' ', #364, #1028, $ ) ;
#4517 = NEXT_ASSEMBLY_USAGE_OCCURRENCE ( 'NAUO13', ' ', ' ', #364, #3384, $ ) ;
#4518 = NEXT_ASSEMBLY_USAGE_OCCURRENCE ( 'NAUO14', ' ', ' ', #364, #3523, $ ) ;
#4519 = NEXT_ASSEMBLY_USAGE_OCCURRENCE ( 'NAUO15', ' ', ' ', #364, #1365, $ ) ;
#4520 = NEXT_ASSEMBLY_USAGE_OCCURRENCE ( 'NAUO16', ' ', ' ', #364, #2803, $ ) ;
ENDSEC;
END-ISO-10303-21;
